Build started 16/04/2026 4:18:08 PM.
Logging verbosity is set to: Detailed.     0>Terminal Logger was not used because the output is being redirected to a file.
       Process = "C:\Program Files\dotnet\dotnet.exe"
       MSBuild executable path = "C:\Program Files\dotnet\sdk\9.0.304\MSBuild.dll"
       Command line arguments = "C:\Program Files\dotnet\sdk\9.0.304\MSBuild.dll -maxcpucount -verbosity:m -tlp:default=auto -nologo -consoleloggerparameters:Summary -restore:false -verbosity:diag src\SpareParts.Api\SpareParts.Api.csproj -flp:logfile=artifacts\api-build.log -distributedlogger:Microsoft.DotNet.Tools.MSBuild.MSBuildLogger,C:\Program Files\dotnet\sdk\9.0.304\dotnet.dll*Microsoft.DotNet.Tools.MSBuild.MSBuildForwardingLogger,C:\Program Files\dotnet\sdk\9.0.304\dotnet.dll"
       Current directory = "D:\Ralph\SpareParts"
       MSBuild version = "17.14.16+5d8159c5f"
       Based on the Windows registry key LongPathsEnabled, the LongPaths feature is disabled.
       Based on the Windows registry key VerifiedAndReputablePolicyState, SAC state = 0: turned off.
       Assembly loaded during Evaluation: NuGet.Versioning, Version=6.14.0.116, Culture=neutral, PublicKeyToken=31bf3856ad364e35 (location: C:\Program Files\dotnet\sdk\9.0.304\NuGet.Versioning.dll, MVID: ecae64d3-0ef8-4164-9110-1e65ba08bca4, AssemblyLoadContext: Default)
       The SDK "Microsoft.NET.Sdk.Web" was successfully resolved by the "DefaultSdkResolver" resolver to location "C:\Program Files\dotnet\sdk\9.0.304\Sdks\Microsoft.NET.Sdk.Web\Sdk" and version "".
       Assembly loaded during Evaluation: NuGet.Frameworks, Version=6.14.0.116, Culture=neutral, PublicKeyToken=31bf3856ad364e35 (location: C:\Program Files\dotnet\sdk\9.0.304\NuGet.Frameworks.dll, MVID: 6b5909cd-5145-46c4-9595-25461e82c126, AssemblyLoadContext: Assembly.LoadFile(C:\Program Files\dotnet\sdk\9.0.304\NuGet.Frameworks.dll))
       The SDK "Microsoft.NET.Sdk" was successfully resolved by the "DefaultSdkResolver" resolver to location "C:\Program Files\dotnet\sdk\9.0.304\Sdks\Microsoft.NET.Sdk\Sdk" and version "".
       C:\Program Files\dotnet\sdk\9.0.304\Sdks\Microsoft.NET.Sdk\Sdk\Sdk.props(49,11): message : Property 'MSBuildExtensionsPath' with value 'C:\Program Files\dotnet\sdk\9.0.304\' expanded from the environment.
       C:\Program Files\dotnet\sdk\9.0.304\Current\Microsoft.Common.props(60,5): message : Property reassignment: $(MSBuildProjectExtensionsPath)="D:\Ralph\SpareParts\src\SpareParts.Api\obj\" (previous value: "obj\") at C:\Program Files\dotnet\sdk\9.0.304\Current\Microsoft.Common.props (60,5)
       Assembly loaded during Evaluation: System.Threading.Tasks.Parallel, Version=9.0.0.0, Culture=neutral, PublicKeyToken=b03f5f7f11d50a3a (location: C:\Program Files\dotnet\shared\Microsoft.NETCore.App\9.0.8\System.Threading.Tasks.Parallel.dll, MVID: 1af4dee5-e6e2-41b4-8956-d0888b6207d0, AssemblyLoadContext: Default)
       D:\Ralph\SpareParts\src\SpareParts.Api\obj\SpareParts.Api.csproj.nuget.g.props(7,5): message : Property 'USERPROFILE' with value 'C:\Users\r.maalouf' expanded from the environment.
       C:\Program Files\dotnet\sdk\9.0.304\Current\Microsoft.Common.props(84,119): message : Property 'MSBuildUserExtensionsPath' with value 'C:\Users\r.maalouf\AppData\Local\Microsoft\MSBuild' expanded from the environment.
       C:\Program Files\dotnet\sdk\9.0.304\Sdks\Microsoft.NET.Sdk\targets\Microsoft.NET.Sdk.props(90,5): message : Property reassignment: $(AssemblySearchPaths)="{CandidateAssemblyFiles};{HintPathFromItem}" (previous value: "{CandidateAssemblyFiles}") at C:\Program Files\dotnet\sdk\9.0.304\Sdks\Microsoft.NET.Sdk\targets\Microsoft.NET.Sdk.props (90,5)
       C:\Program Files\dotnet\sdk\9.0.304\Sdks\Microsoft.NET.Sdk\targets\Microsoft.NET.Sdk.props(91,5): message : Property reassignment: $(AssemblySearchPaths)="{CandidateAssemblyFiles};{HintPathFromItem};{TargetFrameworkDirectory}" (previous value: "{CandidateAssemblyFiles};{HintPathFromItem}") at C:\Program Files\dotnet\sdk\9.0.304\Sdks\Microsoft.NET.Sdk\targets\Microsoft.NET.Sdk.props (91,5)
       C:\Program Files\dotnet\sdk\9.0.304\Sdks\Microsoft.NET.Sdk\targets\Microsoft.NET.Sdk.props(92,5): message : Property reassignment: $(AssemblySearchPaths)="{CandidateAssemblyFiles};{HintPathFromItem};{TargetFrameworkDirectory};{RawFileName}" (previous value: "{CandidateAssemblyFiles};{HintPathFromItem};{TargetFrameworkDirectory}") at C:\Program Files\dotnet\sdk\9.0.304\Sdks\Microsoft.NET.Sdk\targets\Microsoft.NET.Sdk.props (92,5)
       The "DefaultSdkResolver" resolver attempted to resolve the SDK "Microsoft.NET.SDK.WorkloadAutoImportPropsLocator".
       Warnings: null
       Errors: MSB4276: The default SDK resolver failed to resolve SDK "Microsoft.NET.SDK.WorkloadAutoImportPropsLocator" because directory "C:\Program Files\dotnet\sdk\9.0.304\Sdks\Microsoft.NET.SDK.WorkloadAutoImportPropsLocator\Sdk" did not exist.
       Assembly loaded during Evaluation: NuGet.Packaging, Version=6.14.0.116, Culture=neutral, PublicKeyToken=31bf3856ad364e35 (location: C:\Program Files\dotnet\sdk\9.0.304\NuGet.Packaging.dll, MVID: cdc50a13-9777-4bbf-997e-763beae18a61, AssemblyLoadContext: Default)
       Assembly loaded during Evaluation: Microsoft.Build.NuGetSdkResolver, Version=6.14.0.116, Culture=neutral, PublicKeyToken=31bf3856ad364e35 (location: C:\Program Files\dotnet\sdk\9.0.304\Microsoft.Build.NuGetSdkResolver.dll, MVID: ee5cca45-a90e-417e-aaf7-f0e96f222226, AssemblyLoadContext: MSBuild plugin C:\Program Files\dotnet\sdk\9.0.304\Microsoft.Build.NuGetSdkResolver.dll)
       Assembly loaded during Evaluation: NuGet.Common, Version=6.14.0.116, Culture=neutral, PublicKeyToken=31bf3856ad364e35 (location: C:\Program Files\dotnet\sdk\9.0.304\NuGet.Common.dll, MVID: 0fbb79ae-e358-4591-bc91-e34371a3d05b, AssemblyLoadContext: MSBuild plugin C:\Program Files\dotnet\sdk\9.0.304\Microsoft.Build.NuGetSdkResolver.dll)
       Assembly loaded during Evaluation: Microsoft.NET.Sdk.WorkloadMSBuildSdkResolver, Version=9.0.304.0, Culture=neutral, PublicKeyToken=31bf3856ad364e35 (location: C:\Program Files\dotnet\sdk\9.0.304\Microsoft.NET.Sdk.WorkloadMSBuildSdkResolver.dll, MVID: dfdd5c1a-5060-4680-9639-77b3556ef1bf, AssemblyLoadContext: MSBuild plugin C:\Program Files\dotnet\sdk\9.0.304\Microsoft.NET.Sdk.WorkloadMSBuildSdkResolver.dll)
       Assembly loaded during Evaluation: Microsoft.DotNet.Cli.Utils, Version=9.0.304.0, Culture=neutral, PublicKeyToken=adb9793829ddae60 (location: C:\Program Files\dotnet\sdk\9.0.304\Microsoft.DotNet.Cli.Utils.dll, MVID: 5071ae22-7291-48bf-8ac1-4379ce6129aa, AssemblyLoadContext: MSBuild plugin C:\Program Files\dotnet\sdk\9.0.304\Microsoft.NET.Sdk.WorkloadMSBuildSdkResolver.dll)
       Assembly loaded during Evaluation: Microsoft.NET.Sdk.WorkloadManifestReader, Version=9.0.304.0, Culture=neutral, PublicKeyToken=adb9793829ddae60 (location: C:\Program Files\dotnet\sdk\9.0.304\Microsoft.NET.Sdk.WorkloadManifestReader.dll, MVID: 6795db4c-5bdb-415d-8726-5b9c311aabae, AssemblyLoadContext: MSBuild plugin C:\Program Files\dotnet\sdk\9.0.304\Microsoft.NET.Sdk.WorkloadMSBuildSdkResolver.dll)
       Assembly loaded during Evaluation: Microsoft.Deployment.DotNet.Releases, Version=2.0.0.0, Culture=neutral, PublicKeyToken=31bf3856ad364e35 (location: C:\Program Files\dotnet\sdk\9.0.304\Microsoft.Deployment.DotNet.Releases.dll, MVID: 400d16c0-099c-46d2-bc0e-802a0637399b, AssemblyLoadContext: MSBuild plugin C:\Program Files\dotnet\sdk\9.0.304\Microsoft.NET.Sdk.WorkloadMSBuildSdkResolver.dll)
       Assembly loaded during Evaluation: System.Net.Sockets, Version=9.0.0.0, Culture=neutral, PublicKeyToken=b03f5f7f11d50a3a (location: C:\Program Files\dotnet\shared\Microsoft.NETCore.App\9.0.8\System.Net.Sockets.dll, MVID: 61e24c92-881c-4511-af71-0400dda403a7, AssemblyLoadContext: Default)
       Assembly loaded during Evaluation: System.Threading.Overlapped, Version=9.0.0.0, Culture=neutral, PublicKeyToken=b03f5f7f11d50a3a (location: C:\Program Files\dotnet\shared\Microsoft.NETCore.App\9.0.8\System.Threading.Overlapped.dll, MVID: 5c0d6938-d673-4597-8f50-bcdc6544dc47, AssemblyLoadContext: Default)
       Assembly loaded during Evaluation: System.Runtime.Intrinsics, Version=9.0.0.0, Culture=neutral, PublicKeyToken=cc7b13ffcd2ddd51 (location: C:\Program Files\dotnet\shared\Microsoft.NETCore.App\9.0.8\System.Runtime.Intrinsics.dll, MVID: 78232cca-8a3c-4db0-8300-474025004d32, AssemblyLoadContext: Default)
       The SDK "Microsoft.NET.SDK.WorkloadAutoImportPropsLocator" was successfully resolved by the "Microsoft.DotNet.MSBuildWorkloadSdkResolver" resolver to location "null" and version "null".
       C:\Program Files\dotnet\sdk\9.0.304\Sdks\Microsoft.NET.Sdk\targets\Microsoft.NET.PackProjectTool.props(15,5): message : Property reassignment: $(TargetsForTfmSpecificContentInPackage)=";PackTool;_PackProjectToolValidation" (previous value: ";PackTool") at C:\Program Files\dotnet\sdk\9.0.304\Sdks\Microsoft.NET.Sdk\targets\Microsoft.NET.PackProjectTool.props (15,5)
       The SDK "Microsoft.NET.Sdk.Razor" was successfully resolved by the "DefaultSdkResolver" resolver to location "C:\Program Files\dotnet\sdk\9.0.304\Sdks\Microsoft.NET.Sdk.Razor\Sdk" and version "".
       The SDK "Microsoft.NET.Sdk.StaticWebAssets" was successfully resolved by the "DefaultSdkResolver" resolver to location "C:\Program Files\dotnet\sdk\9.0.304\Sdks\Microsoft.NET.Sdk.StaticWebAssets\Sdk" and version "".
       C:\Program Files\dotnet\sdk\9.0.304\Sdks\Microsoft.NET.Sdk.StaticWebAssets\Sdk\Sdk.StaticWebAssets.StaticAssets.ProjectSystem.props(23,5): message : Property reassignment: $(DefaultItemExcludes)=";**\node_modules\**;node_modules\**;**\jspm_packages\**;jspm_packages\**" (previous value: ";**\node_modules\**;node_modules\**") at C:\Program Files\dotnet\sdk\9.0.304\Sdks\Microsoft.NET.Sdk.StaticWebAssets\Sdk\Sdk.StaticWebAssets.StaticAssets.ProjectSystem.props (23,5)
       C:\Program Files\dotnet\sdk\9.0.304\Sdks\Microsoft.NET.Sdk.StaticWebAssets\Sdk\Sdk.StaticWebAssets.StaticAssets.ProjectSystem.props(24,5): message : Property reassignment: $(DefaultItemExcludes)=";**\node_modules\**;node_modules\**;**\jspm_packages\**;jspm_packages\**;**\bower_components\**;bower_components\**" (previous value: ";**\node_modules\**;node_modules\**;**\jspm_packages\**;jspm_packages\**") at C:\Program Files\dotnet\sdk\9.0.304\Sdks\Microsoft.NET.Sdk.StaticWebAssets\Sdk\Sdk.StaticWebAssets.StaticAssets.ProjectSystem.props (24,5)
       C:\Program Files\dotnet\sdk\9.0.304\Sdks\Microsoft.NET.Sdk.StaticWebAssets\Sdk\Sdk.StaticWebAssets.StaticAssets.ProjectSystem.props(25,5): message : Property reassignment: $(DefaultItemExcludes)=";**\node_modules\**;node_modules\**;**\jspm_packages\**;jspm_packages\**;**\bower_components\**;bower_components\**;**\packages.lock.json" (previous value: ";**\node_modules\**;node_modules\**;**\jspm_packages\**;jspm_packages\**;**\bower_components\**;bower_components\**") at C:\Program Files\dotnet\sdk\9.0.304\Sdks\Microsoft.NET.Sdk.StaticWebAssets\Sdk\Sdk.StaticWebAssets.StaticAssets.ProjectSystem.props (25,5)
       The SDK "Microsoft.NET.Sdk.Web.ProjectSystem" was successfully resolved by the "DefaultSdkResolver" resolver to location "C:\Program Files\dotnet\sdk\9.0.304\Sdks\Microsoft.NET.Sdk.Web.ProjectSystem\Sdk" and version "".
       C:\Program Files\dotnet\sdk\9.0.304\Sdks\Microsoft.NET.Sdk.Web.ProjectSystem\targets\Microsoft.NET.Sdk.Web.ProjectSystem.props(16,5): message : Property reassignment: $(OutputType)="Exe" (previous value: "Library") at C:\Program Files\dotnet\sdk\9.0.304\Sdks\Microsoft.NET.Sdk.Web.ProjectSystem\targets\Microsoft.NET.Sdk.Web.ProjectSystem.props (16,5)
       The SDK "Microsoft.NET.Sdk.Publish" was successfully resolved by the "DefaultSdkResolver" resolver to location "C:\Program Files\dotnet\sdk\9.0.304\Sdks\Microsoft.NET.Sdk.Publish\Sdk" and version "".
       C:\Program Files\dotnet\sdk\9.0.304\Sdks\Microsoft.NET.Sdk\targets\Microsoft.NET.Sdk.ImportPublishProfile.targets(28,5): message : Property reassignment: $(PublishProfileImported)="false" (previous value: "true") at C:\Program Files\dotnet\sdk\9.0.304\Sdks\Microsoft.NET.Sdk\targets\Microsoft.NET.Sdk.ImportPublishProfile.targets (28,5)
       C:\Program Files\dotnet\sdk\9.0.304\Sdks\Microsoft.NET.Sdk\targets\Microsoft.NET.TargetFrameworkInference.targets(69,5): message : Property reassignment: $(TargetPlatformVersion)="" (previous value: "0.0") at C:\Program Files\dotnet\sdk\9.0.304\Sdks\Microsoft.NET.Sdk\targets\Microsoft.NET.TargetFrameworkInference.targets (69,5)
       C:\Program Files\dotnet\sdk\9.0.304\Sdks\Microsoft.NET.Sdk\targets\Microsoft.NET.DefaultOutputPaths.targets(121,5): message : Property reassignment: $(DefaultItemExcludes)=";**\node_modules\**;node_modules\**;**\jspm_packages\**;jspm_packages\**;**\bower_components\**;bower_components\**;**\packages.lock.json;bin\Debug\/**" (previous value: ";**\node_modules\**;node_modules\**;**\jspm_packages\**;jspm_packages\**;**\bower_components\**;bower_components\**;**\packages.lock.json") at C:\Program Files\dotnet\sdk\9.0.304\Sdks\Microsoft.NET.Sdk\targets\Microsoft.NET.DefaultOutputPaths.targets (121,5)
       C:\Program Files\dotnet\sdk\9.0.304\Sdks\Microsoft.NET.Sdk\targets\Microsoft.NET.DefaultOutputPaths.targets(122,5): message : Property reassignment: $(DefaultItemExcludes)=";**\node_modules\**;node_modules\**;**\jspm_packages\**;jspm_packages\**;**\bower_components\**;bower_components\**;**\packages.lock.json;bin\Debug\/**;obj\Debug\/**" (previous value: ";**\node_modules\**;node_modules\**;**\jspm_packages\**;jspm_packages\**;**\bower_components\**;bower_components\**;**\packages.lock.json;bin\Debug\/**") at C:\Program Files\dotnet\sdk\9.0.304\Sdks\Microsoft.NET.Sdk\targets\Microsoft.NET.DefaultOutputPaths.targets (122,5)
       C:\Program Files\dotnet\sdk\9.0.304\Sdks\Microsoft.NET.Sdk\targets\Microsoft.NET.DefaultOutputPaths.targets(137,5): message : Property reassignment: $(OutputPath)="bin\Debug\net8.0\" (previous value: "bin\Debug\") at C:\Program Files\dotnet\sdk\9.0.304\Sdks\Microsoft.NET.Sdk\targets\Microsoft.NET.DefaultOutputPaths.targets (137,5)
       C:\Program Files\dotnet\sdk\9.0.304\Sdks\Microsoft.NET.Sdk\targets\Microsoft.NET.DefaultOutputPaths.targets(142,5): message : Property reassignment: $(IntermediateOutputPath)="obj\Debug\net8.0\" (previous value: "obj\Debug\") at C:\Program Files\dotnet\sdk\9.0.304\Sdks\Microsoft.NET.Sdk\targets\Microsoft.NET.DefaultOutputPaths.targets (142,5)
       The "DefaultSdkResolver" resolver attempted to resolve the SDK "Microsoft.NET.SDK.WorkloadManifestTargetsLocator".
       Warnings: null
       Errors: MSB4276: The default SDK resolver failed to resolve SDK "Microsoft.NET.SDK.WorkloadManifestTargetsLocator" because directory "C:\Program Files\dotnet\sdk\9.0.304\Sdks\Microsoft.NET.SDK.WorkloadManifestTargetsLocator\Sdk" did not exist.
       The SDK "Microsoft.NET.SDK.WorkloadManifestTargetsLocator" was successfully resolved by the "Microsoft.DotNet.MSBuildWorkloadSdkResolver" resolver to location "C:\Program Files\dotnet\sdk-manifests\9.0.100\microsoft.net.sdk.android\35.0.78" and version "null".
       C:\Program Files\dotnet\sdk\9.0.304\Sdks\Microsoft.NET.Sdk\targets\Microsoft.NET.Sdk.BeforeCommon.targets(187,5): message : Property reassignment: $(_FrameworkIdentifierForImplicitDefine)="NET" (previous value: "NETCOREAPP") at C:\Program Files\dotnet\sdk\9.0.304\Sdks\Microsoft.NET.Sdk\targets\Microsoft.NET.Sdk.BeforeCommon.targets (187,5)
       C:\Program Files\dotnet\sdk\9.0.304\Sdks\Microsoft.NET.Sdk\targets\Microsoft.NET.Sdk.BeforeCommon.targets(192,5): message : Property reassignment: $(_FrameworkVersionForImplicitDefine)="8_0" (previous value: "8.0") at C:\Program Files\dotnet\sdk\9.0.304\Sdks\Microsoft.NET.Sdk\targets\Microsoft.NET.Sdk.BeforeCommon.targets (192,5)
       C:\Program Files\dotnet\sdk\9.0.304\Roslyn\Microsoft.CSharp.Core.targets(200,5): message : Property reassignment: $(CommandLineArgsForDesignTimeEvaluation)="-langversion:12.0 -define:TRACE" (previous value: "-langversion:12.0") at C:\Program Files\dotnet\sdk\9.0.304\Roslyn\Microsoft.CSharp.Core.targets (200,5)
       Assembly loaded during Evaluation: Microsoft.Build.Utilities.Core, Version=15.1.0.0, Culture=neutral, PublicKeyToken=b03f5f7f11d50a3a (location: C:\Program Files\dotnet\sdk\9.0.304\Microsoft.Build.Utilities.Core.dll, MVID: a80e9bbc-a6fa-45e5-829b-e8cef913666f, AssemblyLoadContext: Default)
       C:\Program Files\dotnet\sdk\9.0.304\Microsoft.Common.CurrentVersion.targets(175,5): message : Property reassignment: $(_DebugSymbolsProduced)="true" (previous value: "false") at C:\Program Files\dotnet\sdk\9.0.304\Microsoft.Common.CurrentVersion.targets (175,5)
       C:\Program Files\dotnet\sdk\9.0.304\Microsoft.Common.CurrentVersion.targets(185,5): message : Property reassignment: $(_DocumentationFileProduced)="false" (previous value: "true") at C:\Program Files\dotnet\sdk\9.0.304\Microsoft.Common.CurrentVersion.targets (185,5)
       C:\Program Files\dotnet\sdk\9.0.304\Microsoft.Common.CurrentVersion.targets(392,5): message : Property reassignment: $(MSBuildCopyMarkerName)="SparePar.C9C4722C" (previous value: "SpareParts.Api.csproj") at C:\Program Files\dotnet\sdk\9.0.304\Microsoft.Common.CurrentVersion.targets (392,5)
       C:\Program Files\dotnet\sdk\9.0.304\Microsoft.Common.CurrentVersion.targets(393,5): message : Property reassignment: $(MSBuildCopyMarkerName)="SparePar.C9C4722C.Up2Date" (previous value: "SparePar.C9C4722C") at C:\Program Files\dotnet\sdk\9.0.304\Microsoft.Common.CurrentVersion.targets (393,5)
       C:\Program Files\dotnet\sdk\9.0.304\Microsoft.Common.CurrentVersion.targets(541,5): message : Property reassignment: $(ProcessorArchitecture)="msil" (previous value: "") at C:\Program Files\dotnet\sdk\9.0.304\Microsoft.Common.CurrentVersion.targets (541,5)
       C:\Program Files\dotnet\sdk\9.0.304\Microsoft.Common.CurrentVersion.targets(580,5): message : Property reassignment: $(DelaySign)="" (previous value: "false") at C:\Program Files\dotnet\sdk\9.0.304\Microsoft.Common.CurrentVersion.targets (580,5)
       C:\Program Files\dotnet\sdk\9.0.304\Microsoft.Common.CurrentVersion.targets(2619,5): message : Property 'LOCALAPPDATA' with value 'C:\Users\r.maalouf\AppData\Local' expanded from the environment.
       C:\Program Files\dotnet\sdk\9.0.304\Microsoft.Common.CurrentVersion.targets(3947,5): message : Property reassignment: $(_SGenGenerateSerializationAssembliesConfig)="Auto" (previous value: "") at C:\Program Files\dotnet\sdk\9.0.304\Microsoft.Common.CurrentVersion.targets (3947,5)
       C:\Program Files\dotnet\sdk\9.0.304\Microsoft.Common.CurrentVersion.targets(3948,5): message : Property reassignment: $(_SGenGenerateSerializationAssembliesConfig)="Off" (previous value: "Auto") at C:\Program Files\dotnet\sdk\9.0.304\Microsoft.Common.CurrentVersion.targets (3948,5)
       C:\Program Files\dotnet\sdk\9.0.304\Microsoft.Common.CurrentVersion.targets(5159,5): message : Property reassignment: $(_TargetsThatPrepareProjectReferences)="
       C:\Program Files\dotnet\sdk\9.0.304\Microsoft.Common.CurrentVersion.targets(5159,5): message :       AssignProjectConfiguration;
       C:\Program Files\dotnet\sdk\9.0.304\Microsoft.Common.CurrentVersion.targets(5159,5): message :       _SplitProjectReferencesByFileExistence
       C:\Program Files\dotnet\sdk\9.0.304\Microsoft.Common.CurrentVersion.targets(5159,5): message :     " (previous value: "_SplitProjectReferencesByFileExistence") at C:\Program Files\dotnet\sdk\9.0.304\Microsoft.Common.CurrentVersion.targets (5159,5)
       C:\Program Files\dotnet\sdk\9.0.304\Microsoft.Common.CurrentVersion.targets(6954,5): message : Property 'MSBuildExtensionsPath32' with value 'C:\Program Files\dotnet\sdk\9.0.304' expanded from the environment.
       C:\Program Files\dotnet\sdk\9.0.304\Sdks\Microsoft.NET.Sdk\targets\Microsoft.PackageDependencyResolution.targets(29,5): message : Property reassignment: $(ProjectAssetsCacheFile)="D:\Ralph\SpareParts\src\SpareParts.Api\obj\Debug\net8.0\SpareParts.Api.assets.cache" (previous value: "obj\Debug\net8.0\SpareParts.Api.assets.cache") at C:\Program Files\dotnet\sdk\9.0.304\Sdks\Microsoft.NET.Sdk\targets\Microsoft.PackageDependencyResolution.targets (29,5)
       C:\Program Files\dotnet\sdk\9.0.304\Sdks\Microsoft.NET.Sdk\targets\Microsoft.PackageDependencyResolution.targets(80,5): message : Property reassignment: $(ResolveAssemblyReferencesDependsOn)="
       C:\Program Files\dotnet\sdk\9.0.304\Sdks\Microsoft.NET.Sdk\targets\Microsoft.PackageDependencyResolution.targets(80,5): message :       
       C:\Program Files\dotnet\sdk\9.0.304\Sdks\Microsoft.NET.Sdk\targets\Microsoft.PackageDependencyResolution.targets(80,5): message :       ResolveProjectReferences;
       C:\Program Files\dotnet\sdk\9.0.304\Sdks\Microsoft.NET.Sdk\targets\Microsoft.PackageDependencyResolution.targets(80,5): message :       FindInvalidProjectReferences;
       C:\Program Files\dotnet\sdk\9.0.304\Sdks\Microsoft.NET.Sdk\targets\Microsoft.PackageDependencyResolution.targets(80,5): message :       GetFrameworkPaths;
       C:\Program Files\dotnet\sdk\9.0.304\Sdks\Microsoft.NET.Sdk\targets\Microsoft.PackageDependencyResolution.targets(80,5): message :       GetReferenceAssemblyPaths;
       C:\Program Files\dotnet\sdk\9.0.304\Sdks\Microsoft.NET.Sdk\targets\Microsoft.PackageDependencyResolution.targets(80,5): message :       PrepareForBuild;
       C:\Program Files\dotnet\sdk\9.0.304\Sdks\Microsoft.NET.Sdk\targets\Microsoft.PackageDependencyResolution.targets(80,5): message :       ResolveSDKReferences;
       C:\Program Files\dotnet\sdk\9.0.304\Sdks\Microsoft.NET.Sdk\targets\Microsoft.PackageDependencyResolution.targets(80,5): message :       ExpandSDKReferences;
       C:\Program Files\dotnet\sdk\9.0.304\Sdks\Microsoft.NET.Sdk\targets\Microsoft.PackageDependencyResolution.targets(80,5): message :     ;
       C:\Program Files\dotnet\sdk\9.0.304\Sdks\Microsoft.NET.Sdk\targets\Microsoft.PackageDependencyResolution.targets(80,5): message :       ResolvePackageDependenciesForBuild;
       C:\Program Files\dotnet\sdk\9.0.304\Sdks\Microsoft.NET.Sdk\targets\Microsoft.PackageDependencyResolution.targets(80,5): message :       _HandlePackageFileConflicts;
       C:\Program Files\dotnet\sdk\9.0.304\Sdks\Microsoft.NET.Sdk\targets\Microsoft.PackageDependencyResolution.targets(80,5): message :     " (previous value: "
       C:\Program Files\dotnet\sdk\9.0.304\Sdks\Microsoft.NET.Sdk\targets\Microsoft.PackageDependencyResolution.targets(80,5): message :       ResolveProjectReferences;
       C:\Program Files\dotnet\sdk\9.0.304\Sdks\Microsoft.NET.Sdk\targets\Microsoft.PackageDependencyResolution.targets(80,5): message :       FindInvalidProjectReferences;
       C:\Program Files\dotnet\sdk\9.0.304\Sdks\Microsoft.NET.Sdk\targets\Microsoft.PackageDependencyResolution.targets(80,5): message :       GetFrameworkPaths;
       C:\Program Files\dotnet\sdk\9.0.304\Sdks\Microsoft.NET.Sdk\targets\Microsoft.PackageDependencyResolution.targets(80,5): message :       GetReferenceAssemblyPaths;
       C:\Program Files\dotnet\sdk\9.0.304\Sdks\Microsoft.NET.Sdk\targets\Microsoft.PackageDependencyResolution.targets(80,5): message :       PrepareForBuild;
       C:\Program Files\dotnet\sdk\9.0.304\Sdks\Microsoft.NET.Sdk\targets\Microsoft.PackageDependencyResolution.targets(80,5): message :       ResolveSDKReferences;
       C:\Program Files\dotnet\sdk\9.0.304\Sdks\Microsoft.NET.Sdk\targets\Microsoft.PackageDependencyResolution.targets(80,5): message :       ExpandSDKReferences;
       C:\Program Files\dotnet\sdk\9.0.304\Sdks\Microsoft.NET.Sdk\targets\Microsoft.PackageDependencyResolution.targets(80,5): message :     ") at C:\Program Files\dotnet\sdk\9.0.304\Sdks\Microsoft.NET.Sdk\targets\Microsoft.PackageDependencyResolution.targets (80,5)
       C:\Program Files\dotnet\sdk\9.0.304\Sdks\Microsoft.NET.Sdk\targets\Microsoft.PackageDependencyResolution.targets(86,5): message : Property reassignment: $(PrepareResourcesDependsOn)="
       C:\Program Files\dotnet\sdk\9.0.304\Sdks\Microsoft.NET.Sdk\targets\Microsoft.PackageDependencyResolution.targets(86,5): message :       ResolvePackageDependenciesForBuild;
       C:\Program Files\dotnet\sdk\9.0.304\Sdks\Microsoft.NET.Sdk\targets\Microsoft.PackageDependencyResolution.targets(86,5): message :       _HandlePackageFileConflicts;
       C:\Program Files\dotnet\sdk\9.0.304\Sdks\Microsoft.NET.Sdk\targets\Microsoft.PackageDependencyResolution.targets(86,5): message :       
       C:\Program Files\dotnet\sdk\9.0.304\Sdks\Microsoft.NET.Sdk\targets\Microsoft.PackageDependencyResolution.targets(86,5): message :       ;
       C:\Program Files\dotnet\sdk\9.0.304\Sdks\Microsoft.NET.Sdk\targets\Microsoft.PackageDependencyResolution.targets(86,5): message :       PrepareResourceNames;
       C:\Program Files\dotnet\sdk\9.0.304\Sdks\Microsoft.NET.Sdk\targets\Microsoft.PackageDependencyResolution.targets(86,5): message :       ResGen;
       C:\Program Files\dotnet\sdk\9.0.304\Sdks\Microsoft.NET.Sdk\targets\Microsoft.PackageDependencyResolution.targets(86,5): message :       CompileLicxFiles
       C:\Program Files\dotnet\sdk\9.0.304\Sdks\Microsoft.NET.Sdk\targets\Microsoft.PackageDependencyResolution.targets(86,5): message :     
       C:\Program Files\dotnet\sdk\9.0.304\Sdks\Microsoft.NET.Sdk\targets\Microsoft.PackageDependencyResolution.targets(86,5): message :     " (previous value: "
       C:\Program Files\dotnet\sdk\9.0.304\Sdks\Microsoft.NET.Sdk\targets\Microsoft.PackageDependencyResolution.targets(86,5): message :       ;
       C:\Program Files\dotnet\sdk\9.0.304\Sdks\Microsoft.NET.Sdk\targets\Microsoft.PackageDependencyResolution.targets(86,5): message :       PrepareResourceNames;
       C:\Program Files\dotnet\sdk\9.0.304\Sdks\Microsoft.NET.Sdk\targets\Microsoft.PackageDependencyResolution.targets(86,5): message :       ResGen;
       C:\Program Files\dotnet\sdk\9.0.304\Sdks\Microsoft.NET.Sdk\targets\Microsoft.PackageDependencyResolution.targets(86,5): message :       CompileLicxFiles
       C:\Program Files\dotnet\sdk\9.0.304\Sdks\Microsoft.NET.Sdk\targets\Microsoft.PackageDependencyResolution.targets(86,5): message :     ") at C:\Program Files\dotnet\sdk\9.0.304\Sdks\Microsoft.NET.Sdk\targets\Microsoft.PackageDependencyResolution.targets (86,5)
       C:\Program Files\dotnet\sdk\9.0.304\Sdks\Microsoft.NET.Sdk\targets\Microsoft.NET.Sdk.DefaultItems.targets(27,5): message : Property reassignment: $(DefaultItemExcludes)=";**\node_modules\**;node_modules\**;**\jspm_packages\**;jspm_packages\**;**\bower_components\**;bower_components\**;**\packages.lock.json;bin\Debug\/**;obj\Debug\/**;bin\/**" (previous value: ";**\node_modules\**;node_modules\**;**\jspm_packages\**;jspm_packages\**;**\bower_components\**;bower_components\**;**\packages.lock.json;bin\Debug\/**;obj\Debug\/**") at C:\Program Files\dotnet\sdk\9.0.304\Sdks\Microsoft.NET.Sdk\targets\Microsoft.NET.Sdk.DefaultItems.targets (27,5)
       C:\Program Files\dotnet\sdk\9.0.304\Sdks\Microsoft.NET.Sdk\targets\Microsoft.NET.Sdk.DefaultItems.targets(29,5): message : Property reassignment: $(DefaultItemExcludes)=";**\node_modules\**;node_modules\**;**\jspm_packages\**;jspm_packages\**;**\bower_components\**;bower_components\**;**\packages.lock.json;bin\Debug\/**;obj\Debug\/**;bin\/**;obj\/**" (previous value: ";**\node_modules\**;node_modules\**;**\jspm_packages\**;jspm_packages\**;**\bower_components\**;bower_components\**;**\packages.lock.json;bin\Debug\/**;obj\Debug\/**;bin\/**") at C:\Program Files\dotnet\sdk\9.0.304\Sdks\Microsoft.NET.Sdk\targets\Microsoft.NET.Sdk.DefaultItems.targets (29,5)
       C:\Program Files\dotnet\sdk\9.0.304\Sdks\Microsoft.NET.Sdk\targets\Microsoft.NET.Sdk.DefaultItems.targets(32,5): message : Property reassignment: $(DefaultItemExcludes)=";**\node_modules\**;node_modules\**;**\jspm_packages\**;jspm_packages\**;**\bower_components\**;bower_components\**;**\packages.lock.json;bin\Debug\/**;obj\Debug\/**;bin\/**;obj\/**;**/*.user" (previous value: ";**\node_modules\**;node_modules\**;**\jspm_packages\**;jspm_packages\**;**\bower_components\**;bower_components\**;**\packages.lock.json;bin\Debug\/**;obj\Debug\/**;bin\/**;obj\/**") at C:\Program Files\dotnet\sdk\9.0.304\Sdks\Microsoft.NET.Sdk\targets\Microsoft.NET.Sdk.DefaultItems.targets (32,5)
       C:\Program Files\dotnet\sdk\9.0.304\Sdks\Microsoft.NET.Sdk\targets\Microsoft.NET.Sdk.DefaultItems.targets(33,5): message : Property reassignment: $(DefaultItemExcludes)=";**\node_modules\**;node_modules\**;**\jspm_packages\**;jspm_packages\**;**\bower_components\**;bower_components\**;**\packages.lock.json;bin\Debug\/**;obj\Debug\/**;bin\/**;obj\/**;**/*.user;**/*.*proj" (previous value: ";**\node_modules\**;node_modules\**;**\jspm_packages\**;jspm_packages\**;**\bower_components\**;bower_components\**;**\packages.lock.json;bin\Debug\/**;obj\Debug\/**;bin\/**;obj\/**;**/*.user") at C:\Program Files\dotnet\sdk\9.0.304\Sdks\Microsoft.NET.Sdk\targets\Microsoft.NET.Sdk.DefaultItems.targets (33,5)
       C:\Program Files\dotnet\sdk\9.0.304\Sdks\Microsoft.NET.Sdk\targets\Microsoft.NET.Sdk.DefaultItems.targets(34,5): message : Property reassignment: $(DefaultItemExcludes)=";**\node_modules\**;node_modules\**;**\jspm_packages\**;jspm_packages\**;**\bower_components\**;bower_components\**;**\packages.lock.json;bin\Debug\/**;obj\Debug\/**;bin\/**;obj\/**;**/*.user;**/*.*proj;**/*.sln" (previous value: ";**\node_modules\**;node_modules\**;**\jspm_packages\**;jspm_packages\**;**\bower_components\**;bower_components\**;**\packages.lock.json;bin\Debug\/**;obj\Debug\/**;bin\/**;obj\/**;**/*.user;**/*.*proj") at C:\Program Files\dotnet\sdk\9.0.304\Sdks\Microsoft.NET.Sdk\targets\Microsoft.NET.Sdk.DefaultItems.targets (34,5)
       C:\Program Files\dotnet\sdk\9.0.304\Sdks\Microsoft.NET.Sdk\targets\Microsoft.NET.Sdk.DefaultItems.targets(35,5): message : Property reassignment: $(DefaultItemExcludes)=";**\node_modules\**;node_modules\**;**\jspm_packages\**;jspm_packages\**;**\bower_components\**;bower_components\**;**\packages.lock.json;bin\Debug\/**;obj\Debug\/**;bin\/**;obj\/**;**/*.user;**/*.*proj;**/*.sln;**/*.slnx" (previous value: ";**\node_modules\**;node_modules\**;**\jspm_packages\**;jspm_packages\**;**\bower_components\**;bower_components\**;**\packages.lock.json;bin\Debug\/**;obj\Debug\/**;bin\/**;obj\/**;**/*.user;**/*.*proj;**/*.sln") at C:\Program Files\dotnet\sdk\9.0.304\Sdks\Microsoft.NET.Sdk\targets\Microsoft.NET.Sdk.DefaultItems.targets (35,5)
       C:\Program Files\dotnet\sdk\9.0.304\Sdks\Microsoft.NET.Sdk\targets\Microsoft.NET.Sdk.DefaultItems.targets(36,5): message : Property reassignment: $(DefaultItemExcludes)=";**\node_modules\**;node_modules\**;**\jspm_packages\**;jspm_packages\**;**\bower_components\**;bower_components\**;**\packages.lock.json;bin\Debug\/**;obj\Debug\/**;bin\/**;obj\/**;**/*.user;**/*.*proj;**/*.sln;**/*.slnx;**/*.vssscc" (previous value: ";**\node_modules\**;node_modules\**;**\jspm_packages\**;jspm_packages\**;**\bower_components\**;bower_components\**;**\packages.lock.json;bin\Debug\/**;obj\Debug\/**;bin\/**;obj\/**;**/*.user;**/*.*proj;**/*.sln;**/*.slnx") at C:\Program Files\dotnet\sdk\9.0.304\Sdks\Microsoft.NET.Sdk\targets\Microsoft.NET.Sdk.DefaultItems.targets (36,5)
       C:\Program Files\dotnet\sdk\9.0.304\Sdks\Microsoft.NET.Sdk\targets\Microsoft.NET.Sdk.DefaultItems.targets(37,5): message : Property reassignment: $(DefaultItemExcludes)=";**\node_modules\**;node_modules\**;**\jspm_packages\**;jspm_packages\**;**\bower_components\**;bower_components\**;**\packages.lock.json;bin\Debug\/**;obj\Debug\/**;bin\/**;obj\/**;**/*.user;**/*.*proj;**/*.sln;**/*.slnx;**/*.vssscc;**/.DS_Store" (previous value: ";**\node_modules\**;node_modules\**;**\jspm_packages\**;jspm_packages\**;**\bower_components\**;bower_components\**;**\packages.lock.json;bin\Debug\/**;obj\Debug\/**;bin\/**;obj\/**;**/*.user;**/*.*proj;**/*.sln;**/*.slnx;**/*.vssscc") at C:\Program Files\dotnet\sdk\9.0.304\Sdks\Microsoft.NET.Sdk\targets\Microsoft.NET.Sdk.DefaultItems.targets (37,5)
       C:\Program Files\dotnet\sdk\9.0.304\Sdks\Microsoft.NET.Sdk\targets\Microsoft.NET.Sdk.FrameworkReferenceResolution.targets(14,5): message : Property reassignment: $(ResolveAssemblyReferencesDependsOn)="
       C:\Program Files\dotnet\sdk\9.0.304\Sdks\Microsoft.NET.Sdk\targets\Microsoft.NET.Sdk.FrameworkReferenceResolution.targets(14,5): message :       
       C:\Program Files\dotnet\sdk\9.0.304\Sdks\Microsoft.NET.Sdk\targets\Microsoft.NET.Sdk.FrameworkReferenceResolution.targets(14,5): message :       
       C:\Program Files\dotnet\sdk\9.0.304\Sdks\Microsoft.NET.Sdk\targets\Microsoft.NET.Sdk.FrameworkReferenceResolution.targets(14,5): message :       ResolveProjectReferences;
       C:\Program Files\dotnet\sdk\9.0.304\Sdks\Microsoft.NET.Sdk\targets\Microsoft.NET.Sdk.FrameworkReferenceResolution.targets(14,5): message :       FindInvalidProjectReferences;
       C:\Program Files\dotnet\sdk\9.0.304\Sdks\Microsoft.NET.Sdk\targets\Microsoft.NET.Sdk.FrameworkReferenceResolution.targets(14,5): message :       GetFrameworkPaths;
       C:\Program Files\dotnet\sdk\9.0.304\Sdks\Microsoft.NET.Sdk\targets\Microsoft.NET.Sdk.FrameworkReferenceResolution.targets(14,5): message :       GetReferenceAssemblyPaths;
       C:\Program Files\dotnet\sdk\9.0.304\Sdks\Microsoft.NET.Sdk\targets\Microsoft.NET.Sdk.FrameworkReferenceResolution.targets(14,5): message :       PrepareForBuild;
       C:\Program Files\dotnet\sdk\9.0.304\Sdks\Microsoft.NET.Sdk\targets\Microsoft.NET.Sdk.FrameworkReferenceResolution.targets(14,5): message :       ResolveSDKReferences;
       C:\Program Files\dotnet\sdk\9.0.304\Sdks\Microsoft.NET.Sdk\targets\Microsoft.NET.Sdk.FrameworkReferenceResolution.targets(14,5): message :       ExpandSDKReferences;
       C:\Program Files\dotnet\sdk\9.0.304\Sdks\Microsoft.NET.Sdk\targets\Microsoft.NET.Sdk.FrameworkReferenceResolution.targets(14,5): message :     ;
       C:\Program Files\dotnet\sdk\9.0.304\Sdks\Microsoft.NET.Sdk\targets\Microsoft.NET.Sdk.FrameworkReferenceResolution.targets(14,5): message :       ResolvePackageDependenciesForBuild;
       C:\Program Files\dotnet\sdk\9.0.304\Sdks\Microsoft.NET.Sdk\targets\Microsoft.NET.Sdk.FrameworkReferenceResolution.targets(14,5): message :       _HandlePackageFileConflicts;
       C:\Program Files\dotnet\sdk\9.0.304\Sdks\Microsoft.NET.Sdk\targets\Microsoft.NET.Sdk.FrameworkReferenceResolution.targets(14,5): message :     ;
       C:\Program Files\dotnet\sdk\9.0.304\Sdks\Microsoft.NET.Sdk\targets\Microsoft.NET.Sdk.FrameworkReferenceResolution.targets(14,5): message :       ResolveTargetingPackAssets;
       C:\Program Files\dotnet\sdk\9.0.304\Sdks\Microsoft.NET.Sdk\targets\Microsoft.NET.Sdk.FrameworkReferenceResolution.targets(14,5): message :     " (previous value: "
       C:\Program Files\dotnet\sdk\9.0.304\Sdks\Microsoft.NET.Sdk\targets\Microsoft.NET.Sdk.FrameworkReferenceResolution.targets(14,5): message :       
       C:\Program Files\dotnet\sdk\9.0.304\Sdks\Microsoft.NET.Sdk\targets\Microsoft.NET.Sdk.FrameworkReferenceResolution.targets(14,5): message :       ResolveProjectReferences;
       C:\Program Files\dotnet\sdk\9.0.304\Sdks\Microsoft.NET.Sdk\targets\Microsoft.NET.Sdk.FrameworkReferenceResolution.targets(14,5): message :       FindInvalidProjectReferences;
       C:\Program Files\dotnet\sdk\9.0.304\Sdks\Microsoft.NET.Sdk\targets\Microsoft.NET.Sdk.FrameworkReferenceResolution.targets(14,5): message :       GetFrameworkPaths;
       C:\Program Files\dotnet\sdk\9.0.304\Sdks\Microsoft.NET.Sdk\targets\Microsoft.NET.Sdk.FrameworkReferenceResolution.targets(14,5): message :       GetReferenceAssemblyPaths;
       C:\Program Files\dotnet\sdk\9.0.304\Sdks\Microsoft.NET.Sdk\targets\Microsoft.NET.Sdk.FrameworkReferenceResolution.targets(14,5): message :       PrepareForBuild;
       C:\Program Files\dotnet\sdk\9.0.304\Sdks\Microsoft.NET.Sdk\targets\Microsoft.NET.Sdk.FrameworkReferenceResolution.targets(14,5): message :       ResolveSDKReferences;
       C:\Program Files\dotnet\sdk\9.0.304\Sdks\Microsoft.NET.Sdk\targets\Microsoft.NET.Sdk.FrameworkReferenceResolution.targets(14,5): message :       ExpandSDKReferences;
       C:\Program Files\dotnet\sdk\9.0.304\Sdks\Microsoft.NET.Sdk\targets\Microsoft.NET.Sdk.FrameworkReferenceResolution.targets(14,5): message :     ;
       C:\Program Files\dotnet\sdk\9.0.304\Sdks\Microsoft.NET.Sdk\targets\Microsoft.NET.Sdk.FrameworkReferenceResolution.targets(14,5): message :       ResolvePackageDependenciesForBuild;
       C:\Program Files\dotnet\sdk\9.0.304\Sdks\Microsoft.NET.Sdk\targets\Microsoft.NET.Sdk.FrameworkReferenceResolution.targets(14,5): message :       _HandlePackageFileConflicts;
       C:\Program Files\dotnet\sdk\9.0.304\Sdks\Microsoft.NET.Sdk\targets\Microsoft.NET.Sdk.FrameworkReferenceResolution.targets(14,5): message :     ") at C:\Program Files\dotnet\sdk\9.0.304\Sdks\Microsoft.NET.Sdk\targets\Microsoft.NET.Sdk.FrameworkReferenceResolution.targets (14,5)
       C:\Program Files\dotnet\sdk\9.0.304\Sdks\Microsoft.NET.Sdk\targets\Microsoft.NET.Sdk.targets(44,5): message : Property reassignment: $(_GenerateRuntimeConfigurationPropertyInputsCache)="D:\Ralph\SpareParts\src\SpareParts.Api\obj\Debug\net8.0\SpareParts.Api.genruntimeconfig.cache" (previous value: "obj\Debug\net8.0\SpareParts.Api.genruntimeconfig.cache") at C:\Program Files\dotnet\sdk\9.0.304\Sdks\Microsoft.NET.Sdk\targets\Microsoft.NET.Sdk.targets (44,5)
       C:\Program Files\dotnet\sdk\9.0.304\Sdks\Microsoft.NET.Sdk\targets\Microsoft.NET.Sdk.targets(46,5): message : Property reassignment: $(_GeneratePublishDependencyFilePropertyInputsCache)="D:\Ralph\SpareParts\src\SpareParts.Api\obj\Debug\net8.0\SpareParts.Api.genpublishdeps.cache" (previous value: "obj\Debug\net8.0\SpareParts.Api.genpublishdeps.cache") at C:\Program Files\dotnet\sdk\9.0.304\Sdks\Microsoft.NET.Sdk\targets\Microsoft.NET.Sdk.targets (46,5)
       C:\Program Files\dotnet\sdk\9.0.304\Sdks\Microsoft.NET.Sdk\targets\Microsoft.NET.Sdk.targets(48,5): message : Property reassignment: $(_GenerateSingleFileBundlePropertyInputsCache)="D:\Ralph\SpareParts\src\SpareParts.Api\obj\Debug\net8.0\SpareParts.Api.genbundle.cache" (previous value: "obj\Debug\net8.0\SpareParts.Api.genbundle.cache") at C:\Program Files\dotnet\sdk\9.0.304\Sdks\Microsoft.NET.Sdk\targets\Microsoft.NET.Sdk.targets (48,5)
       C:\Program Files\dotnet\sdk\9.0.304\Sdks\Microsoft.NET.Sdk\targets\Microsoft.NET.Sdk.targets(81,5): message : Property reassignment: $(GenerateRuntimeConfigDevFile)="false" (previous value: "true") at C:\Program Files\dotnet\sdk\9.0.304\Sdks\Microsoft.NET.Sdk\targets\Microsoft.NET.Sdk.targets (81,5)
       C:\Program Files\dotnet\sdk\9.0.304\Sdks\Microsoft.NET.Sdk\targets\Microsoft.NET.Sdk.targets(97,5): message : Property reassignment: $(_DefaultUserProfileRuntimeStorePath)="C:\Users\r.maalouf" (previous value: "") at C:\Program Files\dotnet\sdk\9.0.304\Sdks\Microsoft.NET.Sdk\targets\Microsoft.NET.Sdk.targets (97,5)
       C:\Program Files\dotnet\sdk\9.0.304\Sdks\Microsoft.NET.Sdk\targets\Microsoft.NET.Sdk.targets(98,5): message : Property reassignment: $(_DefaultUserProfileRuntimeStorePath)="C:\Users\r.maalouf\.dotnet\store" (previous value: "C:\Users\r.maalouf") at C:\Program Files\dotnet\sdk\9.0.304\Sdks\Microsoft.NET.Sdk\targets\Microsoft.NET.Sdk.targets (98,5)
       C:\Program Files\dotnet\sdk\9.0.304\Sdks\Microsoft.NET.Sdk\targets\Microsoft.NET.Sdk.targets(140,5): message : Property reassignment: $(AvailablePlatforms)="Any CPU,x86,x64,ARM32" (previous value: "Any CPU,x86,x64") at C:\Program Files\dotnet\sdk\9.0.304\Sdks\Microsoft.NET.Sdk\targets\Microsoft.NET.Sdk.targets (140,5)
       C:\Program Files\dotnet\sdk\9.0.304\Sdks\Microsoft.NET.Sdk\targets\Microsoft.NET.Sdk.targets(144,5): message : Property reassignment: $(AvailablePlatforms)="Any CPU,x86,x64,ARM32,ARM64" (previous value: "Any CPU,x86,x64,ARM32") at C:\Program Files\dotnet\sdk\9.0.304\Sdks\Microsoft.NET.Sdk\targets\Microsoft.NET.Sdk.targets (144,5)
       C:\Program Files\dotnet\sdk\9.0.304\Sdks\Microsoft.NET.Sdk\targets\Microsoft.NET.Sdk.targets(201,5): message : Property reassignment: $(CoreBuildDependsOn)="
       C:\Program Files\dotnet\sdk\9.0.304\Sdks\Microsoft.NET.Sdk\targets\Microsoft.NET.Sdk.targets(201,5): message :       _CheckForBuildWithNoBuild;
       C:\Program Files\dotnet\sdk\9.0.304\Sdks\Microsoft.NET.Sdk\targets\Microsoft.NET.Sdk.targets(201,5): message :       
       C:\Program Files\dotnet\sdk\9.0.304\Sdks\Microsoft.NET.Sdk\targets\Microsoft.NET.Sdk.targets(201,5): message :       BuildOnlySettings;
       C:\Program Files\dotnet\sdk\9.0.304\Sdks\Microsoft.NET.Sdk\targets\Microsoft.NET.Sdk.targets(201,5): message :       PrepareForBuild;
       C:\Program Files\dotnet\sdk\9.0.304\Sdks\Microsoft.NET.Sdk\targets\Microsoft.NET.Sdk.targets(201,5): message :       PreBuildEvent;
       C:\Program Files\dotnet\sdk\9.0.304\Sdks\Microsoft.NET.Sdk\targets\Microsoft.NET.Sdk.targets(201,5): message :       ResolveReferences;
       C:\Program Files\dotnet\sdk\9.0.304\Sdks\Microsoft.NET.Sdk\targets\Microsoft.NET.Sdk.targets(201,5): message :       PrepareResources;
       C:\Program Files\dotnet\sdk\9.0.304\Sdks\Microsoft.NET.Sdk\targets\Microsoft.NET.Sdk.targets(201,5): message :       ResolveKeySource;
       C:\Program Files\dotnet\sdk\9.0.304\Sdks\Microsoft.NET.Sdk\targets\Microsoft.NET.Sdk.targets(201,5): message :       Compile;
       C:\Program Files\dotnet\sdk\9.0.304\Sdks\Microsoft.NET.Sdk\targets\Microsoft.NET.Sdk.targets(201,5): message :       ExportWindowsMDFile;
       C:\Program Files\dotnet\sdk\9.0.304\Sdks\Microsoft.NET.Sdk\targets\Microsoft.NET.Sdk.targets(201,5): message :       UnmanagedUnregistration;
       C:\Program Files\dotnet\sdk\9.0.304\Sdks\Microsoft.NET.Sdk\targets\Microsoft.NET.Sdk.targets(201,5): message :       GenerateSerializationAssemblies;
       C:\Program Files\dotnet\sdk\9.0.304\Sdks\Microsoft.NET.Sdk\targets\Microsoft.NET.Sdk.targets(201,5): message :       CreateSatelliteAssemblies;
       C:\Program Files\dotnet\sdk\9.0.304\Sdks\Microsoft.NET.Sdk\targets\Microsoft.NET.Sdk.targets(201,5): message :       GenerateManifests;
       C:\Program Files\dotnet\sdk\9.0.304\Sdks\Microsoft.NET.Sdk\targets\Microsoft.NET.Sdk.targets(201,5): message :       GetTargetPath;
       C:\Program Files\dotnet\sdk\9.0.304\Sdks\Microsoft.NET.Sdk\targets\Microsoft.NET.Sdk.targets(201,5): message :       PrepareForRun;
       C:\Program Files\dotnet\sdk\9.0.304\Sdks\Microsoft.NET.Sdk\targets\Microsoft.NET.Sdk.targets(201,5): message :       UnmanagedRegistration;
       C:\Program Files\dotnet\sdk\9.0.304\Sdks\Microsoft.NET.Sdk\targets\Microsoft.NET.Sdk.targets(201,5): message :       IncrementalClean;
       C:\Program Files\dotnet\sdk\9.0.304\Sdks\Microsoft.NET.Sdk\targets\Microsoft.NET.Sdk.targets(201,5): message :       PostBuildEvent
       C:\Program Files\dotnet\sdk\9.0.304\Sdks\Microsoft.NET.Sdk\targets\Microsoft.NET.Sdk.targets(201,5): message :     ;
       C:\Program Files\dotnet\sdk\9.0.304\Sdks\Microsoft.NET.Sdk\targets\Microsoft.NET.Sdk.targets(201,5): message :       GenerateBuildDependencyFile;
       C:\Program Files\dotnet\sdk\9.0.304\Sdks\Microsoft.NET.Sdk\targets\Microsoft.NET.Sdk.targets(201,5): message :       GenerateBuildRuntimeConfigurationFiles
       C:\Program Files\dotnet\sdk\9.0.304\Sdks\Microsoft.NET.Sdk\targets\Microsoft.NET.Sdk.targets(201,5): message :     " (previous value: "
       C:\Program Files\dotnet\sdk\9.0.304\Sdks\Microsoft.NET.Sdk\targets\Microsoft.NET.Sdk.targets(201,5): message :       BuildOnlySettings;
       C:\Program Files\dotnet\sdk\9.0.304\Sdks\Microsoft.NET.Sdk\targets\Microsoft.NET.Sdk.targets(201,5): message :       PrepareForBuild;
       C:\Program Files\dotnet\sdk\9.0.304\Sdks\Microsoft.NET.Sdk\targets\Microsoft.NET.Sdk.targets(201,5): message :       PreBuildEvent;
       C:\Program Files\dotnet\sdk\9.0.304\Sdks\Microsoft.NET.Sdk\targets\Microsoft.NET.Sdk.targets(201,5): message :       ResolveReferences;
       C:\Program Files\dotnet\sdk\9.0.304\Sdks\Microsoft.NET.Sdk\targets\Microsoft.NET.Sdk.targets(201,5): message :       PrepareResources;
       C:\Program Files\dotnet\sdk\9.0.304\Sdks\Microsoft.NET.Sdk\targets\Microsoft.NET.Sdk.targets(201,5): message :       ResolveKeySource;
       C:\Program Files\dotnet\sdk\9.0.304\Sdks\Microsoft.NET.Sdk\targets\Microsoft.NET.Sdk.targets(201,5): message :       Compile;
       C:\Program Files\dotnet\sdk\9.0.304\Sdks\Microsoft.NET.Sdk\targets\Microsoft.NET.Sdk.targets(201,5): message :       ExportWindowsMDFile;
       C:\Program Files\dotnet\sdk\9.0.304\Sdks\Microsoft.NET.Sdk\targets\Microsoft.NET.Sdk.targets(201,5): message :       UnmanagedUnregistration;
       C:\Program Files\dotnet\sdk\9.0.304\Sdks\Microsoft.NET.Sdk\targets\Microsoft.NET.Sdk.targets(201,5): message :       GenerateSerializationAssemblies;
       C:\Program Files\dotnet\sdk\9.0.304\Sdks\Microsoft.NET.Sdk\targets\Microsoft.NET.Sdk.targets(201,5): message :       CreateSatelliteAssemblies;
       C:\Program Files\dotnet\sdk\9.0.304\Sdks\Microsoft.NET.Sdk\targets\Microsoft.NET.Sdk.targets(201,5): message :       GenerateManifests;
       C:\Program Files\dotnet\sdk\9.0.304\Sdks\Microsoft.NET.Sdk\targets\Microsoft.NET.Sdk.targets(201,5): message :       GetTargetPath;
       C:\Program Files\dotnet\sdk\9.0.304\Sdks\Microsoft.NET.Sdk\targets\Microsoft.NET.Sdk.targets(201,5): message :       PrepareForRun;
       C:\Program Files\dotnet\sdk\9.0.304\Sdks\Microsoft.NET.Sdk\targets\Microsoft.NET.Sdk.targets(201,5): message :       UnmanagedRegistration;
       C:\Program Files\dotnet\sdk\9.0.304\Sdks\Microsoft.NET.Sdk\targets\Microsoft.NET.Sdk.targets(201,5): message :       IncrementalClean;
       C:\Program Files\dotnet\sdk\9.0.304\Sdks\Microsoft.NET.Sdk\targets\Microsoft.NET.Sdk.targets(201,5): message :       PostBuildEvent
       C:\Program Files\dotnet\sdk\9.0.304\Sdks\Microsoft.NET.Sdk\targets\Microsoft.NET.Sdk.targets(201,5): message :     ") at C:\Program Files\dotnet\sdk\9.0.304\Sdks\Microsoft.NET.Sdk\targets\Microsoft.NET.Sdk.targets (201,5)
       C:\Program Files\dotnet\sdk\9.0.304\Sdks\Microsoft.NET.Sdk\targets\Microsoft.NET.Sdk.targets(210,5): message : Property reassignment: $(CoreCleanDependsOn)="
       C:\Program Files\dotnet\sdk\9.0.304\Sdks\Microsoft.NET.Sdk\targets\Microsoft.NET.Sdk.targets(210,5): message :       _SdkBeforeClean;
       C:\Program Files\dotnet\sdk\9.0.304\Sdks\Microsoft.NET.Sdk\targets\Microsoft.NET.Sdk.targets(210,5): message :       
       C:\Program Files\dotnet\sdk\9.0.304\Sdks\Microsoft.NET.Sdk\targets\Microsoft.NET.Sdk.targets(210,5): message :     " (previous value: "") at C:\Program Files\dotnet\sdk\9.0.304\Sdks\Microsoft.NET.Sdk\targets\Microsoft.NET.Sdk.targets (210,5)
       C:\Program Files\dotnet\sdk\9.0.304\Sdks\Microsoft.NET.Sdk\targets\Microsoft.NET.Sdk.targets(217,5): message : Property reassignment: $(RebuildDependsOn)="
       C:\Program Files\dotnet\sdk\9.0.304\Sdks\Microsoft.NET.Sdk\targets\Microsoft.NET.Sdk.targets(217,5): message :       _SdkBeforeRebuild;
       C:\Program Files\dotnet\sdk\9.0.304\Sdks\Microsoft.NET.Sdk\targets\Microsoft.NET.Sdk.targets(217,5): message :       
       C:\Program Files\dotnet\sdk\9.0.304\Sdks\Microsoft.NET.Sdk\targets\Microsoft.NET.Sdk.targets(217,5): message :       BeforeRebuild;
       C:\Program Files\dotnet\sdk\9.0.304\Sdks\Microsoft.NET.Sdk\targets\Microsoft.NET.Sdk.targets(217,5): message :       Clean;
       C:\Program Files\dotnet\sdk\9.0.304\Sdks\Microsoft.NET.Sdk\targets\Microsoft.NET.Sdk.targets(217,5): message :       Build;
       C:\Program Files\dotnet\sdk\9.0.304\Sdks\Microsoft.NET.Sdk\targets\Microsoft.NET.Sdk.targets(217,5): message :       AfterRebuild;
       C:\Program Files\dotnet\sdk\9.0.304\Sdks\Microsoft.NET.Sdk\targets\Microsoft.NET.Sdk.targets(217,5): message :     
       C:\Program Files\dotnet\sdk\9.0.304\Sdks\Microsoft.NET.Sdk\targets\Microsoft.NET.Sdk.targets(217,5): message :     " (previous value: "
       C:\Program Files\dotnet\sdk\9.0.304\Sdks\Microsoft.NET.Sdk\targets\Microsoft.NET.Sdk.targets(217,5): message :       BeforeRebuild;
       C:\Program Files\dotnet\sdk\9.0.304\Sdks\Microsoft.NET.Sdk\targets\Microsoft.NET.Sdk.targets(217,5): message :       Clean;
       C:\Program Files\dotnet\sdk\9.0.304\Sdks\Microsoft.NET.Sdk\targets\Microsoft.NET.Sdk.targets(217,5): message :       Build;
       C:\Program Files\dotnet\sdk\9.0.304\Sdks\Microsoft.NET.Sdk\targets\Microsoft.NET.Sdk.targets(217,5): message :       AfterRebuild;
       C:\Program Files\dotnet\sdk\9.0.304\Sdks\Microsoft.NET.Sdk\targets\Microsoft.NET.Sdk.targets(217,5): message :     ") at C:\Program Files\dotnet\sdk\9.0.304\Sdks\Microsoft.NET.Sdk\targets\Microsoft.NET.Sdk.targets (217,5)
       C:\Program Files\dotnet\sdk\9.0.304\Sdks\Microsoft.NET.Sdk\targets\Microsoft.NET.Sdk.targets(784,5): message : Property reassignment: $(CompileDependsOn)="
       C:\Program Files\dotnet\sdk\9.0.304\Sdks\Microsoft.NET.Sdk\targets\Microsoft.NET.Sdk.targets(784,5): message :       
       C:\Program Files\dotnet\sdk\9.0.304\Sdks\Microsoft.NET.Sdk\targets\Microsoft.NET.Sdk.targets(784,5): message :       ResolveReferences;
       C:\Program Files\dotnet\sdk\9.0.304\Sdks\Microsoft.NET.Sdk\targets\Microsoft.NET.Sdk.targets(784,5): message :       ResolveKeySource;
       C:\Program Files\dotnet\sdk\9.0.304\Sdks\Microsoft.NET.Sdk\targets\Microsoft.NET.Sdk.targets(784,5): message :       SetWin32ManifestProperties;
       C:\Program Files\dotnet\sdk\9.0.304\Sdks\Microsoft.NET.Sdk\targets\Microsoft.NET.Sdk.targets(784,5): message :       _SetPreferNativeArm64Win32ManifestProperties;
       C:\Program Files\dotnet\sdk\9.0.304\Sdks\Microsoft.NET.Sdk\targets\Microsoft.NET.Sdk.targets(784,5): message :       FindReferenceAssembliesForReferences;
       C:\Program Files\dotnet\sdk\9.0.304\Sdks\Microsoft.NET.Sdk\targets\Microsoft.NET.Sdk.targets(784,5): message :       _GenerateCompileInputs;
       C:\Program Files\dotnet\sdk\9.0.304\Sdks\Microsoft.NET.Sdk\targets\Microsoft.NET.Sdk.targets(784,5): message :       BeforeCompile;
       C:\Program Files\dotnet\sdk\9.0.304\Sdks\Microsoft.NET.Sdk\targets\Microsoft.NET.Sdk.targets(784,5): message :       _TimeStampBeforeCompile;
       C:\Program Files\dotnet\sdk\9.0.304\Sdks\Microsoft.NET.Sdk\targets\Microsoft.NET.Sdk.targets(784,5): message :       _GenerateCompileDependencyCache;
       C:\Program Files\dotnet\sdk\9.0.304\Sdks\Microsoft.NET.Sdk\targets\Microsoft.NET.Sdk.targets(784,5): message :       CoreCompile;
       C:\Program Files\dotnet\sdk\9.0.304\Sdks\Microsoft.NET.Sdk\targets\Microsoft.NET.Sdk.targets(784,5): message :       _TimeStampAfterCompile;
       C:\Program Files\dotnet\sdk\9.0.304\Sdks\Microsoft.NET.Sdk\targets\Microsoft.NET.Sdk.targets(784,5): message :       AfterCompile;
       C:\Program Files\dotnet\sdk\9.0.304\Sdks\Microsoft.NET.Sdk\targets\Microsoft.NET.Sdk.targets(784,5): message :     ;
       C:\Program Files\dotnet\sdk\9.0.304\Sdks\Microsoft.NET.Sdk\targets\Microsoft.NET.Sdk.targets(784,5): message :       _CreateAppHost;
       C:\Program Files\dotnet\sdk\9.0.304\Sdks\Microsoft.NET.Sdk\targets\Microsoft.NET.Sdk.targets(784,5): message :       _CreateComHost;
       C:\Program Files\dotnet\sdk\9.0.304\Sdks\Microsoft.NET.Sdk\targets\Microsoft.NET.Sdk.targets(784,5): message :       _GetIjwHostPaths;
       C:\Program Files\dotnet\sdk\9.0.304\Sdks\Microsoft.NET.Sdk\targets\Microsoft.NET.Sdk.targets(784,5): message :     " (previous value: "
       C:\Program Files\dotnet\sdk\9.0.304\Sdks\Microsoft.NET.Sdk\targets\Microsoft.NET.Sdk.targets(784,5): message :       ResolveReferences;
       C:\Program Files\dotnet\sdk\9.0.304\Sdks\Microsoft.NET.Sdk\targets\Microsoft.NET.Sdk.targets(784,5): message :       ResolveKeySource;
       C:\Program Files\dotnet\sdk\9.0.304\Sdks\Microsoft.NET.Sdk\targets\Microsoft.NET.Sdk.targets(784,5): message :       SetWin32ManifestProperties;
       C:\Program Files\dotnet\sdk\9.0.304\Sdks\Microsoft.NET.Sdk\targets\Microsoft.NET.Sdk.targets(784,5): message :       _SetPreferNativeArm64Win32ManifestProperties;
       C:\Program Files\dotnet\sdk\9.0.304\Sdks\Microsoft.NET.Sdk\targets\Microsoft.NET.Sdk.targets(784,5): message :       FindReferenceAssembliesForReferences;
       C:\Program Files\dotnet\sdk\9.0.304\Sdks\Microsoft.NET.Sdk\targets\Microsoft.NET.Sdk.targets(784,5): message :       _GenerateCompileInputs;
       C:\Program Files\dotnet\sdk\9.0.304\Sdks\Microsoft.NET.Sdk\targets\Microsoft.NET.Sdk.targets(784,5): message :       BeforeCompile;
       C:\Program Files\dotnet\sdk\9.0.304\Sdks\Microsoft.NET.Sdk\targets\Microsoft.NET.Sdk.targets(784,5): message :       _TimeStampBeforeCompile;
       C:\Program Files\dotnet\sdk\9.0.304\Sdks\Microsoft.NET.Sdk\targets\Microsoft.NET.Sdk.targets(784,5): message :       _GenerateCompileDependencyCache;
       C:\Program Files\dotnet\sdk\9.0.304\Sdks\Microsoft.NET.Sdk\targets\Microsoft.NET.Sdk.targets(784,5): message :       CoreCompile;
       C:\Program Files\dotnet\sdk\9.0.304\Sdks\Microsoft.NET.Sdk\targets\Microsoft.NET.Sdk.targets(784,5): message :       _TimeStampAfterCompile;
       C:\Program Files\dotnet\sdk\9.0.304\Sdks\Microsoft.NET.Sdk\targets\Microsoft.NET.Sdk.targets(784,5): message :       AfterCompile;
       C:\Program Files\dotnet\sdk\9.0.304\Sdks\Microsoft.NET.Sdk\targets\Microsoft.NET.Sdk.targets(784,5): message :     ") at C:\Program Files\dotnet\sdk\9.0.304\Sdks\Microsoft.NET.Sdk\targets\Microsoft.NET.Sdk.targets (784,5)
       C:\Program Files\dotnet\sdk\9.0.304\Sdks\Microsoft.NET.Sdk\targets\Microsoft.NET.Sdk.targets(1184,5): message : Property reassignment: $(CreateSatelliteAssembliesDependsOn)="
       C:\Program Files\dotnet\sdk\9.0.304\Sdks\Microsoft.NET.Sdk\targets\Microsoft.NET.Sdk.targets(1184,5): message :       
       C:\Program Files\dotnet\sdk\9.0.304\Sdks\Microsoft.NET.Sdk\targets\Microsoft.NET.Sdk.targets(1184,5): message :       ;
       C:\Program Files\dotnet\sdk\9.0.304\Sdks\Microsoft.NET.Sdk\targets\Microsoft.NET.Sdk.targets(1184,5): message :       _GenerateSatelliteAssemblyInputs;
       C:\Program Files\dotnet\sdk\9.0.304\Sdks\Microsoft.NET.Sdk\targets\Microsoft.NET.Sdk.targets(1184,5): message :       ComputeIntermediateSatelliteAssemblies;
       C:\Program Files\dotnet\sdk\9.0.304\Sdks\Microsoft.NET.Sdk\targets\Microsoft.NET.Sdk.targets(1184,5): message :       GenerateSatelliteAssemblies
       C:\Program Files\dotnet\sdk\9.0.304\Sdks\Microsoft.NET.Sdk\targets\Microsoft.NET.Sdk.targets(1184,5): message :     ;
       C:\Program Files\dotnet\sdk\9.0.304\Sdks\Microsoft.NET.Sdk\targets\Microsoft.NET.Sdk.targets(1184,5): message :       CoreGenerateSatelliteAssemblies
       C:\Program Files\dotnet\sdk\9.0.304\Sdks\Microsoft.NET.Sdk\targets\Microsoft.NET.Sdk.targets(1184,5): message :     " (previous value: "
       C:\Program Files\dotnet\sdk\9.0.304\Sdks\Microsoft.NET.Sdk\targets\Microsoft.NET.Sdk.targets(1184,5): message :       ;
       C:\Program Files\dotnet\sdk\9.0.304\Sdks\Microsoft.NET.Sdk\targets\Microsoft.NET.Sdk.targets(1184,5): message :       _GenerateSatelliteAssemblyInputs;
       C:\Program Files\dotnet\sdk\9.0.304\Sdks\Microsoft.NET.Sdk\targets\Microsoft.NET.Sdk.targets(1184,5): message :       ComputeIntermediateSatelliteAssemblies;
       C:\Program Files\dotnet\sdk\9.0.304\Sdks\Microsoft.NET.Sdk\targets\Microsoft.NET.Sdk.targets(1184,5): message :       GenerateSatelliteAssemblies
       C:\Program Files\dotnet\sdk\9.0.304\Sdks\Microsoft.NET.Sdk\targets\Microsoft.NET.Sdk.targets(1184,5): message :     ") at C:\Program Files\dotnet\sdk\9.0.304\Sdks\Microsoft.NET.Sdk\targets\Microsoft.NET.Sdk.targets (1184,5)
       C:\Program Files\dotnet\sdk\9.0.304\Sdks\Microsoft.SourceLink.GitLab\build\Microsoft.SourceLink.GitLab.targets(12,5): message : Property reassignment: $(SourceLinkUrlInitializerTargets)=";_InitializeGitHubSourceLinkUrl;_InitializeGitLabSourceLinkUrl" (previous value: ";_InitializeGitHubSourceLinkUrl") at C:\Program Files\dotnet\sdk\9.0.304\Sdks\Microsoft.SourceLink.GitLab\build\Microsoft.SourceLink.GitLab.targets (12,5)
       C:\Program Files\dotnet\sdk\9.0.304\Sdks\Microsoft.SourceLink.GitLab\build\Microsoft.SourceLink.GitLab.targets(13,5): message : Property reassignment: $(SourceControlManagerUrlTranslationTargets)=";TranslateGitHubUrlsInSourceControlInformation;TranslateGitLabUrlsInSourceControlInformation" (previous value: ";TranslateGitHubUrlsInSourceControlInformation") at C:\Program Files\dotnet\sdk\9.0.304\Sdks\Microsoft.SourceLink.GitLab\build\Microsoft.SourceLink.GitLab.targets (13,5)
       C:\Program Files\dotnet\sdk\9.0.304\Sdks\Microsoft.SourceLink.AzureRepos.Git\build\Microsoft.SourceLink.AzureRepos.Git.targets(12,5): message : Property reassignment: $(SourceLinkUrlInitializerTargets)=";_InitializeGitHubSourceLinkUrl;_InitializeGitLabSourceLinkUrl;_InitializeAzureReposGitSourceLinkUrl" (previous value: ";_InitializeGitHubSourceLinkUrl;_InitializeGitLabSourceLinkUrl") at C:\Program Files\dotnet\sdk\9.0.304\Sdks\Microsoft.SourceLink.AzureRepos.Git\build\Microsoft.SourceLink.AzureRepos.Git.targets (12,5)
       C:\Program Files\dotnet\sdk\9.0.304\Sdks\Microsoft.SourceLink.AzureRepos.Git\build\Microsoft.SourceLink.AzureRepos.Git.targets(13,5): message : Property reassignment: $(SourceControlManagerUrlTranslationTargets)=";TranslateGitHubUrlsInSourceControlInformation;TranslateGitLabUrlsInSourceControlInformation;TranslateAzureReposGitUrlsInSourceControlInformation" (previous value: ";TranslateGitHubUrlsInSourceControlInformation;TranslateGitLabUrlsInSourceControlInformation") at C:\Program Files\dotnet\sdk\9.0.304\Sdks\Microsoft.SourceLink.AzureRepos.Git\build\Microsoft.SourceLink.AzureRepos.Git.targets (13,5)
       C:\Program Files\dotnet\sdk\9.0.304\Sdks\Microsoft.SourceLink.Bitbucket.Git\build\Microsoft.SourceLink.Bitbucket.Git.targets(12,5): message : Property reassignment: $(SourceLinkUrlInitializerTargets)=";_InitializeGitHubSourceLinkUrl;_InitializeGitLabSourceLinkUrl;_InitializeAzureReposGitSourceLinkUrl;_InitializeBitbucketGitSourceLinkUrl" (previous value: ";_InitializeGitHubSourceLinkUrl;_InitializeGitLabSourceLinkUrl;_InitializeAzureReposGitSourceLinkUrl") at C:\Program Files\dotnet\sdk\9.0.304\Sdks\Microsoft.SourceLink.Bitbucket.Git\build\Microsoft.SourceLink.Bitbucket.Git.targets (12,5)
       C:\Program Files\dotnet\sdk\9.0.304\Sdks\Microsoft.SourceLink.Bitbucket.Git\build\Microsoft.SourceLink.Bitbucket.Git.targets(13,5): message : Property reassignment: $(SourceControlManagerUrlTranslationTargets)=";TranslateGitHubUrlsInSourceControlInformation;TranslateGitLabUrlsInSourceControlInformation;TranslateAzureReposGitUrlsInSourceControlInformation;TranslateBitbucketGitUrlsInSourceControlInformation" (previous value: ";TranslateGitHubUrlsInSourceControlInformation;TranslateGitLabUrlsInSourceControlInformation;TranslateAzureReposGitUrlsInSourceControlInformation") at C:\Program Files\dotnet\sdk\9.0.304\Sdks\Microsoft.SourceLink.Bitbucket.Git\build\Microsoft.SourceLink.Bitbucket.Git.targets (13,5)
       C:\Program Files\dotnet\sdk\9.0.304\Sdks\Microsoft.NET.Sdk\targets\Microsoft.NET.DesignerSupport.targets(21,5): message : Property reassignment: $(DesignerRuntimeImplementationProjectOutputGroupDependsOn)="
       C:\Program Files\dotnet\sdk\9.0.304\Sdks\Microsoft.NET.Sdk\targets\Microsoft.NET.DesignerSupport.targets(21,5): message :       
       C:\Program Files\dotnet\sdk\9.0.304\Sdks\Microsoft.NET.Sdk\targets\Microsoft.NET.DesignerSupport.targets(21,5): message :       ;
       C:\Program Files\dotnet\sdk\9.0.304\Sdks\Microsoft.NET.Sdk\targets\Microsoft.NET.DesignerSupport.targets(21,5): message :       
       C:\Program Files\dotnet\sdk\9.0.304\Sdks\Microsoft.NET.Sdk\targets\Microsoft.NET.DesignerSupport.targets(21,5): message :       ;
       C:\Program Files\dotnet\sdk\9.0.304\Sdks\Microsoft.NET.Sdk\targets\Microsoft.NET.DesignerSupport.targets(21,5): message :       BuildOnlySettings;
       C:\Program Files\dotnet\sdk\9.0.304\Sdks\Microsoft.NET.Sdk\targets\Microsoft.NET.DesignerSupport.targets(21,5): message :       PrepareForBuild;
       C:\Program Files\dotnet\sdk\9.0.304\Sdks\Microsoft.NET.Sdk\targets\Microsoft.NET.DesignerSupport.targets(21,5): message :       AssignTargetPaths;
       C:\Program Files\dotnet\sdk\9.0.304\Sdks\Microsoft.NET.Sdk\targets\Microsoft.NET.DesignerSupport.targets(21,5): message :       ResolveReferences
       C:\Program Files\dotnet\sdk\9.0.304\Sdks\Microsoft.NET.Sdk\targets\Microsoft.NET.DesignerSupport.targets(21,5): message :     
       C:\Program Files\dotnet\sdk\9.0.304\Sdks\Microsoft.NET.Sdk\targets\Microsoft.NET.DesignerSupport.targets(21,5): message :     ;
       C:\Program Files\dotnet\sdk\9.0.304\Sdks\Microsoft.NET.Sdk\targets\Microsoft.NET.DesignerSupport.targets(21,5): message :       _GenerateDesignerDepsFile;
       C:\Program Files\dotnet\sdk\9.0.304\Sdks\Microsoft.NET.Sdk\targets\Microsoft.NET.DesignerSupport.targets(21,5): message :       _GenerateDesignerRuntimeConfigFile;
       C:\Program Files\dotnet\sdk\9.0.304\Sdks\Microsoft.NET.Sdk\targets\Microsoft.NET.DesignerSupport.targets(21,5): message :       GetCopyToOutputDirectoryItems;
       C:\Program Files\dotnet\sdk\9.0.304\Sdks\Microsoft.NET.Sdk\targets\Microsoft.NET.DesignerSupport.targets(21,5): message :       _GatherDesignerShadowCopyFiles;
       C:\Program Files\dotnet\sdk\9.0.304\Sdks\Microsoft.NET.Sdk\targets\Microsoft.NET.DesignerSupport.targets(21,5): message :     " (previous value: "
       C:\Program Files\dotnet\sdk\9.0.304\Sdks\Microsoft.NET.Sdk\targets\Microsoft.NET.DesignerSupport.targets(21,5): message :       ;
       C:\Program Files\dotnet\sdk\9.0.304\Sdks\Microsoft.NET.Sdk\targets\Microsoft.NET.DesignerSupport.targets(21,5): message :       
       C:\Program Files\dotnet\sdk\9.0.304\Sdks\Microsoft.NET.Sdk\targets\Microsoft.NET.DesignerSupport.targets(21,5): message :       ;
       C:\Program Files\dotnet\sdk\9.0.304\Sdks\Microsoft.NET.Sdk\targets\Microsoft.NET.DesignerSupport.targets(21,5): message :       BuildOnlySettings;
       C:\Program Files\dotnet\sdk\9.0.304\Sdks\Microsoft.NET.Sdk\targets\Microsoft.NET.DesignerSupport.targets(21,5): message :       PrepareForBuild;
       C:\Program Files\dotnet\sdk\9.0.304\Sdks\Microsoft.NET.Sdk\targets\Microsoft.NET.DesignerSupport.targets(21,5): message :       AssignTargetPaths;
       C:\Program Files\dotnet\sdk\9.0.304\Sdks\Microsoft.NET.Sdk\targets\Microsoft.NET.DesignerSupport.targets(21,5): message :       ResolveReferences
       C:\Program Files\dotnet\sdk\9.0.304\Sdks\Microsoft.NET.Sdk\targets\Microsoft.NET.DesignerSupport.targets(21,5): message :     
       C:\Program Files\dotnet\sdk\9.0.304\Sdks\Microsoft.NET.Sdk\targets\Microsoft.NET.DesignerSupport.targets(21,5): message :     ") at C:\Program Files\dotnet\sdk\9.0.304\Sdks\Microsoft.NET.Sdk\targets\Microsoft.NET.DesignerSupport.targets (21,5)
       C:\Program Files\dotnet\sdk\9.0.304\Sdks\Microsoft.NET.Sdk\targets\Microsoft.NET.PackTool.targets(68,5): message : Property reassignment: $(_GenerateToolsSettingsFileCacheFile)="D:\Ralph\SpareParts\src\SpareParts.Api\obj\Debug\net8.0\SpareParts.Api.toolssettingsinput.cache" (previous value: "obj\Debug\net8.0\SpareParts.Api.toolssettingsinput.cache") at C:\Program Files\dotnet\sdk\9.0.304\Sdks\Microsoft.NET.Sdk\targets\Microsoft.NET.PackTool.targets (68,5)
       C:\Program Files\dotnet\sdk\9.0.304\Sdks\Microsoft.NET.Sdk\targets\Microsoft.NET.PackTool.targets(137,5): message : Property reassignment: $(_ShimInputCacheFile)="D:\Ralph\SpareParts\src\SpareParts.Api\obj\Debug\net8.0\SpareParts.Api.shiminput.cache" (previous value: "obj\Debug\net8.0\SpareParts.Api.shiminput.cache") at C:\Program Files\dotnet\sdk\9.0.304\Sdks\Microsoft.NET.Sdk\targets\Microsoft.NET.PackTool.targets (137,5)
       C:\Program Files\dotnet\sdk\9.0.304\Sdks\Microsoft.NET.Sdk\targets\Microsoft.NET.PackTool.targets(139,5): message : Property reassignment: $(_ShimCreatedSentinelFile)="D:\Ralph\SpareParts\src\SpareParts.Api\obj\Debug\net8.0\SpareParts.Api.shimcreated.sentinel" (previous value: "obj\Debug\net8.0\SpareParts.Api.shimcreated.sentinel") at C:\Program Files\dotnet\sdk\9.0.304\Sdks\Microsoft.NET.Sdk\targets\Microsoft.NET.PackTool.targets (139,5)
       C:\Program Files\dotnet\sdk\9.0.304\Sdks\Microsoft.NET.Sdk\targets\Microsoft.NET.Sdk.CSharp.targets(31,5): message : Property reassignment: $(DefineConstants)="TRACE;DEBUG" (previous value: "TRACE") at C:\Program Files\dotnet\sdk\9.0.304\Sdks\Microsoft.NET.Sdk\targets\Microsoft.NET.Sdk.CSharp.targets (31,5)
       C:\Program Files\dotnet\sdk\9.0.304\Sdks\Microsoft.NET.Sdk\targets\Microsoft.NET.Sdk.CSharp.targets(34,5): message : Property reassignment: $(DefineConstants)="TRACE;DEBUG;NET;NET8_0;NETCOREAPP" (previous value: "TRACE;DEBUG") at C:\Program Files\dotnet\sdk\9.0.304\Sdks\Microsoft.NET.Sdk\targets\Microsoft.NET.Sdk.CSharp.targets (34,5)
       C:\Program Files\dotnet\sdk\9.0.304\Sdks\Microsoft.NET.Sdk\targets\Microsoft.NET.Sdk.CSharp.targets(48,5): message : Property reassignment: $(WarningsAsErrors)=";NU1605;SYSLIB0011" (previous value: ";NU1605") at C:\Program Files\dotnet\sdk\9.0.304\Sdks\Microsoft.NET.Sdk\targets\Microsoft.NET.Sdk.CSharp.targets (48,5)
       C:\Program Files\dotnet\sdk\9.0.304\Sdks\NuGet.Build.Tasks.Pack\build\NuGet.Build.Tasks.Pack.targets(34,5): message : Property reassignment: $(PackageDescription)="Package Description" (previous value: "") at C:\Program Files\dotnet\sdk\9.0.304\Sdks\NuGet.Build.Tasks.Pack\build\NuGet.Build.Tasks.Pack.targets (34,5)
       C:\Program Files\dotnet\sdk\9.0.304\Sdks\NuGet.Build.Tasks.Pack\build\NuGet.Build.Tasks.Pack.targets(59,5): message : Property reassignment: $(GenerateNuspecDependsOn)="Build;_LoadPackInputItems; _GetTargetFrameworksOutput; _WalkEachTargetPerFramework; _GetPackageFiles; " (previous value: "_LoadPackInputItems; _GetTargetFrameworksOutput; _WalkEachTargetPerFramework; _GetPackageFiles; ") at C:\Program Files\dotnet\sdk\9.0.304\Sdks\NuGet.Build.Tasks.Pack\build\NuGet.Build.Tasks.Pack.targets (59,5)
       C:\Program Files\dotnet\sdk\9.0.304\Sdks\Microsoft.NET.Sdk\Sdk\Sdk.targets(60,5): message : Property reassignment: $(_IsNotSetContainersTargetsDir)="true" (previous value: "false") at C:\Program Files\dotnet\sdk\9.0.304\Sdks\Microsoft.NET.Sdk\Sdk\Sdk.targets (60,5)
       C:\Program Files\dotnet\sdk\9.0.304\Containers\build\Microsoft.NET.Build.Containers.targets(5,5): message : Property reassignment: $(_IsSDKContainerAllowedVersion)="true" (previous value: "false") at C:\Program Files\dotnet\sdk\9.0.304\Containers\build\Microsoft.NET.Build.Containers.targets (5,5)
       C:\Program Files\dotnet\sdk\9.0.304\Containers\build\Microsoft.NET.Build.Containers.targets(15,5): message : Property reassignment: $(_ContainerIsTargetingNet8TFM)="true" (previous value: "false") at C:\Program Files\dotnet\sdk\9.0.304\Containers\build\Microsoft.NET.Build.Containers.targets (15,5)
       C:\Program Files\dotnet\sdk\9.0.304\Sdks\Microsoft.NET.Sdk.StaticWebAssets\targets\Sdk.StaticWebAssets.CurrentVersion.targets(37,18): message : Property 'DOTNET_HOST_PATH' with value 'C:\Program Files\dotnet\dotnet.exe' expanded from the environment.
       C:\Program Files\dotnet\sdk\9.0.304\Sdks\Microsoft.NET.Sdk.StaticWebAssets\targets\Microsoft.NET.Sdk.StaticWebAssets.targets(286,5): message : Property reassignment: $(PrepareForRunDependsOn)="StaticWebAssetsPrepareForRun;
       C:\Program Files\dotnet\sdk\9.0.304\Sdks\Microsoft.NET.Sdk.StaticWebAssets\targets\Microsoft.NET.Sdk.StaticWebAssets.targets(286,5): message :       CopyFilesToOutputDirectory
       C:\Program Files\dotnet\sdk\9.0.304\Sdks\Microsoft.NET.Sdk.StaticWebAssets\targets\Microsoft.NET.Sdk.StaticWebAssets.targets(286,5): message :     " (previous value: "
       C:\Program Files\dotnet\sdk\9.0.304\Sdks\Microsoft.NET.Sdk.StaticWebAssets\targets\Microsoft.NET.Sdk.StaticWebAssets.targets(286,5): message :       CopyFilesToOutputDirectory
       C:\Program Files\dotnet\sdk\9.0.304\Sdks\Microsoft.NET.Sdk.StaticWebAssets\targets\Microsoft.NET.Sdk.StaticWebAssets.targets(286,5): message :     ") at C:\Program Files\dotnet\sdk\9.0.304\Sdks\Microsoft.NET.Sdk.StaticWebAssets\targets\Microsoft.NET.Sdk.StaticWebAssets.targets (286,5)
       C:\Program Files\dotnet\sdk\9.0.304\Sdks\Microsoft.NET.Sdk.StaticWebAssets\targets\Microsoft.NET.Sdk.StaticWebAssets.targets(323,5): message : Property reassignment: $(GetCopyToOutputDirectoryItemsDependsOn)="
       C:\Program Files\dotnet\sdk\9.0.304\Sdks\Microsoft.NET.Sdk.StaticWebAssets\targets\Microsoft.NET.Sdk.StaticWebAssets.targets(323,5): message :       AssignTargetPaths;
       C:\Program Files\dotnet\sdk\9.0.304\Sdks\Microsoft.NET.Sdk.StaticWebAssets\targets\Microsoft.NET.Sdk.StaticWebAssets.targets(323,5): message :       
       C:\Program Files\dotnet\sdk\9.0.304\Sdks\Microsoft.NET.Sdk.StaticWebAssets\targets\Microsoft.NET.Sdk.StaticWebAssets.targets(323,5): message :       AssignProjectConfiguration;
       C:\Program Files\dotnet\sdk\9.0.304\Sdks\Microsoft.NET.Sdk.StaticWebAssets\targets\Microsoft.NET.Sdk.StaticWebAssets.targets(323,5): message :       _SplitProjectReferencesByFileExistence
       C:\Program Files\dotnet\sdk\9.0.304\Sdks\Microsoft.NET.Sdk.StaticWebAssets\targets\Microsoft.NET.Sdk.StaticWebAssets.targets(323,5): message :     ;
       C:\Program Files\dotnet\sdk\9.0.304\Sdks\Microsoft.NET.Sdk.StaticWebAssets\targets\Microsoft.NET.Sdk.StaticWebAssets.targets(323,5): message :       _GetProjectReferenceTargetFrameworkProperties;
       C:\Program Files\dotnet\sdk\9.0.304\Sdks\Microsoft.NET.Sdk.StaticWebAssets\targets\Microsoft.NET.Sdk.StaticWebAssets.targets(323,5): message :       _PopulateCommonStateForGetCopyToOutputDirectoryItems
       C:\Program Files\dotnet\sdk\9.0.304\Sdks\Microsoft.NET.Sdk.StaticWebAssets\targets\Microsoft.NET.Sdk.StaticWebAssets.targets(323,5): message :     ;AddStaticWebAssetsManifest;AddStaticWebAssetEndpointsBuildManifest" (previous value: "
       C:\Program Files\dotnet\sdk\9.0.304\Sdks\Microsoft.NET.Sdk.StaticWebAssets\targets\Microsoft.NET.Sdk.StaticWebAssets.targets(323,5): message :       AssignTargetPaths;
       C:\Program Files\dotnet\sdk\9.0.304\Sdks\Microsoft.NET.Sdk.StaticWebAssets\targets\Microsoft.NET.Sdk.StaticWebAssets.targets(323,5): message :       
       C:\Program Files\dotnet\sdk\9.0.304\Sdks\Microsoft.NET.Sdk.StaticWebAssets\targets\Microsoft.NET.Sdk.StaticWebAssets.targets(323,5): message :       AssignProjectConfiguration;
       C:\Program Files\dotnet\sdk\9.0.304\Sdks\Microsoft.NET.Sdk.StaticWebAssets\targets\Microsoft.NET.Sdk.StaticWebAssets.targets(323,5): message :       _SplitProjectReferencesByFileExistence
       C:\Program Files\dotnet\sdk\9.0.304\Sdks\Microsoft.NET.Sdk.StaticWebAssets\targets\Microsoft.NET.Sdk.StaticWebAssets.targets(323,5): message :     ;
       C:\Program Files\dotnet\sdk\9.0.304\Sdks\Microsoft.NET.Sdk.StaticWebAssets\targets\Microsoft.NET.Sdk.StaticWebAssets.targets(323,5): message :       _GetProjectReferenceTargetFrameworkProperties;
       C:\Program Files\dotnet\sdk\9.0.304\Sdks\Microsoft.NET.Sdk.StaticWebAssets\targets\Microsoft.NET.Sdk.StaticWebAssets.targets(323,5): message :       _PopulateCommonStateForGetCopyToOutputDirectoryItems
       C:\Program Files\dotnet\sdk\9.0.304\Sdks\Microsoft.NET.Sdk.StaticWebAssets\targets\Microsoft.NET.Sdk.StaticWebAssets.targets(323,5): message :     ") at C:\Program Files\dotnet\sdk\9.0.304\Sdks\Microsoft.NET.Sdk.StaticWebAssets\targets\Microsoft.NET.Sdk.StaticWebAssets.targets (323,5)
       C:\Program Files\dotnet\sdk\9.0.304\Sdks\Microsoft.NET.Sdk.StaticWebAssets\targets\Microsoft.NET.Sdk.StaticWebAssets.Pack.targets(46,5): message : Property reassignment: $(GenerateNuspecDependsOn)="
       C:\Program Files\dotnet\sdk\9.0.304\Sdks\Microsoft.NET.Sdk.StaticWebAssets\targets\Microsoft.NET.Sdk.StaticWebAssets.Pack.targets(46,5): message :       IncludeStaticWebAssetsPackItems;
       C:\Program Files\dotnet\sdk\9.0.304\Sdks\Microsoft.NET.Sdk.StaticWebAssets\targets\Microsoft.NET.Sdk.StaticWebAssets.Pack.targets(46,5): message :       Build;_LoadPackInputItems; _GetTargetFrameworksOutput; _WalkEachTargetPerFramework; _GetPackageFiles; ;
       C:\Program Files\dotnet\sdk\9.0.304\Sdks\Microsoft.NET.Sdk.StaticWebAssets\targets\Microsoft.NET.Sdk.StaticWebAssets.Pack.targets(46,5): message :     " (previous value: "Build;_LoadPackInputItems; _GetTargetFrameworksOutput; _WalkEachTargetPerFramework; _GetPackageFiles; ") at C:\Program Files\dotnet\sdk\9.0.304\Sdks\Microsoft.NET.Sdk.StaticWebAssets\targets\Microsoft.NET.Sdk.StaticWebAssets.Pack.targets (46,5)
       C:\Program Files\dotnet\sdk\9.0.304\Sdks\Microsoft.NET.Sdk.StaticWebAssets\targets\Microsoft.NET.Sdk.StaticWebAssets.Pack.targets(55,5): message : Property reassignment: $(IncludeStaticWebAssetsPackItemsDependsOn)="
       C:\Program Files\dotnet\sdk\9.0.304\Sdks\Microsoft.NET.Sdk.StaticWebAssets\targets\Microsoft.NET.Sdk.StaticWebAssets.Pack.targets(55,5): message :       Build;
       C:\Program Files\dotnet\sdk\9.0.304\Sdks\Microsoft.NET.Sdk.StaticWebAssets\targets\Microsoft.NET.Sdk.StaticWebAssets.Pack.targets(55,5): message :       ResolveStaticWebAssetsConfiguration;LoadStaticWebAssetsBuildManifest
       C:\Program Files\dotnet\sdk\9.0.304\Sdks\Microsoft.NET.Sdk.StaticWebAssets\targets\Microsoft.NET.Sdk.StaticWebAssets.Pack.targets(55,5): message :     ;
       C:\Program Files\dotnet\sdk\9.0.304\Sdks\Microsoft.NET.Sdk.StaticWebAssets\targets\Microsoft.NET.Sdk.StaticWebAssets.Pack.targets(55,5): message :     " (previous value: "
       C:\Program Files\dotnet\sdk\9.0.304\Sdks\Microsoft.NET.Sdk.StaticWebAssets\targets\Microsoft.NET.Sdk.StaticWebAssets.Pack.targets(55,5): message :       ResolveStaticWebAssetsConfiguration;LoadStaticWebAssetsBuildManifest
       C:\Program Files\dotnet\sdk\9.0.304\Sdks\Microsoft.NET.Sdk.StaticWebAssets\targets\Microsoft.NET.Sdk.StaticWebAssets.Pack.targets(55,5): message :     ") at C:\Program Files\dotnet\sdk\9.0.304\Sdks\Microsoft.NET.Sdk.StaticWebAssets\targets\Microsoft.NET.Sdk.StaticWebAssets.Pack.targets (55,5)
       C:\Program Files\dotnet\sdk\9.0.304\Sdks\Microsoft.NET.Sdk.StaticWebAssets\targets\Microsoft.NET.Sdk.StaticWebAssets.ScopedCss.targets(55,3): message : Property reassignment: $(ResolveStaticWebAssetsInputsDependsOn)="
       C:\Program Files\dotnet\sdk\9.0.304\Sdks\Microsoft.NET.Sdk.StaticWebAssets\targets\Microsoft.NET.Sdk.StaticWebAssets.ScopedCss.targets(55,3): message :     
       C:\Program Files\dotnet\sdk\9.0.304\Sdks\Microsoft.NET.Sdk.StaticWebAssets\targets\Microsoft.NET.Sdk.StaticWebAssets.ScopedCss.targets(55,3): message :       ResolveCoreStaticWebAssets;
       C:\Program Files\dotnet\sdk\9.0.304\Sdks\Microsoft.NET.Sdk.StaticWebAssets\targets\Microsoft.NET.Sdk.StaticWebAssets.ScopedCss.targets(55,3): message :       GenerateComputedBuildStaticWebAssets;
       C:\Program Files\dotnet\sdk\9.0.304\Sdks\Microsoft.NET.Sdk.StaticWebAssets\targets\Microsoft.NET.Sdk.StaticWebAssets.ScopedCss.targets(55,3): message :       
       C:\Program Files\dotnet\sdk\9.0.304\Sdks\Microsoft.NET.Sdk.StaticWebAssets\targets\Microsoft.NET.Sdk.StaticWebAssets.ScopedCss.targets(55,3): message :     ;
       C:\Program Files\dotnet\sdk\9.0.304\Sdks\Microsoft.NET.Sdk.StaticWebAssets\targets\Microsoft.NET.Sdk.StaticWebAssets.ScopedCss.targets(55,3): message :     ResolveScopedCssAssets;
       C:\Program Files\dotnet\sdk\9.0.304\Sdks\Microsoft.NET.Sdk.StaticWebAssets\targets\Microsoft.NET.Sdk.StaticWebAssets.ScopedCss.targets(55,3): message :   " (previous value: "
       C:\Program Files\dotnet\sdk\9.0.304\Sdks\Microsoft.NET.Sdk.StaticWebAssets\targets\Microsoft.NET.Sdk.StaticWebAssets.ScopedCss.targets(55,3): message :       ResolveCoreStaticWebAssets;
       C:\Program Files\dotnet\sdk\9.0.304\Sdks\Microsoft.NET.Sdk.StaticWebAssets\targets\Microsoft.NET.Sdk.StaticWebAssets.ScopedCss.targets(55,3): message :       GenerateComputedBuildStaticWebAssets;
       C:\Program Files\dotnet\sdk\9.0.304\Sdks\Microsoft.NET.Sdk.StaticWebAssets\targets\Microsoft.NET.Sdk.StaticWebAssets.ScopedCss.targets(55,3): message :       
       C:\Program Files\dotnet\sdk\9.0.304\Sdks\Microsoft.NET.Sdk.StaticWebAssets\targets\Microsoft.NET.Sdk.StaticWebAssets.ScopedCss.targets(55,3): message :     ") at C:\Program Files\dotnet\sdk\9.0.304\Sdks\Microsoft.NET.Sdk.StaticWebAssets\targets\Microsoft.NET.Sdk.StaticWebAssets.ScopedCss.targets (55,3)
       C:\Program Files\dotnet\sdk\9.0.304\Sdks\Microsoft.NET.Sdk.StaticWebAssets\targets\Microsoft.NET.Sdk.StaticWebAssets.ScopedCss.targets(88,3): message : Property reassignment: $(GenerateComputedBuildStaticWebAssetsDependsOn)="
       C:\Program Files\dotnet\sdk\9.0.304\Sdks\Microsoft.NET.Sdk.StaticWebAssets\targets\Microsoft.NET.Sdk.StaticWebAssets.ScopedCss.targets(88,3): message :     ResolveCoreStaticWebAssets;;
       C:\Program Files\dotnet\sdk\9.0.304\Sdks\Microsoft.NET.Sdk.StaticWebAssets\targets\Microsoft.NET.Sdk.StaticWebAssets.ScopedCss.targets(88,3): message :     BundleScopedCssFiles;
       C:\Program Files\dotnet\sdk\9.0.304\Sdks\Microsoft.NET.Sdk.StaticWebAssets\targets\Microsoft.NET.Sdk.StaticWebAssets.ScopedCss.targets(88,3): message :   " (previous value: "ResolveCoreStaticWebAssets;") at C:\Program Files\dotnet\sdk\9.0.304\Sdks\Microsoft.NET.Sdk.StaticWebAssets\targets\Microsoft.NET.Sdk.StaticWebAssets.ScopedCss.targets (88,3)
       C:\Program Files\dotnet\sdk\9.0.304\Sdks\Microsoft.NET.Sdk.StaticWebAssets\targets\Microsoft.NET.Sdk.StaticWebAssets.JSModules.targets(37,5): message : Property reassignment: $(ResolveCoreStaticWebAssetsDependsOn)="
       C:\Program Files\dotnet\sdk\9.0.304\Sdks\Microsoft.NET.Sdk.StaticWebAssets\targets\Microsoft.NET.Sdk.StaticWebAssets.JSModules.targets(37,5): message :       
       C:\Program Files\dotnet\sdk\9.0.304\Sdks\Microsoft.NET.Sdk.StaticWebAssets\targets\Microsoft.NET.Sdk.StaticWebAssets.JSModules.targets(37,5): message :       UpdateExistingPackageStaticWebAssets;
       C:\Program Files\dotnet\sdk\9.0.304\Sdks\Microsoft.NET.Sdk.StaticWebAssets\targets\Microsoft.NET.Sdk.StaticWebAssets.JSModules.targets(37,5): message :       ResolveProjectStaticWebAssets;
       C:\Program Files\dotnet\sdk\9.0.304\Sdks\Microsoft.NET.Sdk.StaticWebAssets\targets\Microsoft.NET.Sdk.StaticWebAssets.JSModules.targets(37,5): message :       ResolveEmbeddedProjectsStaticWebAssets;
       C:\Program Files\dotnet\sdk\9.0.304\Sdks\Microsoft.NET.Sdk.StaticWebAssets\targets\Microsoft.NET.Sdk.StaticWebAssets.JSModules.targets(37,5): message :       ResolveReferencedProjectsStaticWebAssets;
       C:\Program Files\dotnet\sdk\9.0.304\Sdks\Microsoft.NET.Sdk.StaticWebAssets\targets\Microsoft.NET.Sdk.StaticWebAssets.JSModules.targets(37,5): message :       ;
       C:\Program Files\dotnet\sdk\9.0.304\Sdks\Microsoft.NET.Sdk.StaticWebAssets\targets\Microsoft.NET.Sdk.StaticWebAssets.JSModules.targets(37,5): message :     ;
       C:\Program Files\dotnet\sdk\9.0.304\Sdks\Microsoft.NET.Sdk.StaticWebAssets\targets\Microsoft.NET.Sdk.StaticWebAssets.JSModules.targets(37,5): message :       ResolveJsInitializerModuleStaticWebAssets;
       C:\Program Files\dotnet\sdk\9.0.304\Sdks\Microsoft.NET.Sdk.StaticWebAssets\targets\Microsoft.NET.Sdk.StaticWebAssets.JSModules.targets(37,5): message :     " (previous value: "
       C:\Program Files\dotnet\sdk\9.0.304\Sdks\Microsoft.NET.Sdk.StaticWebAssets\targets\Microsoft.NET.Sdk.StaticWebAssets.JSModules.targets(37,5): message :       UpdateExistingPackageStaticWebAssets;
       C:\Program Files\dotnet\sdk\9.0.304\Sdks\Microsoft.NET.Sdk.StaticWebAssets\targets\Microsoft.NET.Sdk.StaticWebAssets.JSModules.targets(37,5): message :       ResolveProjectStaticWebAssets;
       C:\Program Files\dotnet\sdk\9.0.304\Sdks\Microsoft.NET.Sdk.StaticWebAssets\targets\Microsoft.NET.Sdk.StaticWebAssets.JSModules.targets(37,5): message :       ResolveEmbeddedProjectsStaticWebAssets;
       C:\Program Files\dotnet\sdk\9.0.304\Sdks\Microsoft.NET.Sdk.StaticWebAssets\targets\Microsoft.NET.Sdk.StaticWebAssets.JSModules.targets(37,5): message :       ResolveReferencedProjectsStaticWebAssets;
       C:\Program Files\dotnet\sdk\9.0.304\Sdks\Microsoft.NET.Sdk.StaticWebAssets\targets\Microsoft.NET.Sdk.StaticWebAssets.JSModules.targets(37,5): message :       ;
       C:\Program Files\dotnet\sdk\9.0.304\Sdks\Microsoft.NET.Sdk.StaticWebAssets\targets\Microsoft.NET.Sdk.StaticWebAssets.JSModules.targets(37,5): message :     ") at C:\Program Files\dotnet\sdk\9.0.304\Sdks\Microsoft.NET.Sdk.StaticWebAssets\targets\Microsoft.NET.Sdk.StaticWebAssets.JSModules.targets (37,5)
       C:\Program Files\dotnet\sdk\9.0.304\Sdks\Microsoft.NET.Sdk.StaticWebAssets\targets\Microsoft.NET.Sdk.StaticWebAssets.JSModules.targets(42,5): message : Property reassignment: $(ResolveCoreStaticWebAssetsDependsOn)="
       C:\Program Files\dotnet\sdk\9.0.304\Sdks\Microsoft.NET.Sdk.StaticWebAssets\targets\Microsoft.NET.Sdk.StaticWebAssets.JSModules.targets(42,5): message :       
       C:\Program Files\dotnet\sdk\9.0.304\Sdks\Microsoft.NET.Sdk.StaticWebAssets\targets\Microsoft.NET.Sdk.StaticWebAssets.JSModules.targets(42,5): message :       
       C:\Program Files\dotnet\sdk\9.0.304\Sdks\Microsoft.NET.Sdk.StaticWebAssets\targets\Microsoft.NET.Sdk.StaticWebAssets.JSModules.targets(42,5): message :       UpdateExistingPackageStaticWebAssets;
       C:\Program Files\dotnet\sdk\9.0.304\Sdks\Microsoft.NET.Sdk.StaticWebAssets\targets\Microsoft.NET.Sdk.StaticWebAssets.JSModules.targets(42,5): message :       ResolveProjectStaticWebAssets;
       C:\Program Files\dotnet\sdk\9.0.304\Sdks\Microsoft.NET.Sdk.StaticWebAssets\targets\Microsoft.NET.Sdk.StaticWebAssets.JSModules.targets(42,5): message :       ResolveEmbeddedProjectsStaticWebAssets;
       C:\Program Files\dotnet\sdk\9.0.304\Sdks\Microsoft.NET.Sdk.StaticWebAssets\targets\Microsoft.NET.Sdk.StaticWebAssets.JSModules.targets(42,5): message :       ResolveReferencedProjectsStaticWebAssets;
       C:\Program Files\dotnet\sdk\9.0.304\Sdks\Microsoft.NET.Sdk.StaticWebAssets\targets\Microsoft.NET.Sdk.StaticWebAssets.JSModules.targets(42,5): message :       ;
       C:\Program Files\dotnet\sdk\9.0.304\Sdks\Microsoft.NET.Sdk.StaticWebAssets\targets\Microsoft.NET.Sdk.StaticWebAssets.JSModules.targets(42,5): message :     ;
       C:\Program Files\dotnet\sdk\9.0.304\Sdks\Microsoft.NET.Sdk.StaticWebAssets\targets\Microsoft.NET.Sdk.StaticWebAssets.JSModules.targets(42,5): message :       ResolveJsInitializerModuleStaticWebAssets;
       C:\Program Files\dotnet\sdk\9.0.304\Sdks\Microsoft.NET.Sdk.StaticWebAssets\targets\Microsoft.NET.Sdk.StaticWebAssets.JSModules.targets(42,5): message :     ;
       C:\Program Files\dotnet\sdk\9.0.304\Sdks\Microsoft.NET.Sdk.StaticWebAssets\targets\Microsoft.NET.Sdk.StaticWebAssets.JSModules.targets(42,5): message :       ResolveJSModuleStaticWebAssets;
       C:\Program Files\dotnet\sdk\9.0.304\Sdks\Microsoft.NET.Sdk.StaticWebAssets\targets\Microsoft.NET.Sdk.StaticWebAssets.JSModules.targets(42,5): message :     " (previous value: "
       C:\Program Files\dotnet\sdk\9.0.304\Sdks\Microsoft.NET.Sdk.StaticWebAssets\targets\Microsoft.NET.Sdk.StaticWebAssets.JSModules.targets(42,5): message :       
       C:\Program Files\dotnet\sdk\9.0.304\Sdks\Microsoft.NET.Sdk.StaticWebAssets\targets\Microsoft.NET.Sdk.StaticWebAssets.JSModules.targets(42,5): message :       UpdateExistingPackageStaticWebAssets;
       C:\Program Files\dotnet\sdk\9.0.304\Sdks\Microsoft.NET.Sdk.StaticWebAssets\targets\Microsoft.NET.Sdk.StaticWebAssets.JSModules.targets(42,5): message :       ResolveProjectStaticWebAssets;
       C:\Program Files\dotnet\sdk\9.0.304\Sdks\Microsoft.NET.Sdk.StaticWebAssets\targets\Microsoft.NET.Sdk.StaticWebAssets.JSModules.targets(42,5): message :       ResolveEmbeddedProjectsStaticWebAssets;
       C:\Program Files\dotnet\sdk\9.0.304\Sdks\Microsoft.NET.Sdk.StaticWebAssets\targets\Microsoft.NET.Sdk.StaticWebAssets.JSModules.targets(42,5): message :       ResolveReferencedProjectsStaticWebAssets;
       C:\Program Files\dotnet\sdk\9.0.304\Sdks\Microsoft.NET.Sdk.StaticWebAssets\targets\Microsoft.NET.Sdk.StaticWebAssets.JSModules.targets(42,5): message :       ;
       C:\Program Files\dotnet\sdk\9.0.304\Sdks\Microsoft.NET.Sdk.StaticWebAssets\targets\Microsoft.NET.Sdk.StaticWebAssets.JSModules.targets(42,5): message :     ;
       C:\Program Files\dotnet\sdk\9.0.304\Sdks\Microsoft.NET.Sdk.StaticWebAssets\targets\Microsoft.NET.Sdk.StaticWebAssets.JSModules.targets(42,5): message :       ResolveJsInitializerModuleStaticWebAssets;
       C:\Program Files\dotnet\sdk\9.0.304\Sdks\Microsoft.NET.Sdk.StaticWebAssets\targets\Microsoft.NET.Sdk.StaticWebAssets.JSModules.targets(42,5): message :     ") at C:\Program Files\dotnet\sdk\9.0.304\Sdks\Microsoft.NET.Sdk.StaticWebAssets\targets\Microsoft.NET.Sdk.StaticWebAssets.JSModules.targets (42,5)
       C:\Program Files\dotnet\sdk\9.0.304\Sdks\Microsoft.NET.Sdk.StaticWebAssets\targets\Microsoft.NET.Sdk.StaticWebAssets.JSModules.targets(57,5): message : Property reassignment: $(ResolveStaticWebAssetsInputsDependsOn)="
       C:\Program Files\dotnet\sdk\9.0.304\Sdks\Microsoft.NET.Sdk.StaticWebAssets\targets\Microsoft.NET.Sdk.StaticWebAssets.JSModules.targets(57,5): message :       ResolveJSModuleManifestBuildStaticWebAssets;
       C:\Program Files\dotnet\sdk\9.0.304\Sdks\Microsoft.NET.Sdk.StaticWebAssets\targets\Microsoft.NET.Sdk.StaticWebAssets.JSModules.targets(57,5): message :       
       C:\Program Files\dotnet\sdk\9.0.304\Sdks\Microsoft.NET.Sdk.StaticWebAssets\targets\Microsoft.NET.Sdk.StaticWebAssets.JSModules.targets(57,5): message :     
       C:\Program Files\dotnet\sdk\9.0.304\Sdks\Microsoft.NET.Sdk.StaticWebAssets\targets\Microsoft.NET.Sdk.StaticWebAssets.JSModules.targets(57,5): message :       ResolveCoreStaticWebAssets;
       C:\Program Files\dotnet\sdk\9.0.304\Sdks\Microsoft.NET.Sdk.StaticWebAssets\targets\Microsoft.NET.Sdk.StaticWebAssets.JSModules.targets(57,5): message :       GenerateComputedBuildStaticWebAssets;
       C:\Program Files\dotnet\sdk\9.0.304\Sdks\Microsoft.NET.Sdk.StaticWebAssets\targets\Microsoft.NET.Sdk.StaticWebAssets.JSModules.targets(57,5): message :       
       C:\Program Files\dotnet\sdk\9.0.304\Sdks\Microsoft.NET.Sdk.StaticWebAssets\targets\Microsoft.NET.Sdk.StaticWebAssets.JSModules.targets(57,5): message :     ;
       C:\Program Files\dotnet\sdk\9.0.304\Sdks\Microsoft.NET.Sdk.StaticWebAssets\targets\Microsoft.NET.Sdk.StaticWebAssets.JSModules.targets(57,5): message :     ResolveScopedCssAssets;
       C:\Program Files\dotnet\sdk\9.0.304\Sdks\Microsoft.NET.Sdk.StaticWebAssets\targets\Microsoft.NET.Sdk.StaticWebAssets.JSModules.targets(57,5): message :   
       C:\Program Files\dotnet\sdk\9.0.304\Sdks\Microsoft.NET.Sdk.StaticWebAssets\targets\Microsoft.NET.Sdk.StaticWebAssets.JSModules.targets(57,5): message :     " (previous value: "
       C:\Program Files\dotnet\sdk\9.0.304\Sdks\Microsoft.NET.Sdk.StaticWebAssets\targets\Microsoft.NET.Sdk.StaticWebAssets.JSModules.targets(57,5): message :     
       C:\Program Files\dotnet\sdk\9.0.304\Sdks\Microsoft.NET.Sdk.StaticWebAssets\targets\Microsoft.NET.Sdk.StaticWebAssets.JSModules.targets(57,5): message :       ResolveCoreStaticWebAssets;
       C:\Program Files\dotnet\sdk\9.0.304\Sdks\Microsoft.NET.Sdk.StaticWebAssets\targets\Microsoft.NET.Sdk.StaticWebAssets.JSModules.targets(57,5): message :       GenerateComputedBuildStaticWebAssets;
       C:\Program Files\dotnet\sdk\9.0.304\Sdks\Microsoft.NET.Sdk.StaticWebAssets\targets\Microsoft.NET.Sdk.StaticWebAssets.JSModules.targets(57,5): message :       
       C:\Program Files\dotnet\sdk\9.0.304\Sdks\Microsoft.NET.Sdk.StaticWebAssets\targets\Microsoft.NET.Sdk.StaticWebAssets.JSModules.targets(57,5): message :     ;
       C:\Program Files\dotnet\sdk\9.0.304\Sdks\Microsoft.NET.Sdk.StaticWebAssets\targets\Microsoft.NET.Sdk.StaticWebAssets.JSModules.targets(57,5): message :     ResolveScopedCssAssets;
       C:\Program Files\dotnet\sdk\9.0.304\Sdks\Microsoft.NET.Sdk.StaticWebAssets\targets\Microsoft.NET.Sdk.StaticWebAssets.JSModules.targets(57,5): message :   ") at C:\Program Files\dotnet\sdk\9.0.304\Sdks\Microsoft.NET.Sdk.StaticWebAssets\targets\Microsoft.NET.Sdk.StaticWebAssets.JSModules.targets (57,5)
       C:\Program Files\dotnet\sdk\9.0.304\Sdks\Microsoft.NET.Sdk.StaticWebAssets\targets\Microsoft.NET.Sdk.StaticWebAssets.JSModules.targets(76,5): message : Property reassignment: $(ResolvePublishStaticWebAssetsDependsOn)="
       C:\Program Files\dotnet\sdk\9.0.304\Sdks\Microsoft.NET.Sdk.StaticWebAssets\targets\Microsoft.NET.Sdk.StaticWebAssets.JSModules.targets(76,5): message :       ResolveJSModuleManifestPublishStaticWebAssets;
       C:\Program Files\dotnet\sdk\9.0.304\Sdks\Microsoft.NET.Sdk.StaticWebAssets\targets\Microsoft.NET.Sdk.StaticWebAssets.JSModules.targets(76,5): message :       
       C:\Program Files\dotnet\sdk\9.0.304\Sdks\Microsoft.NET.Sdk.StaticWebAssets\targets\Microsoft.NET.Sdk.StaticWebAssets.JSModules.targets(76,5): message :       ResolveCorePublishStaticWebAssets;
       C:\Program Files\dotnet\sdk\9.0.304\Sdks\Microsoft.NET.Sdk.StaticWebAssets\targets\Microsoft.NET.Sdk.StaticWebAssets.JSModules.targets(76,5): message :       GenerateComputedPublishStaticWebAssets;
       C:\Program Files\dotnet\sdk\9.0.304\Sdks\Microsoft.NET.Sdk.StaticWebAssets\targets\Microsoft.NET.Sdk.StaticWebAssets.JSModules.targets(76,5): message :       ;
       C:\Program Files\dotnet\sdk\9.0.304\Sdks\Microsoft.NET.Sdk.StaticWebAssets\targets\Microsoft.NET.Sdk.StaticWebAssets.JSModules.targets(76,5): message :     
       C:\Program Files\dotnet\sdk\9.0.304\Sdks\Microsoft.NET.Sdk.StaticWebAssets\targets\Microsoft.NET.Sdk.StaticWebAssets.JSModules.targets(76,5): message :     " (previous value: "
       C:\Program Files\dotnet\sdk\9.0.304\Sdks\Microsoft.NET.Sdk.StaticWebAssets\targets\Microsoft.NET.Sdk.StaticWebAssets.JSModules.targets(76,5): message :       ResolveCorePublishStaticWebAssets;
       C:\Program Files\dotnet\sdk\9.0.304\Sdks\Microsoft.NET.Sdk.StaticWebAssets\targets\Microsoft.NET.Sdk.StaticWebAssets.JSModules.targets(76,5): message :       GenerateComputedPublishStaticWebAssets;
       C:\Program Files\dotnet\sdk\9.0.304\Sdks\Microsoft.NET.Sdk.StaticWebAssets\targets\Microsoft.NET.Sdk.StaticWebAssets.JSModules.targets(76,5): message :       ;
       C:\Program Files\dotnet\sdk\9.0.304\Sdks\Microsoft.NET.Sdk.StaticWebAssets\targets\Microsoft.NET.Sdk.StaticWebAssets.JSModules.targets(76,5): message :     ") at C:\Program Files\dotnet\sdk\9.0.304\Sdks\Microsoft.NET.Sdk.StaticWebAssets\targets\Microsoft.NET.Sdk.StaticWebAssets.JSModules.targets (76,5)
       C:\Program Files\dotnet\sdk\9.0.304\Sdks\Microsoft.NET.Sdk.StaticWebAssets\targets\Microsoft.NET.Sdk.StaticWebAssets.Compression.targets(179,5): message : Property reassignment: $(ResolveBuildRelatedStaticWebAssetsDependsOn)="
       C:\Program Files\dotnet\sdk\9.0.304\Sdks\Microsoft.NET.Sdk.StaticWebAssets\targets\Microsoft.NET.Sdk.StaticWebAssets.Compression.targets(179,5): message :       ResolveBuildCompressedStaticWebAssets;
       C:\Program Files\dotnet\sdk\9.0.304\Sdks\Microsoft.NET.Sdk.StaticWebAssets\targets\Microsoft.NET.Sdk.StaticWebAssets.Compression.targets(179,5): message :       
       C:\Program Files\dotnet\sdk\9.0.304\Sdks\Microsoft.NET.Sdk.StaticWebAssets\targets\Microsoft.NET.Sdk.StaticWebAssets.Compression.targets(179,5): message :       ResolveStaticWebAssetsInputs;
       C:\Program Files\dotnet\sdk\9.0.304\Sdks\Microsoft.NET.Sdk.StaticWebAssets\targets\Microsoft.NET.Sdk.StaticWebAssets.Compression.targets(179,5): message :       
       C:\Program Files\dotnet\sdk\9.0.304\Sdks\Microsoft.NET.Sdk.StaticWebAssets\targets\Microsoft.NET.Sdk.StaticWebAssets.Compression.targets(179,5): message :     
       C:\Program Files\dotnet\sdk\9.0.304\Sdks\Microsoft.NET.Sdk.StaticWebAssets\targets\Microsoft.NET.Sdk.StaticWebAssets.Compression.targets(179,5): message :     " (previous value: "
       C:\Program Files\dotnet\sdk\9.0.304\Sdks\Microsoft.NET.Sdk.StaticWebAssets\targets\Microsoft.NET.Sdk.StaticWebAssets.Compression.targets(179,5): message :       ResolveStaticWebAssetsInputs;
       C:\Program Files\dotnet\sdk\9.0.304\Sdks\Microsoft.NET.Sdk.StaticWebAssets\targets\Microsoft.NET.Sdk.StaticWebAssets.Compression.targets(179,5): message :       
       C:\Program Files\dotnet\sdk\9.0.304\Sdks\Microsoft.NET.Sdk.StaticWebAssets\targets\Microsoft.NET.Sdk.StaticWebAssets.Compression.targets(179,5): message :     ") at C:\Program Files\dotnet\sdk\9.0.304\Sdks\Microsoft.NET.Sdk.StaticWebAssets\targets\Microsoft.NET.Sdk.StaticWebAssets.Compression.targets (179,5)
       C:\Program Files\dotnet\sdk\9.0.304\Sdks\Microsoft.NET.Sdk.StaticWebAssets\targets\Microsoft.NET.Sdk.StaticWebAssets.Compression.targets(198,5): message : Property reassignment: $(ResolvePublishRelatedStaticWebAssetsDependsOn)="
       C:\Program Files\dotnet\sdk\9.0.304\Sdks\Microsoft.NET.Sdk.StaticWebAssets\targets\Microsoft.NET.Sdk.StaticWebAssets.Compression.targets(198,5): message :       ResolvePublishCompressedStaticWebAssets;
       C:\Program Files\dotnet\sdk\9.0.304\Sdks\Microsoft.NET.Sdk.StaticWebAssets\targets\Microsoft.NET.Sdk.StaticWebAssets.Compression.targets(198,5): message :       
       C:\Program Files\dotnet\sdk\9.0.304\Sdks\Microsoft.NET.Sdk.StaticWebAssets\targets\Microsoft.NET.Sdk.StaticWebAssets.Compression.targets(198,5): message :     " (previous value: "") at C:\Program Files\dotnet\sdk\9.0.304\Sdks\Microsoft.NET.Sdk.StaticWebAssets\targets\Microsoft.NET.Sdk.StaticWebAssets.Compression.targets (198,5)
       C:\Program Files\dotnet\sdk\9.0.304\Sdks\Microsoft.NET.Sdk.Razor\targets\Sdk.Razor.CurrentVersion.targets(205,5): message : Property reassignment: $(DebugSymbolsProjectOutputGroupDependsOn)="
       C:\Program Files\dotnet\sdk\9.0.304\Sdks\Microsoft.NET.Sdk.Razor\targets\Sdk.Razor.CurrentVersion.targets(205,5): message :       ;
       C:\Program Files\dotnet\sdk\9.0.304\Sdks\Microsoft.NET.Sdk.Razor\targets\Sdk.Razor.CurrentVersion.targets(205,5): message :       _RazorAddDebugSymbolsProjectOutputGroupOutput
       C:\Program Files\dotnet\sdk\9.0.304\Sdks\Microsoft.NET.Sdk.Razor\targets\Sdk.Razor.CurrentVersion.targets(205,5): message :     " (previous value: "") at C:\Program Files\dotnet\sdk\9.0.304\Sdks\Microsoft.NET.Sdk.Razor\targets\Sdk.Razor.CurrentVersion.targets (205,5)
       C:\Program Files\dotnet\sdk\9.0.304\Sdks\Microsoft.NET.Sdk.Razor\targets\Sdk.Razor.CurrentVersion.targets(210,5): message : Property reassignment: $(PrepareForBuildDependsOn)="
       C:\Program Files\dotnet\sdk\9.0.304\Sdks\Microsoft.NET.Sdk.Razor\targets\Sdk.Razor.CurrentVersion.targets(210,5): message :       ;GetFrameworkPaths;GetReferenceAssemblyPaths;AssignLinkMetadata;
       C:\Program Files\dotnet\sdk\9.0.304\Sdks\Microsoft.NET.Sdk.Razor\targets\Sdk.Razor.CurrentVersion.targets(210,5): message :       ResolveRazorGenerateInputs
       C:\Program Files\dotnet\sdk\9.0.304\Sdks\Microsoft.NET.Sdk.Razor\targets\Sdk.Razor.CurrentVersion.targets(210,5): message :     " (previous value: ";GetFrameworkPaths;GetReferenceAssemblyPaths;AssignLinkMetadata") at C:\Program Files\dotnet\sdk\9.0.304\Sdks\Microsoft.NET.Sdk.Razor\targets\Sdk.Razor.CurrentVersion.targets (210,5)
       C:\Program Files\dotnet\sdk\9.0.304\Sdks\Microsoft.NET.Sdk.Razor\targets\Sdk.Razor.CurrentVersion.targets(215,5): message : Property reassignment: $(GenerateNuspecDependsOn)="
       C:\Program Files\dotnet\sdk\9.0.304\Sdks\Microsoft.NET.Sdk.Razor\targets\Sdk.Razor.CurrentVersion.targets(215,5): message :       ResolveRazorGenerateInputs;
       C:\Program Files\dotnet\sdk\9.0.304\Sdks\Microsoft.NET.Sdk.Razor\targets\Sdk.Razor.CurrentVersion.targets(215,5): message :       
       C:\Program Files\dotnet\sdk\9.0.304\Sdks\Microsoft.NET.Sdk.Razor\targets\Sdk.Razor.CurrentVersion.targets(215,5): message :       IncludeStaticWebAssetsPackItems;
       C:\Program Files\dotnet\sdk\9.0.304\Sdks\Microsoft.NET.Sdk.Razor\targets\Sdk.Razor.CurrentVersion.targets(215,5): message :       Build;_LoadPackInputItems; _GetTargetFrameworksOutput; _WalkEachTargetPerFramework; _GetPackageFiles; ;
       C:\Program Files\dotnet\sdk\9.0.304\Sdks\Microsoft.NET.Sdk.Razor\targets\Sdk.Razor.CurrentVersion.targets(215,5): message :     
       C:\Program Files\dotnet\sdk\9.0.304\Sdks\Microsoft.NET.Sdk.Razor\targets\Sdk.Razor.CurrentVersion.targets(215,5): message :     " (previous value: "
       C:\Program Files\dotnet\sdk\9.0.304\Sdks\Microsoft.NET.Sdk.Razor\targets\Sdk.Razor.CurrentVersion.targets(215,5): message :       IncludeStaticWebAssetsPackItems;
       C:\Program Files\dotnet\sdk\9.0.304\Sdks\Microsoft.NET.Sdk.Razor\targets\Sdk.Razor.CurrentVersion.targets(215,5): message :       Build;_LoadPackInputItems; _GetTargetFrameworksOutput; _WalkEachTargetPerFramework; _GetPackageFiles; ;
       C:\Program Files\dotnet\sdk\9.0.304\Sdks\Microsoft.NET.Sdk.Razor\targets\Sdk.Razor.CurrentVersion.targets(215,5): message :     ") at C:\Program Files\dotnet\sdk\9.0.304\Sdks\Microsoft.NET.Sdk.Razor\targets\Sdk.Razor.CurrentVersion.targets (215,5)
       C:\Program Files\dotnet\sdk\9.0.304\Sdks\Microsoft.NET.Sdk.Razor\targets\Sdk.Razor.CurrentVersion.targets(220,5): message : Property reassignment: $(PrepareForRunDependsOn)="
       C:\Program Files\dotnet\sdk\9.0.304\Sdks\Microsoft.NET.Sdk.Razor\targets\Sdk.Razor.CurrentVersion.targets(220,5): message :       _RazorPrepareForRun;
       C:\Program Files\dotnet\sdk\9.0.304\Sdks\Microsoft.NET.Sdk.Razor\targets\Sdk.Razor.CurrentVersion.targets(220,5): message :       StaticWebAssetsPrepareForRun;
       C:\Program Files\dotnet\sdk\9.0.304\Sdks\Microsoft.NET.Sdk.Razor\targets\Sdk.Razor.CurrentVersion.targets(220,5): message :       CopyFilesToOutputDirectory
       C:\Program Files\dotnet\sdk\9.0.304\Sdks\Microsoft.NET.Sdk.Razor\targets\Sdk.Razor.CurrentVersion.targets(220,5): message :     
       C:\Program Files\dotnet\sdk\9.0.304\Sdks\Microsoft.NET.Sdk.Razor\targets\Sdk.Razor.CurrentVersion.targets(220,5): message :     " (previous value: "StaticWebAssetsPrepareForRun;
       C:\Program Files\dotnet\sdk\9.0.304\Sdks\Microsoft.NET.Sdk.Razor\targets\Sdk.Razor.CurrentVersion.targets(220,5): message :       CopyFilesToOutputDirectory
       C:\Program Files\dotnet\sdk\9.0.304\Sdks\Microsoft.NET.Sdk.Razor\targets\Sdk.Razor.CurrentVersion.targets(220,5): message :     ") at C:\Program Files\dotnet\sdk\9.0.304\Sdks\Microsoft.NET.Sdk.Razor\targets\Sdk.Razor.CurrentVersion.targets (220,5)
       C:\Program Files\dotnet\sdk\9.0.304\Sdks\Microsoft.NET.Sdk.Razor\targets\Sdk.Razor.CurrentVersion.targets(311,5): message : Property reassignment: $(UseRazorBuildServer)="true" (previous value: "") at C:\Program Files\dotnet\sdk\9.0.304\Sdks\Microsoft.NET.Sdk.Razor\targets\Sdk.Razor.CurrentVersion.targets (311,5)
       C:\Program Files\dotnet\sdk\9.0.304\Sdks\Microsoft.NET.Sdk.Razor\targets\Sdk.Razor.CurrentVersion.targets(317,5): message : Property reassignment: $(_RazorDebugSymbolsProduced)="true" (previous value: "false") at C:\Program Files\dotnet\sdk\9.0.304\Sdks\Microsoft.NET.Sdk.Razor\targets\Sdk.Razor.CurrentVersion.targets (317,5)
       C:\Program Files\dotnet\sdk\9.0.304\Sdks\Microsoft.NET.Sdk.Razor\targets\Microsoft.NET.Sdk.Razor.GenerateAssemblyInfo.targets(36,5): message : Property reassignment: $(GenerateRazorTargetAssemblyInfoDependsOn)="
       C:\Program Files\dotnet\sdk\9.0.304\Sdks\Microsoft.NET.Sdk.Razor\targets\Microsoft.NET.Sdk.Razor.GenerateAssemblyInfo.targets(36,5): message :       _ResolveMvcAssemblyAttributes;
       C:\Program Files\dotnet\sdk\9.0.304\Sdks\Microsoft.NET.Sdk.Razor\targets\Microsoft.NET.Sdk.Razor.GenerateAssemblyInfo.targets(36,5): message :       
       C:\Program Files\dotnet\sdk\9.0.304\Sdks\Microsoft.NET.Sdk.Razor\targets\Microsoft.NET.Sdk.Razor.GenerateAssemblyInfo.targets(36,5): message :       GetRazorTargetAssemblyAttributes;
       C:\Program Files\dotnet\sdk\9.0.304\Sdks\Microsoft.NET.Sdk.Razor\targets\Microsoft.NET.Sdk.Razor.GenerateAssemblyInfo.targets(36,5): message :       _CreateRazorTargetAssemblyInfoInputsCacheFile;
       C:\Program Files\dotnet\sdk\9.0.304\Sdks\Microsoft.NET.Sdk.Razor\targets\Microsoft.NET.Sdk.Razor.GenerateAssemblyInfo.targets(36,5): message :       CoreGenerateRazorTargetAssemblyInfo
       C:\Program Files\dotnet\sdk\9.0.304\Sdks\Microsoft.NET.Sdk.Razor\targets\Microsoft.NET.Sdk.Razor.GenerateAssemblyInfo.targets(36,5): message :     
       C:\Program Files\dotnet\sdk\9.0.304\Sdks\Microsoft.NET.Sdk.Razor\targets\Microsoft.NET.Sdk.Razor.GenerateAssemblyInfo.targets(36,5): message :     " (previous value: "
       C:\Program Files\dotnet\sdk\9.0.304\Sdks\Microsoft.NET.Sdk.Razor\targets\Microsoft.NET.Sdk.Razor.GenerateAssemblyInfo.targets(36,5): message :       GetRazorTargetAssemblyAttributes;
       C:\Program Files\dotnet\sdk\9.0.304\Sdks\Microsoft.NET.Sdk.Razor\targets\Microsoft.NET.Sdk.Razor.GenerateAssemblyInfo.targets(36,5): message :       _CreateRazorTargetAssemblyInfoInputsCacheFile;
       C:\Program Files\dotnet\sdk\9.0.304\Sdks\Microsoft.NET.Sdk.Razor\targets\Microsoft.NET.Sdk.Razor.GenerateAssemblyInfo.targets(36,5): message :       CoreGenerateRazorTargetAssemblyInfo
       C:\Program Files\dotnet\sdk\9.0.304\Sdks\Microsoft.NET.Sdk.Razor\targets\Microsoft.NET.Sdk.Razor.GenerateAssemblyInfo.targets(36,5): message :     ") at C:\Program Files\dotnet\sdk\9.0.304\Sdks\Microsoft.NET.Sdk.Razor\targets\Microsoft.NET.Sdk.Razor.GenerateAssemblyInfo.targets (36,5)
       C:\Program Files\dotnet\sdk\9.0.304\Sdks\Microsoft.NET.Sdk.Razor\targets\Microsoft.NET.Sdk.Razor.GenerateAssemblyInfo.targets(181,5): message : Property reassignment: $(CoreCompileDependsOn)="
       C:\Program Files\dotnet\sdk\9.0.304\Sdks\Microsoft.NET.Sdk.Razor\targets\Microsoft.NET.Sdk.Razor.GenerateAssemblyInfo.targets(181,5): message :       ;_ComputeNonExistentFileProperty;ResolveCodeAnalysisRuleSet;
       C:\Program Files\dotnet\sdk\9.0.304\Sdks\Microsoft.NET.Sdk.Razor\targets\Microsoft.NET.Sdk.Razor.GenerateAssemblyInfo.targets(181,5): message :       _GenerateRazorAssemblyInfo
       C:\Program Files\dotnet\sdk\9.0.304\Sdks\Microsoft.NET.Sdk.Razor\targets\Microsoft.NET.Sdk.Razor.GenerateAssemblyInfo.targets(181,5): message :     " (previous value: ";_ComputeNonExistentFileProperty;ResolveCodeAnalysisRuleSet") at C:\Program Files\dotnet\sdk\9.0.304\Sdks\Microsoft.NET.Sdk.Razor\targets\Microsoft.NET.Sdk.Razor.GenerateAssemblyInfo.targets (181,5)
       C:\Program Files\dotnet\sdk\9.0.304\Sdks\Microsoft.NET.Sdk.Razor\targets\Microsoft.NET.Sdk.Razor.GenerateAssemblyInfo.targets(189,5): message : Property reassignment: $(_GenerateRazorAssemblyInfoDependsOn)="
       C:\Program Files\dotnet\sdk\9.0.304\Sdks\Microsoft.NET.Sdk.Razor\targets\Microsoft.NET.Sdk.Razor.GenerateAssemblyInfo.targets(189,5): message :       _ResolveMvcAssemblyAttributes;
       C:\Program Files\dotnet\sdk\9.0.304\Sdks\Microsoft.NET.Sdk.Razor\targets\Microsoft.NET.Sdk.Razor.GenerateAssemblyInfo.targets(189,5): message :       RazorGetAssemblyAttributes;PrepareForBuild;_CoreGenerateRazorAssemblyInfo;
       C:\Program Files\dotnet\sdk\9.0.304\Sdks\Microsoft.NET.Sdk.Razor\targets\Microsoft.NET.Sdk.Razor.GenerateAssemblyInfo.targets(189,5): message :     " (previous value: "RazorGetAssemblyAttributes;PrepareForBuild;_CoreGenerateRazorAssemblyInfo") at C:\Program Files\dotnet\sdk\9.0.304\Sdks\Microsoft.NET.Sdk.Razor\targets\Microsoft.NET.Sdk.Razor.GenerateAssemblyInfo.targets (189,5)
       C:\Program Files\dotnet\sdk\9.0.304\Sdks\Microsoft.NET.Sdk.Razor\targets\Microsoft.NET.Sdk.Razor.MvcApplicationPartsDiscovery.targets(22,5): message : Property reassignment: $(CoreCompileDependsOn)="
       C:\Program Files\dotnet\sdk\9.0.304\Sdks\Microsoft.NET.Sdk.Razor\targets\Microsoft.NET.Sdk.Razor.MvcApplicationPartsDiscovery.targets(22,5): message :       _DiscoverMvcApplicationParts;
       C:\Program Files\dotnet\sdk\9.0.304\Sdks\Microsoft.NET.Sdk.Razor\targets\Microsoft.NET.Sdk.Razor.MvcApplicationPartsDiscovery.targets(22,5): message :       
       C:\Program Files\dotnet\sdk\9.0.304\Sdks\Microsoft.NET.Sdk.Razor\targets\Microsoft.NET.Sdk.Razor.MvcApplicationPartsDiscovery.targets(22,5): message :       ;_ComputeNonExistentFileProperty;ResolveCodeAnalysisRuleSet;
       C:\Program Files\dotnet\sdk\9.0.304\Sdks\Microsoft.NET.Sdk.Razor\targets\Microsoft.NET.Sdk.Razor.MvcApplicationPartsDiscovery.targets(22,5): message :       _GenerateRazorAssemblyInfo
       C:\Program Files\dotnet\sdk\9.0.304\Sdks\Microsoft.NET.Sdk.Razor\targets\Microsoft.NET.Sdk.Razor.MvcApplicationPartsDiscovery.targets(22,5): message :     ;
       C:\Program Files\dotnet\sdk\9.0.304\Sdks\Microsoft.NET.Sdk.Razor\targets\Microsoft.NET.Sdk.Razor.MvcApplicationPartsDiscovery.targets(22,5): message :     " (previous value: "
       C:\Program Files\dotnet\sdk\9.0.304\Sdks\Microsoft.NET.Sdk.Razor\targets\Microsoft.NET.Sdk.Razor.MvcApplicationPartsDiscovery.targets(22,5): message :       ;_ComputeNonExistentFileProperty;ResolveCodeAnalysisRuleSet;
       C:\Program Files\dotnet\sdk\9.0.304\Sdks\Microsoft.NET.Sdk.Razor\targets\Microsoft.NET.Sdk.Razor.MvcApplicationPartsDiscovery.targets(22,5): message :       _GenerateRazorAssemblyInfo
       C:\Program Files\dotnet\sdk\9.0.304\Sdks\Microsoft.NET.Sdk.Razor\targets\Microsoft.NET.Sdk.Razor.MvcApplicationPartsDiscovery.targets(22,5): message :     ") at C:\Program Files\dotnet\sdk\9.0.304\Sdks\Microsoft.NET.Sdk.Razor\targets\Microsoft.NET.Sdk.Razor.MvcApplicationPartsDiscovery.targets (22,5)
       C:\Program Files\dotnet\sdk\9.0.304\Sdks\Microsoft.NET.Sdk.Razor\targets\Sdk.Razor.CurrentVersion.targets(791,5): message : Property reassignment: $(RazorDesignTimeTargets)="C:\Program Files\dotnet\sdk\9.0.304\Sdks\Microsoft.NET.Sdk.Razor\targets\Microsoft.NET.Sdk.Razor.DesignTime.targets" (previous value: "C:\Program Files\dotnet\sdk\9.0.304\\Microsoft\VisualStudio\Razor\Microsoft.NET.Sdk.Razor.DesignTime.targets") at C:\Program Files\dotnet\sdk\9.0.304\Sdks\Microsoft.NET.Sdk.Razor\targets\Sdk.Razor.CurrentVersion.targets (791,5)
       C:\Program Files\dotnet\sdk\9.0.304\Sdks\Microsoft.NET.Sdk.Web.ProjectSystem\targets\Microsoft.NET.Sdk.Web.ProjectSystem.targets(21,5): message : Property reassignment: $(RunWorkingDirectory)="D:\Ralph\SpareParts\src\SpareParts.Api" (previous value: "") at C:\Program Files\dotnet\sdk\9.0.304\Sdks\Microsoft.NET.Sdk.Web.ProjectSystem\targets\Microsoft.NET.Sdk.Web.ProjectSystem.targets (21,5)
       C:\Program Files\dotnet\sdk\9.0.304\Sdks\Microsoft.NET.Sdk.Publish\targets\Microsoft.NET.Sdk.Publish.targets(60,5): message : Property reassignment: $(PublishProfileImported)="true" (previous value: "false") at C:\Program Files\dotnet\sdk\9.0.304\Sdks\Microsoft.NET.Sdk.Publish\targets\Microsoft.NET.Sdk.Publish.targets (60,5)
       C:\Program Files\dotnet\sdk\9.0.304\Sdks\Microsoft.NET.Sdk.Publish\targets\Microsoft.NET.Sdk.Publish.targets(81,5): message : Property reassignment: $(PublishConfiguration)="Debug" (previous value: "") at C:\Program Files\dotnet\sdk\9.0.304\Sdks\Microsoft.NET.Sdk.Publish\targets\Microsoft.NET.Sdk.Publish.targets (81,5)
       C:\Program Files\dotnet\sdk\9.0.304\Sdks\Microsoft.NET.Sdk.Publish\targets\Microsoft.NET.Sdk.Publish.targets(87,5): message : Property reassignment: $(BaseIntermediateOutputPath)="D:\Ralph\SpareParts\src\SpareParts.Api\obj\" (previous value: "obj\") at C:\Program Files\dotnet\sdk\9.0.304\Sdks\Microsoft.NET.Sdk.Publish\targets\Microsoft.NET.Sdk.Publish.targets (87,5)
       Overriding target "ResolveFrameworkReferences" in project "C:\Program Files\dotnet\sdk\9.0.304\Microsoft.Common.CurrentVersion.targets" with target "ResolveFrameworkReferences" from project "C:\Program Files\dotnet\sdk\9.0.304\Sdks\Microsoft.NET.Sdk\targets\Microsoft.NET.Sdk.FrameworkReferenceResolution.targets".
       Overriding target "Run" in project "C:\Program Files\dotnet\sdk\9.0.304\Microsoft.Common.CurrentVersion.targets" with target "Run" from project "C:\Program Files\dotnet\sdk\9.0.304\Sdks\Microsoft.NET.Sdk\targets\Microsoft.NET.Sdk.targets".
       Overriding target "GenerateSupportedTargetFrameworkAlias" in project "C:\Program Files\dotnet\sdk\9.0.304\Microsoft.Common.CurrentVersion.targets" with target "GenerateSupportedTargetFrameworkAlias" from project "C:\Program Files\dotnet\sdk\9.0.304\Sdks\Microsoft.NET.Sdk\targets\Microsoft.NET.Sdk.targets".
       Overriding target "GetReferenceAssemblyPaths" in project "C:\Program Files\dotnet\sdk\9.0.304\Microsoft.Common.CurrentVersion.targets" with target "GetReferenceAssemblyPaths" from project "C:\Program Files\dotnet\sdk\9.0.304\Sdks\Microsoft.NET.Sdk\targets\Microsoft.NET.DisableStandardFrameworkResolution.targets".
       Overriding target "GetFrameworkPaths" in project "C:\Program Files\dotnet\sdk\9.0.304\Microsoft.Common.CurrentVersion.targets" with target "GetFrameworkPaths" from project "C:\Program Files\dotnet\sdk\9.0.304\Sdks\Microsoft.NET.Sdk\targets\Microsoft.NET.DisableStandardFrameworkResolution.targets".
       Overriding target "DesignerRuntimeImplementationProjectOutputGroup" in project "C:\Program Files\dotnet\sdk\9.0.304\Microsoft.Common.CurrentVersion.targets" with target "DesignerRuntimeImplementationProjectOutputGroup" from project "C:\Program Files\dotnet\sdk\9.0.304\Sdks\Microsoft.NET.Sdk\targets\Microsoft.NET.DesignerSupport.targets".
       Overriding target "Publish" in project "C:\Program Files\dotnet\sdk\9.0.304\Microsoft.Common.CurrentVersion.targets" with target "Publish" from project "C:\Program Files\dotnet\sdk\9.0.304\Sdks\Microsoft.NET.Sdk\targets\Microsoft.NET.Publish.targets".
       Overriding target "ResolveReadyToRunCompilers" in project "C:\Program Files\dotnet\sdk\9.0.304\Sdks\Microsoft.NET.Sdk\targets\Microsoft.NET.CrossGen.targets" with target "ResolveReadyToRunCompilers" from project "C:\Program Files\dotnet\sdk\9.0.304\Sdks\Microsoft.NET.Sdk\targets\Microsoft.NET.Publish.targets".
       Overriding target "GetCopyToPublishDirectoryItems" in project "C:\Program Files\dotnet\sdk\9.0.304\Microsoft.Common.CurrentVersion.targets" with target "GetCopyToPublishDirectoryItems" from project "C:\Program Files\dotnet\sdk\9.0.304\Sdks\Microsoft.NET.Sdk\targets\Microsoft.NET.Publish.targets".
       Overriding target "BeforePublish" in project "C:\Program Files\dotnet\sdk\9.0.304\Microsoft.Common.CurrentVersion.targets" with target "BeforePublish" from project "C:\Program Files\dotnet\sdk\9.0.304\Sdks\Microsoft.NET.Sdk.Publish\targets\Microsoft.NET.Sdk.Publish.targets".
       Overriding target "AfterPublish" in project "C:\Program Files\dotnet\sdk\9.0.304\Microsoft.Common.CurrentVersion.targets" with target "AfterPublish" from project "C:\Program Files\dotnet\sdk\9.0.304\Sdks\Microsoft.NET.Sdk.Publish\targets\Microsoft.NET.Sdk.Publish.targets".
       The target "ResolveNuGetPackageAssets" listed in an AfterTargets attribute at "C:\Users\r.maalouf\.nuget\packages\microsoft.extensions.logging.abstractions\8.0.0\buildTransitive\net6.0\Microsoft.Extensions.Logging.Abstractions.targets (11,11)" does not exist in the project, and will be ignored.
       The target "ResolveNuGetPackageAssets" listed in an AfterTargets attribute at "C:\Users\r.maalouf\.nuget\packages\microsoft.extensions.logging.abstractions\8.0.0\buildTransitive\net6.0\Microsoft.Extensions.Logging.Abstractions.targets (23,11)" does not exist in the project, and will be ignored.
       The target "CollectUpToDateCheckInputDesignTime" listed in a BeforeTargets attribute at "C:\Program Files\dotnet\sdk\9.0.304\Sdks\Microsoft.NET.Sdk.StaticWebAssets\targets\Microsoft.NET.Sdk.StaticWebAssets.ScopedCss.targets (171,5)" does not exist in the project, and will be ignored.
       The target "CollectUpToDateCheckBuiltDesignTime" listed in a BeforeTargets attribute at "C:\Program Files\dotnet\sdk\9.0.304\Sdks\Microsoft.NET.Sdk.StaticWebAssets\targets\Microsoft.NET.Sdk.StaticWebAssets.ScopedCss.targets (171,5)" does not exist in the project, and will be ignored.
       The target "RazorGenerateComponentDeclaration" listed in an AfterTargets attribute at "C:\Program Files\dotnet\sdk\9.0.304\Sdks\Microsoft.NET.Sdk.Razor\targets\Microsoft.NET.Sdk.Razor.DesignTime.targets (55,53)" does not exist in the project, and will be ignored.
     1>Project "D:\Ralph\SpareParts\src\SpareParts.Api\SpareParts.Api.csproj" on node 1 (default targets).
     1>Target "_CheckForUnsupportedTargetFramework" skipped, due to false condition; ('$(_UnsupportedTargetFrameworkError)' == 'true') was evaluated as ('' == 'true').
     1>Target "_CollectTargetFrameworkForTelemetry" in file "C:\Program Files\dotnet\sdk\9.0.304\Sdks\Microsoft.NET.Sdk\targets\Microsoft.NET.TargetFrameworkInference.targets" from project "D:\Ralph\SpareParts\src\SpareParts.Api\SpareParts.Api.csproj" (target "_CheckForInvalidConfigurationAndPlatform" depends on it):
       Added Item(s): 
           TFTelemetry=
               TargetFrameworkVersion
                       Value=.NETCoreApp,Version=v8.0
       Added Item(s): 
           TFTelemetry=
               RuntimeIdentifier
                       Value=
       Added Item(s): 
           TFTelemetry=
               SelfContained
                       Value=false
       Added Item(s): 
           TFTelemetry=
               UseApphost
                       Value=true
       Added Item(s): 
           TFTelemetry=
               OutputType
                       Value=Exe
       Added Item(s): 
           TFTelemetry=
               UseArtifactsOutput
                       Value=
       Added Item(s): 
           TFTelemetry=
               ArtifactsPathLocationType
                       Value=
       Using "AllowEmptyTelemetry" task from assembly "C:\Program Files\dotnet\sdk\9.0.304\Sdks\Microsoft.NET.Sdk\targets\..\tools\net9.0\Microsoft.NET.Build.Tasks.dll".
       Task "AllowEmptyTelemetry"
         Task Parameter:
             EventData=
                 TargetFrameworkVersion
                         Value=.NETCoreApp,Version=v8.0
                 RuntimeIdentifier
                         Value=
                 SelfContained
                         Value=false
                 UseApphost
                         Value=true
                 OutputType
                         Value=Exe
                 UseArtifactsOutput
                         Value=
                 ArtifactsPathLocationType
                         Value=
         Task Parameter:EventName=targetframeworkeval
       Done executing task "AllowEmptyTelemetry".
     1>Done building target "_CollectTargetFrameworkForTelemetry" in project "SpareParts.Api.csproj".
       Target "_CheckForUnsupportedTargetPlatformIdentifier" skipped, due to false condition; ('$(TargetPlatformIdentifier)' != '' and '$(TargetFrameworkIdentifier)' == '.NETCoreApp' and $([MSBuild]::VersionGreaterThanOrEquals($(TargetFrameworkVersion), 5.0)) And ('$(DesignTimeBuild)' != 'true' Or '@(MissingWorkloadPack)' == '')) was evaluated as ('' != '' and '.NETCoreApp' == '.NETCoreApp' and True And ('' != 'true' Or '' == '')).
       Target "_CheckForMissingWorkload" skipped, due to false condition; ('@(MissingWorkloadPack)' != '' And '$(DesignTimeBuild)' != 'true') was evaluated as ('' != '' And '' != 'true').
     1>Target "_CheckForUnsupportedNETCoreVersion" in file "C:\Program Files\dotnet\sdk\9.0.304\Sdks\Microsoft.NET.Sdk\targets\Microsoft.NET.TargetFrameworkInference.targets" from project "D:\Ralph\SpareParts\src\SpareParts.Api\SpareParts.Api.csproj" (target "_CheckForInvalidConfigurationAndPlatform" depends on it):
       Task "NETSdkError" skipped, due to false condition; ('$(_TargetFrameworkVersionWithoutV)' > '$(NETCoreAppMaximumVersion)' and '$(DisplayVSMessage)' != 'true') was evaluated as ('8.0' > '9.0' and '' != 'true').
       Task "NETSdkError" skipped, due to false condition; ('$(DisplayVSMessage)' == 'true') was evaluated as ('' == 'true').
     1>Done building target "_CheckForUnsupportedNETCoreVersion" in project "SpareParts.Api.csproj".
       Target "_CheckForEolTargetFrameworks" skipped, due to false condition; ('@(_EolNetCoreTargetFrameworkVersions->AnyHaveMetadataValue('Identity', '$(_TargetFrameworkVersionWithoutV)'))' and '$(TargetFrameworkIdentifier)' == '.NETCoreApp' and '$(CheckEolTargetFramework)' == 'true') was evaluated as ('false' and '.NETCoreApp' == '.NETCoreApp' and 'true' == 'true').
       Target "_CheckForEolWorkloads" skipped, due to false condition; ('@(EolWorkload)' != '' and '$(CheckEolWorkloads)' == 'true') was evaluated as ('' != '' and 'true' == 'true').
       Target "_CheckForNotRecommendedNETStandardVersion" skipped, due to false condition; ('$(TargetFrameworkIdentifier)' == '.NETStandard' and $([MSBuild]::VersionLessThan($(TargetFrameworkVersion), '2.0'))) was evaluated as ('.NETCoreApp' == '.NETStandard' and False).
     1>Target "_CheckForUnsupportedCppNETCoreVersion" in file "C:\Program Files\dotnet\sdk\9.0.304\Sdks\Microsoft.NET.Sdk\targets\Microsoft.NET.TargetFrameworkInference.targets" from project "D:\Ralph\SpareParts\src\SpareParts.Api\SpareParts.Api.csproj" (target "_CheckForInvalidConfigurationAndPlatform" depends on it):
       Task "NETSdkError" skipped, due to false condition; ('$(TargetFrameworkIdentifier)' == '.NETCoreApp' and '$(_TargetFrameworkVersionWithoutV)' < '3.1' and ('$(Language)' == 'C++' and '$(_EnablePackageReferencesInVCProjects)' != 'true')) was evaluated as ('.NETCoreApp' == '.NETCoreApp' and '8.0' < '3.1' and ('C#' == 'C++' and '' != 'true')).
     1>Done building target "_CheckForUnsupportedCppNETCoreVersion" in project "SpareParts.Api.csproj".
       Target "_CheckForUnsupportedNETStandardVersion" skipped, due to false condition; ('$(TargetFrameworkIdentifier)' == '.NETStandard' And '$(NETStandardMaximumVersion)' != '') was evaluated as ('.NETCoreApp' == '.NETStandard' And '' != '').
       Target "_CheckForUnsupportedTargetFrameworkAndFeatureCombination" skipped, due to false condition; ('$(TargetFrameworkIdentifier)' == '.NETFramework') was evaluated as ('.NETCoreApp' == '.NETFramework').
       Target "_CheckForSupportedOSPlatformVersionHigherThanTargetPlatformVersion" skipped, due to false condition; ('$(TargetPlatformVersion)' != '' and '$(TargetFrameworkIdentifier)' == '.NETCoreApp' and $([MSBuild]::VersionGreaterThanOrEquals($(TargetFrameworkVersion), 5.0))) was evaluated as ('' != '' and '.NETCoreApp' == '.NETCoreApp' and True).
       Target "_CheckForInvalidTargetPlatformVersion" skipped, due to false condition; ('$(TargetPlatformVersion)' != '' and '$(TargetFrameworkIdentifier)' == '.NETCoreApp' and $([MSBuild]::VersionGreaterThanOrEquals($(TargetFrameworkVersion), 5.0)) and ('$(Language)' != 'C++' or '$(_EnablePackageReferencesInVCProjects)' == 'true')) was evaluated as ('' != '' and '.NETCoreApp' == '.NETCoreApp' and True and ('C#' != 'C++' or '' == 'true')).
     1>Target "_CheckForUnsupportedArtifactsPath" in file "C:\Program Files\dotnet\sdk\9.0.304\Sdks\Microsoft.NET.Sdk\targets\Microsoft.NET.DefaultOutputPaths.targets" from project "D:\Ralph\SpareParts\src\SpareParts.Api\SpareParts.Api.csproj" (target "_CheckForInvalidConfigurationAndPlatform" depends on it):
       Task "NetSdkError" skipped, due to false condition; ('$(UseArtifactsOutput)' == 'true' and '$(_ArtifactsPathSetEarly)' != 'true') was evaluated as ('' == 'true' and '' != 'true').
       Task "NetSdkError" skipped, due to false condition; ('$(_ArtifactsPathLocationType)' == 'ProjectFolder') was evaluated as ('' == 'ProjectFolder').
     1>Done building target "_CheckForUnsupportedArtifactsPath" in project "SpareParts.Api.csproj".
       Target "_CheckForMissingWorkload" skipped, due to false condition; ('@(MissingWorkloadPack)' != '' And '$(DesignTimeBuild)' != 'true') was evaluated as ('' != '' And '' != 'true').
     1>Target "_CheckForUnsupportedAppHostUsage" in file "C:\Program Files\dotnet\sdk\9.0.304\Sdks\Microsoft.NET.Sdk\targets\Microsoft.NET.RuntimeIdentifierInference.targets" from project "D:\Ralph\SpareParts\src\SpareParts.Api\SpareParts.Api.csproj" (target "_CheckForInvalidConfigurationAndPlatform" depends on it):
       Task "NETSdkError" skipped, due to false condition; ('$(SelfContained)' == 'true' and '$(RuntimeIdentifier)' == '' and '$(AllowSelfContainedWithoutRuntimeIdentifier)' != 'true') was evaluated as ('false' == 'true' and '' == '' and '' != 'true').
       Task "NETSdkError" skipped, due to false condition; ('$(PublishReadyToRun)' == 'true' and '$(RuntimeIdentifier)' == '' and '$(_IsPublishing)' == 'true') was evaluated as ('' == 'true' and '' == '' and '' == 'true').
       Task "NETSdkError" skipped, due to false condition; ('$(PublishSingleFile)' == 'true' and '$(RuntimeIdentifier)' == '' and '$(_IsPublishing)' == 'true') was evaluated as ('' == 'true' and '' == '' and '' == 'true').
       Task "NETSdkError" skipped, due to false condition; ('$(PublishAot)' == 'true' and '$(RuntimeIdentifier)' == '' and '$(_IsPublishing)' == 'true' and '$(AllowPublishAotWithoutRuntimeIdentifier)' != 'true') was evaluated as ('' == 'true' and '' == '' and '' == 'true' and '' != 'true').
       Task "NETSdkError" skipped, due to false condition; ('$(PublishSelfContained)' != 'true' and '$(PublishSelfContained)' != 'false' and '$(PublishSelfContained)' != '') was evaluated as ('' != 'true' and '' != 'false' and '' != '').
       Task "NETSdkError" skipped, due to false condition; ('$(SelfContained)' == 'true' and '$(UseAppHost)' != 'true' and '$(_RuntimeIdentifierUsesAppHost)' == 'true') was evaluated as ('false' == 'true' and 'true' != 'true' and 'true' == 'true').
       Task "NETSdkError" skipped, due to false condition; ('$(SelfContained)' != 'true' and '$(UseAppHost)' == 'true' and '$(_TargetFrameworkVersionWithoutV)' < '2.1') was evaluated as ('false' != 'true' and 'true' == 'true' and '8.0' < '2.1').
       Task "NETSdkError" skipped, due to false condition; ('$(PublishSingleFile)' == 'true' and '$(_TargetFrameworkVersionWithoutV)' < '3.0') was evaluated as ('' == 'true' and '8.0' < '3.0').
       Task "NETSdkWarning" skipped, due to false condition; ('$(PublishReadyToRun)' == 'true' and '$(_TargetFrameworkVersionWithoutV)' < '3.0') was evaluated as ('' == 'true' and '8.0' < '3.0').
       Task "NETSdkWarning" skipped, due to false condition; ('$(RuntimeIdentifier)' != '' and '$(_TargetFrameworkVersionWithoutV)' != '' and $([MSBuild]::VersionLessThan($(_TargetFrameworkVersionWithoutV), '8.0')) and '$(_SelfContainedWasSpecified)' != 'true') was evaluated as ('' != '' and '8.0' != '' and False and '' != 'true').
       Task "NetSdkError" skipped, due to false condition; (('$(UseWindowsForms)' == 'true') and ('$(PublishTrimmed)' == 'true') and ('$(_SuppressWinFormsTrimError)' != 'true')) was evaluated as (('' == 'true') and ('' == 'true') and ('' != 'true')).
       Task "NetSdkError" skipped, due to false condition; (('$(UseWpf)' == 'true') and ('$(PublishTrimmed)' == 'true') and ('$(_SuppressWpfTrimError)' != 'true')) was evaluated as (('' == 'true') and ('' == 'true') and ('' != 'true')).
     1>Done building target "_CheckForUnsupportedAppHostUsage" in project "SpareParts.Api.csproj".
     1>Target "_CheckForUnsupportedHostingUsage" in file "C:\Program Files\dotnet\sdk\9.0.304\Sdks\Microsoft.NET.Sdk\targets\Microsoft.NET.RuntimeIdentifierInference.targets" from project "D:\Ralph\SpareParts\src\SpareParts.Api\SpareParts.Api.csproj" (target "_CheckForInvalidConfigurationAndPlatform" depends on it):
       Task "NETSdkWarning" skipped, due to false condition; ('$(SelfContained)' == 'true' and '$(EnableComHosting)' == 'true') was evaluated as ('false' == 'true' and '' == 'true').
     1>Done building target "_CheckForUnsupportedHostingUsage" in project "SpareParts.Api.csproj".
     1>Target "_CheckAndUnsetUnsupportedPrefer32Bit" in file "C:\Program Files\dotnet\sdk\9.0.304\Sdks\Microsoft.NET.Sdk\targets\Microsoft.NET.RuntimeIdentifierInference.targets" from project "D:\Ralph\SpareParts\src\SpareParts.Api\SpareParts.Api.csproj" (target "_CheckForInvalidConfigurationAndPlatform" depends on it):
       Task "NETSdkWarning" skipped, due to false condition; ('$(Prefer32Bit)' == 'true') was evaluated as ('false' == 'true').
       Set Property: Prefer32Bit=false
     1>Done building target "_CheckAndUnsetUnsupportedPrefer32Bit" in project "SpareParts.Api.csproj".
       Target "_CheckAndUnsetUnsupportedPreferNativeArm64" skipped, due to false condition; ('$(TargetFrameworkIdentifier)' == '.NETCoreApp' and '$(PreferNativeArm64)' == 'true') was evaluated as ('.NETCoreApp' == '.NETCoreApp' and 'false' == 'true').
       Target "_CheckForMismatchingPlatform" skipped, due to false condition; ('$(RuntimeIdentifier)' != '' and '$(PlatformTarget)' != '') was evaluated as ('' != '' and '' != '').
     1>Target "_CheckForLanguageAndFeatureCombinationSupport" in file "C:\Program Files\dotnet\sdk\9.0.304\Sdks\Microsoft.NET.Sdk\targets\Microsoft.NET.RuntimeIdentifierInference.targets" from project "D:\Ralph\SpareParts\src\SpareParts.Api\SpareParts.Api.csproj" (target "_CheckForInvalidConfigurationAndPlatform" depends on it):
       Task "NETSdkError" skipped, due to false condition; (('$(Language)' == 'C++' and '$(_EnablePackageReferencesInVCProjects)' != 'true') and $(OutputType) != 'library' and '$(TargetFrameworkIdentifier)' == '.NETCoreApp') was evaluated as (('C#' == 'C++' and '' != 'true') and Exe != 'library' and '.NETCoreApp' == '.NETCoreApp').
       Task "NETSdkError" skipped, due to false condition; (('$(Language)' == 'C++' and '$(_EnablePackageReferencesInVCProjects)' != 'true') and $(EnableComHosting) == 'true') was evaluated as (('C#' == 'C++' and '' != 'true') and  == 'true').
       Task "NETSdkError" skipped, due to false condition; (('$(Language)' == 'C++' and '$(_EnablePackageReferencesInVCProjects)' != 'true') and $(SelfContained) == 'true') was evaluated as (('C#' == 'C++' and '' != 'true') and false == 'true').
     1>Done building target "_CheckForLanguageAndFeatureCombinationSupport" in project "SpareParts.Api.csproj".
       Target "_CheckForNETCoreSdkIsPreview" skipped, due to false condition; ( '$(_NETCoreSdkIsPreview)' == 'true' AND '$(SuppressNETCoreSdkPreviewMessage)' != 'true' ) was evaluated as ( 'false' == 'true' AND '' != 'true' ).
     1>Target "_GetProjectJsonPath" in file "C:\Program Files\dotnet\sdk\9.0.304\NuGet.targets" from project "D:\Ralph\SpareParts\src\SpareParts.Api\SpareParts.Api.csproj" (target "_GetRestoreProjectStyle" depends on it):
       Task "GetRestoreProjectJsonPathTask" skipped, due to false condition; ( '$(RestoreProjectStyle)' == 'ProjectJson' OR '$(RestoreProjectStyle)' == '' ) was evaluated as ( 'PackageReference' == 'ProjectJson' OR 'PackageReference' == '' ).
     1>Done building target "_GetProjectJsonPath" in project "SpareParts.Api.csproj".
       Target "_CheckForUnsupportedTargetPlatformIdentifier" skipped, due to false condition; ('$(TargetPlatformIdentifier)' != '' and '$(TargetFrameworkIdentifier)' == '.NETCoreApp' and $([MSBuild]::VersionGreaterThanOrEquals($(TargetFrameworkVersion), 5.0)) And ('$(DesignTimeBuild)' != 'true' Or '@(MissingWorkloadPack)' == '')) was evaluated as ('' != '' and '.NETCoreApp' == '.NETCoreApp' and True And ('' != 'true' Or '' == '')).
       Target "_CheckForMissingWorkload" skipped, due to false condition; ('@(MissingWorkloadPack)' != '' And '$(DesignTimeBuild)' != 'true') was evaluated as ('' != '' And '' != 'true').
       Target "_CheckForNotRecommendedNETStandardVersion" skipped, due to false condition; ('$(TargetFrameworkIdentifier)' == '.NETStandard' and $([MSBuild]::VersionLessThan($(TargetFrameworkVersion), '2.0'))) was evaluated as ('.NETCoreApp' == '.NETStandard' and False).
       Target "_CheckForUnsupportedNETStandardVersion" skipped, due to false condition; ('$(TargetFrameworkIdentifier)' == '.NETStandard' And '$(NETStandardMaximumVersion)' != '') was evaluated as ('.NETCoreApp' == '.NETStandard' And '' != '').
       Target "_CheckForUnsupportedTargetFrameworkAndFeatureCombination" skipped, due to false condition; ('$(TargetFrameworkIdentifier)' == '.NETFramework') was evaluated as ('.NETCoreApp' == '.NETFramework').
     1>Target "UpdateAspNetToFrameworkReference" in file "C:\Program Files\dotnet\sdk\9.0.304\Sdks\Microsoft.NET.Sdk\targets\Microsoft.NET.Sdk.DefaultItems.Shared.targets" from project "D:\Ralph\SpareParts\src\SpareParts.Api\SpareParts.Api.csproj" (target "ApplyImplicitVersions" depends on it):
       Using "CheckIfPackageReferenceShouldBeFrameworkReference" task from assembly "C:\Program Files\dotnet\sdk\9.0.304\Sdks\Microsoft.NET.Sdk\targets\..\tools\net9.0\Microsoft.NET.Build.Tasks.dll".
       Task "CheckIfPackageReferenceShouldBeFrameworkReference"
         Task Parameter:PackageReferenceToReplace=Microsoft.AspNetCore.All
         Task Parameter:
             PackageReferences=
                 BCrypt.Net-Next
                         Version=4.1.0
                 Microsoft.AspNetCore.Authentication.JwtBearer
                         Version=8.0.25
                 Microsoft.IdentityModel.Tokens
                         Version=8.16.0
                 System.IdentityModel.Tokens.Jwt
                         Version=8.16.0
         Task Parameter:FrameworkReferenceToUse=Microsoft.AspNetCore.App
         Task Parameter:
             FrameworkReferences=
                 Microsoft.NETCore.App
                         IsImplicitlyDefined=true
                         Pack=false
                         PrivateAssets=All
                 Microsoft.AspNetCore.App
                         IsImplicitlyDefined=true
         Output Property: _ShouldRemoveAspNetCoreAll=False
       Done executing task "CheckIfPackageReferenceShouldBeFrameworkReference".
       Task "NETSdkError" skipped, due to false condition; ('$(_ShouldRemoveAspNetCoreAll)' == 'true') was evaluated as ('False' == 'true').
       Task "CheckIfPackageReferenceShouldBeFrameworkReference"
         Task Parameter:PackageReferenceToReplace=Microsoft.AspNetCore.App
         Task Parameter:
             PackageReferences=
                 BCrypt.Net-Next
                         Version=4.1.0
                 Microsoft.AspNetCore.Authentication.JwtBearer
                         Version=8.0.25
                 Microsoft.IdentityModel.Tokens
                         Version=8.16.0
                 System.IdentityModel.Tokens.Jwt
                         Version=8.16.0
         Task Parameter:FrameworkReferenceToUse=Microsoft.AspNetCore.App
         Task Parameter:
             FrameworkReferences=
                 Microsoft.NETCore.App
                         IsImplicitlyDefined=true
                         Pack=false
                         PrivateAssets=All
                 Microsoft.AspNetCore.App
                         IsImplicitlyDefined=true
         Output Property: _ShouldRemoveAspNetCoreApp=False
         Output Property: _ShouldAddAspNetCoreAppFrameworkReference=False
       Done executing task "CheckIfPackageReferenceShouldBeFrameworkReference".
       Task "NETSdkWarning" skipped, due to false condition; ('$(_ShouldRemoveAspNetCoreApp)' == 'true') was evaluated as ('False' == 'true').
     1>Done building target "UpdateAspNetToFrameworkReference" in project "SpareParts.Api.csproj".
       Target "IncludeTargetingPackReference" skipped, due to false condition; ('$(TargetFrameworkMoniker)' != '' and '$(TargetFrameworkIdentifier)' == '.NETFramework' and '$(AutomaticallyUseReferenceAssemblyPackages)' == 'true') was evaluated as ('.NETCoreApp,Version=v8.0' != '' and '.NETCoreApp' == '.NETFramework' and 'true' == 'true').
     1>Target "CheckForImplicitPackageReferenceOverrides" in file "C:\Program Files\dotnet\sdk\9.0.304\Sdks\Microsoft.NET.Sdk\targets\Microsoft.NET.Sdk.DefaultItems.Shared.targets" from project "D:\Ralph\SpareParts\src\SpareParts.Api\SpareParts.Api.csproj" (target "ApplyImplicitVersions" depends on it):
       Set Property: ImplicitPackageReferenceInformationLink=https://aka.ms/sdkimplicitrefs
       Using "CheckForImplicitPackageReferenceOverrides" task from assembly "C:\Program Files\dotnet\sdk\9.0.304\Sdks\Microsoft.NET.Sdk\targets\..\tools\net9.0\Microsoft.NET.Build.Tasks.dll".
       Task "CheckForImplicitPackageReferenceOverrides"
         Task Parameter:MoreInformationLink=https://aka.ms/sdkimplicitrefs
         Task Parameter:
             PackageReferenceItems=
                 BCrypt.Net-Next
                         Version=4.1.0
                 Microsoft.AspNetCore.Authentication.JwtBearer
                         Version=8.0.25
                 Microsoft.IdentityModel.Tokens
                         Version=8.16.0
                 System.IdentityModel.Tokens.Jwt
                         Version=8.16.0
       Done executing task "CheckForImplicitPackageReferenceOverrides".
     1>Done building target "CheckForImplicitPackageReferenceOverrides" in project "SpareParts.Api.csproj".
     1>Target "ApplyImplicitVersions" in file "C:\Program Files\dotnet\sdk\9.0.304\Sdks\Microsoft.NET.Sdk\targets\Microsoft.NET.Sdk.DefaultItems.Shared.targets" from project "D:\Ralph\SpareParts\src\SpareParts.Api\SpareParts.Api.csproj" (target "CollectPackageReferences" depends on it):
       Using "ApplyImplicitVersions" task from assembly "C:\Program Files\dotnet\sdk\9.0.304\Sdks\Microsoft.NET.Sdk\targets\..\tools\net9.0\Microsoft.NET.Build.Tasks.dll".
       Task "ApplyImplicitVersions"
         Task Parameter:TargetFrameworkVersion=8.0
         Task Parameter:
             PackageReferences=
                 BCrypt.Net-Next
                         Version=4.1.0
                 Microsoft.AspNetCore.Authentication.JwtBearer
                         Version=8.0.25
                 Microsoft.IdentityModel.Tokens
                         Version=8.16.0
                 System.IdentityModel.Tokens.Jwt
                         Version=8.16.0
         Task Parameter:
             ImplicitPackageReferenceVersions=
                 Microsoft.NETCore.App
                         DefaultVersion=1.0.5
                         LatestVersion=1.0.16
                         TargetFrameworkVersion=1.0
                 Microsoft.NETCore.App
                         DefaultVersion=1.1.2
                         LatestVersion=1.1.13
                         TargetFrameworkVersion=1.1
                 Microsoft.NETCore.App
                         DefaultVersion=2.0.0
                         LatestVersion=2.0.9
                         TargetFrameworkVersion=2.0
                 Microsoft.NETCore.App
                         DefaultVersion=2.1.0
                         LatestVersion=2.1.30
                         TargetFrameworkVersion=2.1
                 Microsoft.NETCore.App
                         DefaultVersion=2.2.0
                         LatestVersion=2.2.8
                         TargetFrameworkVersion=2.2
                 Microsoft.AspNetCore.App
                         DefaultVersion=2.1.1
                         LatestVersion=2.1.30
                         TargetFrameworkVersion=2.1
                 Microsoft.AspNetCore.All
                         DefaultVersion=2.1.1
                         LatestVersion=2.1.30
                         TargetFrameworkVersion=2.1
                 Microsoft.AspNetCore.App
                         DefaultVersion=2.2.0
                         LatestVersion=2.2.8
                         TargetFrameworkVersion=2.2
                 Microsoft.AspNetCore.All
                         DefaultVersion=2.2.0
                         LatestVersion=2.2.8
                         TargetFrameworkVersion=2.2
         Task Parameter:TargetLatestRuntimePatch=False
       Done executing task "ApplyImplicitVersions".
     1>Done building target "ApplyImplicitVersions" in project "SpareParts.Api.csproj".
       Target "CheckForImplicitPackageReferenceOverrides" skipped. Previously built successfully.
       Target "AddWindowsSdkKnownFrameworkReferences" skipped, due to false condition; ('$(TargetFrameworkIdentifier)' == '.NETCoreApp' And '$(TargetPlatformIdentifier)' == 'Windows'
                            And ('$(Language)' != 'C++' Or '$(IncludeWindowsSDKRefFrameworkReferences)' == 'true')) was evaluated as ('.NETCoreApp' == '.NETCoreApp' And '' == 'Windows'
                            And ('C#' != 'C++' Or '' == 'true')).
       Target "_NormalizeTargetPlatformVersion" skipped, due to false condition; ('$(TargetPlatformVersion)' != '' and '$(TargetFrameworkIdentifier)' == '.NETCoreApp' and $([MSBuild]::VersionGreaterThanOrEquals($(TargetFrameworkVersion), 5.0)) and ('$(Language)' != 'C++' or '$(_EnablePackageReferencesInVCProjects)' == 'true')) was evaluated as ('' != '' and '.NETCoreApp' == '.NETCoreApp' and True and ('C#' != 'C++' or '' == 'true')).
     1>Target "_ComputeToolPackInputsToProcessFrameworkReferences" in file "C:\Program Files\dotnet\sdk\9.0.304\Sdks\Microsoft.NET.Sdk\targets\Microsoft.NET.Publish.targets" from project "D:\Ralph\SpareParts\src\SpareParts.Api\SpareParts.Api.csproj" (target "ProcessFrameworkReferences" depends on it):
       Set Property: _RequiresILLinkPack=false
       Set Property: _MinNonEolTargetFrameworkForTrimming=net6.0
       Set Property: _MinNonEolTargetFrameworkForSingleFile=net6.0
       Set Property: _MinNonEolTargetFrameworkForAot=net6.0
       Set Property: _MinNonEolTargetFrameworkForAot=net7.0
     1>Done building target "_ComputeToolPackInputsToProcessFrameworkReferences" in project "SpareParts.Api.csproj".
     1>Target "ProcessFrameworkReferences" in file "C:\Program Files\dotnet\sdk\9.0.304\Sdks\Microsoft.NET.Sdk\targets\Microsoft.NET.Sdk.FrameworkReferenceResolution.targets" from project "D:\Ralph\SpareParts\src\SpareParts.Api\SpareParts.Api.csproj" (target "CollectPackageReferences" depends on it):
       Using "CheckForDuplicateFrameworkReferences" task from assembly "C:\Program Files\dotnet\sdk\9.0.304\Sdks\Microsoft.NET.Sdk\targets\..\tools\net9.0\Microsoft.NET.Build.Tasks.dll".
       Task "CheckForDuplicateFrameworkReferences"
         Task Parameter:MoreInformationLink=https://aka.ms/sdkimplicitrefs
         Task Parameter:
             FrameworkReferences=
                 Microsoft.NETCore.App
                         IsImplicitlyDefined=true
                         Pack=false
                         PrivateAssets=All
                 Microsoft.AspNetCore.App
                         IsImplicitlyDefined=true
       Done executing task "CheckForDuplicateFrameworkReferences".
       Set Property: EnableTargetingPackDownload=true
       Set Property: EnableRuntimePackDownload=true
       Using "ProcessFrameworkReferences" task from assembly "C:\Program Files\dotnet\sdk\9.0.304\Sdks\Microsoft.NET.Sdk\targets\..\tools\net9.0\Microsoft.NET.Build.Tasks.dll".
       Task "ProcessFrameworkReferences"
         Task Parameter:RuntimeGraphPath=C:\Program Files\dotnet\sdk\9.0.304/PortableRuntimeIdentifierGraph.json
         Task Parameter:FirstTargetFrameworkVersionToSupportAotAnalyzer=7.0
         Task Parameter:
             KnownILLinkPacks=
                 Microsoft.NET.ILLink.Tasks
                         ILLinkPackVersion=9.0.8
                         TargetFramework=net9.0
                 Microsoft.NET.ILLink.Tasks
                         ILLinkPackVersion=8.0.19
                         TargetFramework=net8.0
                 Microsoft.NET.ILLink.Tasks
                         ILLinkPackVersion=7.0.100-1.23211.1
                         TargetFramework=net7.0
                 Microsoft.NET.ILLink.Tasks
                         ILLinkPackVersion=7.0.100-1.23211.1
                         TargetFramework=net6.0
                 Microsoft.NET.ILLink.Tasks
                         ILLinkPackVersion=7.0.100-1.23211.1
                         TargetFramework=net5.0
                 Microsoft.NET.ILLink.Tasks
                         ILLinkPackVersion=7.0.100-1.23211.1
                         TargetFramework=netcoreapp3.1
                 Microsoft.NET.ILLink.Tasks
                         ILLinkPackVersion=7.0.100-1.23211.1
                         TargetFramework=netcoreapp3.0
         Task Parameter:TargetingPackRoot=C:\Program Files\dotnet\packs
         Task Parameter:RequiresILLinkPack=False
         Task Parameter:TargetLatestRuntimePatchIsDefault=True
         Task Parameter:TargetFrameworkVersion=8.0
         Task Parameter:TargetFrameworkIdentifier=.NETCoreApp
         Task Parameter:
             KnownRuntimePacks=
                 Microsoft.NETCore.App
                         LatestRuntimeFrameworkVersion=9.0.8
                         RuntimeFrameworkName=Microsoft.NETCore.App
                         RuntimePackLabels=NativeAOT
                         RuntimePackNamePatterns=Microsoft.NETCore.App.Runtime.NativeAOT.**RID**
                         RuntimePackRuntimeIdentifiers=ios-arm64;iossimulator-arm64;iossimulator-x64;tvos-arm64;tvossimulator-arm64;tvossimulator-x64;maccatalyst-arm64;maccatalyst-x64;linux-bionic-arm64;linux-bionic-x64;osx-arm64;osx-x64;freebsd-arm64;freebsd-x64;linux-x64;linux-arm;linux-arm64;linux-bionic-arm;linux-musl-x64;linux-musl-arm;linux-musl-arm64;win-x64;win-x86;win-arm64;browser-wasm;wasi-wasm
                         TargetFramework=net9.0
                 Microsoft.NETCore.App
                         LatestRuntimeFrameworkVersion=9.0.8
                         RuntimeFrameworkName=Microsoft.NETCore.App
                         RuntimePackLabels=Mono
                         RuntimePackNamePatterns=Microsoft.NETCore.App.Runtime.Mono.**RID**
                         RuntimePackRuntimeIdentifiers=linux-arm;linux-arm64;linux-musl-arm64;linux-musl-x64;linux-x64;osx-x64;rhel.6-x64;win-arm64;win-x64;win-x86;linux-musl-arm;osx-arm64;linux-s390x;linux-loongarch64;browser-wasm;ios-arm64;ios-arm;iossimulator-arm64;iossimulator-x64;iossimulator-x86;tvos-arm64;tvossimulator-arm64;tvossimulator-x64;maccatalyst-x64;maccatalyst-arm64;android-arm64;android-arm;android-x64;android-x86;freebsd-x64;freebsd-arm64;linux-riscv64;linux-musl-riscv64;linux-loongarch64;linux-musl-loongarch64
                         TargetFramework=net9.0
                 Microsoft.NETCore.App
                         LatestRuntimeFrameworkVersion=8.0.19
                         RuntimeFrameworkName=Microsoft.NETCore.App
                         RuntimePackLabels=NativeAOT
                         RuntimePackNamePatterns=Microsoft.NETCore.App.Runtime.NativeAOT.**RID**
                         RuntimePackRuntimeIdentifiers=ios-arm64;iossimulator-arm64;iossimulator-x64;tvos-arm64;tvossimulator-arm64;tvossimulator-x64;maccatalyst-arm64;maccatalyst-x64;linux-bionic-arm64;linux-bionic-x64;osx-arm64;osx-x64;freebsd-arm64;freebsd-x64
                         TargetFramework=net8.0
                 Microsoft.NETCore.App
                         LatestRuntimeFrameworkVersion=8.0.19
                         RuntimeFrameworkName=Microsoft.NETCore.App
                         RuntimePackLabels=Mono
                         RuntimePackNamePatterns=Microsoft.NETCore.App.Runtime.Mono.**RID**
                         RuntimePackRuntimeIdentifiers=linux-arm;linux-arm64;linux-musl-arm64;linux-musl-x64;linux-x64;osx-x64;rhel.6-x64;win-arm64;win-x64;win-x86;linux-musl-arm;osx-arm64;linux-s390x;linux-loongarch64;browser-wasm;ios-arm64;ios-arm;iossimulator-arm64;iossimulator-x64;iossimulator-x86;tvos-arm64;tvossimulator-arm64;tvossimulator-x64;maccatalyst-x64;maccatalyst-arm64;android-arm64;android-arm;android-x64;android-x86;freebsd-x64;freebsd-arm64
                         TargetFramework=net8.0
                 Microsoft.NETCore.App
                         LatestRuntimeFrameworkVersion=7.0.20
                         RuntimeFrameworkName=Microsoft.NETCore.App
                         RuntimePackLabels=Mono
                         RuntimePackNamePatterns=Microsoft.NETCore.App.Runtime.Mono.**RID**
                         RuntimePackRuntimeIdentifiers=linux-arm;linux-arm64;linux-musl-arm64;linux-musl-x64;linux-x64;osx-x64;rhel.6-x64;win-arm;win-arm64;win-x64;win-x86;linux-musl-arm;osx-arm64;linux-s390x;linux-loongarch64;browser-wasm;ios-arm64;ios-arm;iossimulator-arm64;iossimulator-x64;iossimulator-x86;tvos-arm64;tvossimulator-arm64;tvossimulator-x64;maccatalyst-x64;maccatalyst-arm64;android-arm64;android-arm;android-x64;android-x86
                         TargetFramework=net7.0
                 Microsoft.NETCore.App
                         LatestRuntimeFrameworkVersion=6.0.36
                         RuntimeFrameworkName=Microsoft.NETCore.App
                         RuntimePackLabels=Mono
                         RuntimePackNamePatterns=Microsoft.NETCore.App.Runtime.Mono.**RID**
                         RuntimePackRuntimeIdentifiers=linux-arm;linux-arm64;linux-musl-arm64;linux-musl-x64;linux-x64;osx-x64;rhel.6-x64;win-arm;win-arm64;win-x64;win-x86;linux-musl-arm;osx-arm64;linux-s390x;linux-loongarch64;browser-wasm;ios-arm64;ios-arm;iossimulator-arm64;iossimulator-x64;iossimulator-x86;tvos-arm64;tvossimulator-arm64;tvossimulator-x64;maccatalyst-x64;maccatalyst-arm64;android-arm64;android-arm;android-x64;android-x86
                         TargetFramework=net6.0
         Task Parameter:NetCoreRoot=C:\Program Files\dotnet\
         Task Parameter:EnableTargetingPackDownload=True
         Task Parameter:
             KnownWebAssemblySdkPacks=
                 Microsoft.NET.Sdk.WebAssembly.Pack
                         TargetFramework=net9.0
                         WebAssemblySdkPackVersion=9.0.8
                 Microsoft.NET.Sdk.WebAssembly.Pack
                         TargetFramework=net8.0
                         WebAssemblySdkPackVersion=9.0.8
                 Microsoft.NET.Sdk.WebAssembly.Pack
                         TargetFramework=net7.0
                         WebAssemblySdkPackVersion=9.0.8
                 Microsoft.NET.Sdk.WebAssembly.Pack
                         TargetFramework=net6.0
                         WebAssemblySdkPackVersion=9.0.8
         Task Parameter:FirstTargetFrameworkVersionToSupportTrimAnalyzer=6.0
         Task Parameter:ReadyToRunUseCrossgen2=True
         Task Parameter:MinNonEolTargetFrameworkForTrimming=net6.0
         Task Parameter:EnableRuntimePackDownload=True
         Task Parameter:
             KnownILCompilerPacks=
                 Microsoft.DotNet.ILCompiler
                         ILCompilerPackNamePattern=runtime.**RID**.Microsoft.DotNet.ILCompiler
                         ILCompilerPackVersion=9.0.8
                         ILCompilerRuntimeIdentifiers=linux-arm64;linux-musl-arm64;linux-musl-x64;linux-x64;win-arm64;win-x64;osx-x64;osx-arm64;freebsd-x64;freebsd-arm64;linux-arm;linux-musl-arm;win-x86
                         TargetFramework=net9.0
                 Microsoft.DotNet.ILCompiler
                         ILCompilerPackNamePattern=runtime.**RID**.Microsoft.DotNet.ILCompiler
                         ILCompilerPackVersion=8.0.19
                         ILCompilerRuntimeIdentifiers=linux-arm64;linux-musl-arm64;linux-musl-x64;linux-x64;win-arm64;win-x64;osx-x64;osx-arm64;freebsd-x64;freebsd-arm64
                         TargetFramework=net8.0
                 Microsoft.DotNet.ILCompiler
                         ILCompilerPackNamePattern=runtime.**RID**.Microsoft.DotNet.ILCompiler
                         ILCompilerPackVersion=7.0.20
                         ILCompilerRuntimeIdentifiers=linux-arm64;linux-musl-arm64;linux-musl-x64;linux-x64;win-arm64;win-x64
                         TargetFramework=net7.0
         Task Parameter:
             KnownFrameworkReferences=
                 Microsoft.NETCore.App
                         DefaultRuntimeFrameworkVersion=9.0.0
                         LatestRuntimeFrameworkVersion=9.0.8
                         RuntimeFrameworkName=Microsoft.NETCore.App
                         RuntimePackNamePatterns=Microsoft.NETCore.App.Runtime.**RID**
                         RuntimePackRuntimeIdentifiers=linux-arm;linux-arm64;linux-musl-arm64;linux-musl-x64;linux-x64;osx-x64;rhel.6-x64;tizen.4.0.0-armel;tizen.5.0.0-armel;win-arm64;win-x64;win-x86;linux-musl-arm;osx-arm64;linux-s390x;linux-loongarch64;linux-bionic-arm;linux-bionic-arm64;linux-bionic-x64;linux-bionic-x86;linux-ppc64le;freebsd-x64;freebsd-arm64;linux-riscv64;linux-musl-riscv64;linux-musl-loongarch64
                         TargetFramework=net9.0
                         TargetingPackName=Microsoft.NETCore.App.Ref
                         TargetingPackVersion=9.0.8
                 Microsoft.WindowsDesktop.App
                         DefaultRuntimeFrameworkVersion=9.0.0
                         IsWindowsOnly=true
                         LatestRuntimeFrameworkVersion=9.0.8
                         RuntimeFrameworkName=Microsoft.WindowsDesktop.App
                         RuntimePackNamePatterns=Microsoft.WindowsDesktop.App.Runtime.**RID**
                         RuntimePackRuntimeIdentifiers=win-x64;win-x86;win-arm64
                         TargetFramework=net9.0
                         TargetingPackName=Microsoft.WindowsDesktop.App.Ref
                         TargetingPackVersion=9.0.8
                 Microsoft.WindowsDesktop.App.WPF
                         DefaultRuntimeFrameworkVersion=9.0.0
                         IsWindowsOnly=true
                         LatestRuntimeFrameworkVersion=9.0.8
                         Profile=WPF
                         RuntimeFrameworkName=Microsoft.WindowsDesktop.App
                         RuntimePackNamePatterns=Microsoft.WindowsDesktop.App.Runtime.**RID**
                         RuntimePackRuntimeIdentifiers=win-x64;win-x86;win-arm64
                         TargetFramework=net9.0
                         TargetingPackName=Microsoft.WindowsDesktop.App.Ref
                         TargetingPackVersion=9.0.8
                 Microsoft.WindowsDesktop.App.WindowsForms
                         DefaultRuntimeFrameworkVersion=9.0.0
                         IsWindowsOnly=true
                         LatestRuntimeFrameworkVersion=9.0.8
                         Profile=WindowsForms
                         RuntimeFrameworkName=Microsoft.WindowsDesktop.App
                         RuntimePackNamePatterns=Microsoft.WindowsDesktop.App.Runtime.**RID**
                         RuntimePackRuntimeIdentifiers=win-x64;win-x86;win-arm64
                         TargetFramework=net9.0
                         TargetingPackName=Microsoft.WindowsDesktop.App.Ref
                         TargetingPackVersion=9.0.8
                 Microsoft.AspNetCore.App
                         DefaultRuntimeFrameworkVersion=9.0.0
                         LatestRuntimeFrameworkVersion=9.0.8
                         RuntimeFrameworkName=Microsoft.AspNetCore.App
                         RuntimePackExcludedRuntimeIdentifiers=android;linux-bionic
                         RuntimePackNamePatterns=Microsoft.AspNetCore.App.Runtime.**RID**
                         RuntimePackRuntimeIdentifiers=win-x64;win-x86;osx-x64;linux-musl-x64;linux-musl-arm64;linux-x64;linux-arm;linux-arm64;linux-musl-arm;win-arm64;osx-arm64;linux-s390x;linux-loongarch64;linux-ppc64le;freebsd-x64;freebsd-arm64;linux-riscv64;linux-musl-riscv64;linux-loongarch64;linux-musl-loongarch64
                         TargetFramework=net9.0
                         TargetingPackName=Microsoft.AspNetCore.App.Ref
                         TargetingPackVersion=9.0.8
                 Microsoft.NETCore.App
                         DefaultRuntimeFrameworkVersion=8.0.0
                         LatestRuntimeFrameworkVersion=8.0.19
                         RuntimeFrameworkName=Microsoft.NETCore.App
                         RuntimePackNamePatterns=Microsoft.NETCore.App.Runtime.**RID**
                         RuntimePackRuntimeIdentifiers=linux-arm;linux-arm64;linux-musl-arm64;linux-musl-x64;linux-x64;osx-x64;rhel.6-x64;tizen.4.0.0-armel;tizen.5.0.0-armel;win-arm64;win-x64;win-x86;linux-musl-arm;osx-arm64;linux-s390x;linux-loongarch64;linux-bionic-arm;linux-bionic-arm64;linux-bionic-x64;linux-bionic-x86;linux-ppc64le;freebsd-x64;freebsd-arm64
                         TargetFramework=net8.0
                         TargetingPackName=Microsoft.NETCore.App.Ref
                         TargetingPackVersion=8.0.19
                 Microsoft.WindowsDesktop.App
                         DefaultRuntimeFrameworkVersion=8.0.0
                         IsWindowsOnly=true
                         LatestRuntimeFrameworkVersion=8.0.19
                         RuntimeFrameworkName=Microsoft.WindowsDesktop.App
                         RuntimePackNamePatterns=Microsoft.WindowsDesktop.App.Runtime.**RID**
                         RuntimePackRuntimeIdentifiers=win-x64;win-x86;win-arm64
                         TargetFramework=net8.0
                         TargetingPackName=Microsoft.WindowsDesktop.App.Ref
                         TargetingPackVersion=8.0.19
                 Microsoft.WindowsDesktop.App.WPF
                         DefaultRuntimeFrameworkVersion=8.0.0
                         IsWindowsOnly=true
                         LatestRuntimeFrameworkVersion=8.0.19
                         Profile=WPF
                         RuntimeFrameworkName=Microsoft.WindowsDesktop.App
                         RuntimePackNamePatterns=Microsoft.WindowsDesktop.App.Runtime.**RID**
                         RuntimePackRuntimeIdentifiers=win-x64;win-x86;win-arm64
                         TargetFramework=net8.0
                         TargetingPackName=Microsoft.WindowsDesktop.App.Ref
                         TargetingPackVersion=8.0.19
                 Microsoft.WindowsDesktop.App.WindowsForms
                         DefaultRuntimeFrameworkVersion=8.0.0
                         IsWindowsOnly=true
                         LatestRuntimeFrameworkVersion=8.0.19
                         Profile=WindowsForms
                         RuntimeFrameworkName=Microsoft.WindowsDesktop.App
                         RuntimePackNamePatterns=Microsoft.WindowsDesktop.App.Runtime.**RID**
                         RuntimePackRuntimeIdentifiers=win-x64;win-x86;win-arm64
                         TargetFramework=net8.0
                         TargetingPackName=Microsoft.WindowsDesktop.App.Ref
                         TargetingPackVersion=8.0.19
                 Microsoft.AspNetCore.App
                         DefaultRuntimeFrameworkVersion=8.0.0
                         LatestRuntimeFrameworkVersion=8.0.19
                         RuntimeFrameworkName=Microsoft.AspNetCore.App
                         RuntimePackExcludedRuntimeIdentifiers=android;linux-bionic
                         RuntimePackNamePatterns=Microsoft.AspNetCore.App.Runtime.**RID**
                         RuntimePackRuntimeIdentifiers=win-x64;win-x86;osx-x64;linux-musl-x64;linux-musl-arm64;linux-x64;linux-arm;linux-arm64;linux-musl-arm;win-arm64;osx-arm64;linux-s390x;linux-loongarch64;linux-ppc64le;freebsd-x64;freebsd-arm64
                         TargetFramework=net8.0
                         TargetingPackName=Microsoft.AspNetCore.App.Ref
                         TargetingPackVersion=8.0.19
                 Microsoft.NETCore.App
                         DefaultRuntimeFrameworkVersion=7.0.0
                         LatestRuntimeFrameworkVersion=7.0.20
                         RuntimeFrameworkName=Microsoft.NETCore.App
                         RuntimePackNamePatterns=Microsoft.NETCore.App.Runtime.**RID**
                         RuntimePackRuntimeIdentifiers=linux-arm;linux-arm64;linux-musl-arm64;linux-musl-x64;linux-x64;osx-x64;rhel.6-x64;tizen.4.0.0-armel;tizen.5.0.0-armel;win-arm;win-arm64;win-x64;win-x86;linux-musl-arm;osx-arm64;linux-s390x;linux-loongarch64;linux-bionic-arm;linux-bionic-arm64;linux-bionic-x64;linux-bionic-x86;linux-ppc64le
                         TargetFramework=net7.0
                         TargetingPackName=Microsoft.NETCore.App.Ref
                         TargetingPackVersion=7.0.20
                 Microsoft.WindowsDesktop.App
                         DefaultRuntimeFrameworkVersion=7.0.0
                         IsWindowsOnly=true
                         LatestRuntimeFrameworkVersion=7.0.20
                         RuntimeFrameworkName=Microsoft.WindowsDesktop.App
                         RuntimePackNamePatterns=Microsoft.WindowsDesktop.App.Runtime.**RID**
                         RuntimePackRuntimeIdentifiers=win-x64;win-x86;win-arm64
                         TargetFramework=net7.0
                         TargetingPackName=Microsoft.WindowsDesktop.App.Ref
                         TargetingPackVersion=7.0.20
                 Microsoft.WindowsDesktop.App.WPF
                         DefaultRuntimeFrameworkVersion=7.0.0
                         IsWindowsOnly=true
                         LatestRuntimeFrameworkVersion=7.0.20
                         Profile=WPF
                         RuntimeFrameworkName=Microsoft.WindowsDesktop.App
                         RuntimePackNamePatterns=Microsoft.WindowsDesktop.App.Runtime.**RID**
                         RuntimePackRuntimeIdentifiers=win-x64;win-x86;win-arm64
                         TargetFramework=net7.0
                         TargetingPackName=Microsoft.WindowsDesktop.App.Ref
                         TargetingPackVersion=7.0.20
                 Microsoft.WindowsDesktop.App.WindowsForms
                         DefaultRuntimeFrameworkVersion=7.0.0
                         IsWindowsOnly=true
                         LatestRuntimeFrameworkVersion=7.0.20
                         Profile=WindowsForms
                         RuntimeFrameworkName=Microsoft.WindowsDesktop.App
                         RuntimePackNamePatterns=Microsoft.WindowsDesktop.App.Runtime.**RID**
                         RuntimePackRuntimeIdentifiers=win-x64;win-x86;win-arm64
                         TargetFramework=net7.0
                         TargetingPackName=Microsoft.WindowsDesktop.App.Ref
                         TargetingPackVersion=7.0.20
                 Microsoft.AspNetCore.App
                         DefaultRuntimeFrameworkVersion=7.0.0
                         LatestRuntimeFrameworkVersion=7.0.20
                         RuntimeFrameworkName=Microsoft.AspNetCore.App
                         RuntimePackExcludedRuntimeIdentifiers=android
                         RuntimePackNamePatterns=Microsoft.AspNetCore.App.Runtime.**RID**
                         RuntimePackRuntimeIdentifiers=win-x64;win-x86;win-arm;osx-x64;linux-musl-x64;linux-musl-arm64;linux-x64;linux-arm;linux-arm64;linux-musl-arm;win-arm64;osx-arm64;linux-s390x;linux-loongarch64;linux-ppc64le
                         TargetFramework=net7.0
                         TargetingPackName=Microsoft.AspNetCore.App.Ref
                         TargetingPackVersion=7.0.20
                 Microsoft.NETCore.App
                         DefaultRuntimeFrameworkVersion=6.0.0
                         LatestRuntimeFrameworkVersion=6.0.36
                         RuntimeFrameworkName=Microsoft.NETCore.App
                         RuntimePackNamePatterns=Microsoft.NETCore.App.Runtime.**RID**
                         RuntimePackRuntimeIdentifiers=linux-arm;linux-arm64;linux-musl-arm64;linux-musl-x64;linux-x64;osx-x64;rhel.6-x64;tizen.4.0.0-armel;tizen.5.0.0-armel;win-arm;win-arm64;win-x64;win-x86;linux-musl-arm;osx-arm64;linux-s390x;linux-loongarch64
                         TargetFramework=net6.0
                         TargetingPackName=Microsoft.NETCore.App.Ref
                         TargetingPackVersion=6.0.36
                 Microsoft.WindowsDesktop.App
                         DefaultRuntimeFrameworkVersion=6.0.0
                         IsWindowsOnly=true
                         LatestRuntimeFrameworkVersion=6.0.36
                         RuntimeFrameworkName=Microsoft.WindowsDesktop.App
                         RuntimePackNamePatterns=Microsoft.WindowsDesktop.App.Runtime.**RID**
                         RuntimePackRuntimeIdentifiers=win-x64;win-x86;win-arm64
                         TargetFramework=net6.0
                         TargetingPackName=Microsoft.WindowsDesktop.App.Ref
                         TargetingPackVersion=6.0.36
                 Microsoft.WindowsDesktop.App.WPF
                         DefaultRuntimeFrameworkVersion=6.0.0
                         IsWindowsOnly=true
                         LatestRuntimeFrameworkVersion=6.0.36
                         Profile=WPF
                         RuntimeFrameworkName=Microsoft.WindowsDesktop.App
                         RuntimePackNamePatterns=Microsoft.WindowsDesktop.App.Runtime.**RID**
                         RuntimePackRuntimeIdentifiers=win-x64;win-x86;win-arm64
                         TargetFramework=net6.0
                         TargetingPackName=Microsoft.WindowsDesktop.App.Ref
                         TargetingPackVersion=6.0.36
                 Microsoft.WindowsDesktop.App.WindowsForms
                         DefaultRuntimeFrameworkVersion=6.0.0
                         IsWindowsOnly=true
                         LatestRuntimeFrameworkVersion=6.0.36
                         Profile=WindowsForms
                         RuntimeFrameworkName=Microsoft.WindowsDesktop.App
                         RuntimePackNamePatterns=Microsoft.WindowsDesktop.App.Runtime.**RID**
                         RuntimePackRuntimeIdentifiers=win-x64;win-x86;win-arm64
                         TargetFramework=net6.0
                         TargetingPackName=Microsoft.WindowsDesktop.App.Ref
                         TargetingPackVersion=6.0.36
                 Microsoft.AspNetCore.App
                         DefaultRuntimeFrameworkVersion=6.0.0
                         LatestRuntimeFrameworkVersion=6.0.36
                         RuntimeFrameworkName=Microsoft.AspNetCore.App
                         RuntimePackNamePatterns=Microsoft.AspNetCore.App.Runtime.**RID**
                         RuntimePackRuntimeIdentifiers=win-x64;win-x86;win-arm;osx-x64;linux-musl-x64;linux-musl-arm64;linux-x64;linux-arm;linux-arm64;linux-musl-arm;win-arm64;osx-arm64;linux-s390x;linux-loongarch64
                         TargetFramework=net6.0
                         TargetingPackName=Microsoft.AspNetCore.App.Ref
                         TargetingPackVersion=6.0.36
                 Microsoft.NETCore.App
                         DefaultRuntimeFrameworkVersion=5.0.0
                         IsTrimmable=true
                         LatestRuntimeFrameworkVersion=5.0.17
                         RuntimeFrameworkName=Microsoft.NETCore.App
                         RuntimePackNamePatterns=Microsoft.NETCore.App.Runtime.**RID**
                         RuntimePackRuntimeIdentifiers=linux-arm;linux-arm64;linux-musl-arm64;linux-musl-x64;linux-x64;osx-x64;rhel.6-x64;tizen.4.0.0-armel;tizen.5.0.0-armel;win-arm;win-arm64;win-x64;win-x86;linux-musl-arm;browser-wasm
                         TargetFramework=net5.0
                         TargetingPackName=Microsoft.NETCore.App.Ref
                         TargetingPackVersion=5.0.0
                 Microsoft.WindowsDesktop.App
                         DefaultRuntimeFrameworkVersion=5.0.0
                         IsWindowsOnly=true
                         LatestRuntimeFrameworkVersion=5.0.17
                         RuntimeFrameworkName=Microsoft.WindowsDesktop.App
                         RuntimePackNamePatterns=Microsoft.WindowsDesktop.App.Runtime.**RID**
                         RuntimePackRuntimeIdentifiers=win-x64;win-x86;win-arm64
                         TargetFramework=net5.0
                         TargetingPackName=Microsoft.WindowsDesktop.App.Ref
                         TargetingPackVersion=5.0.0
                 Microsoft.WindowsDesktop.App.WPF
                         DefaultRuntimeFrameworkVersion=5.0.0
                         IsWindowsOnly=true
                         LatestRuntimeFrameworkVersion=5.0.17
                         Profile=WPF
                         RuntimeFrameworkName=Microsoft.WindowsDesktop.App
                         RuntimePackNamePatterns=Microsoft.WindowsDesktop.App.Runtime.**RID**
                         RuntimePackRuntimeIdentifiers=win-x64;win-x86;win-arm64
                         TargetFramework=net5.0
                         TargetingPackName=Microsoft.WindowsDesktop.App.Ref
                         TargetingPackVersion=5.0.0
                 Microsoft.WindowsDesktop.App.WindowsForms
                         DefaultRuntimeFrameworkVersion=5.0.0
                         IsWindowsOnly=true
                         LatestRuntimeFrameworkVersion=5.0.17
                         Profile=WindowsForms
                         RuntimeFrameworkName=Microsoft.WindowsDesktop.App
                         RuntimePackNamePatterns=Microsoft.WindowsDesktop.App.Runtime.**RID**
                         RuntimePackRuntimeIdentifiers=win-x64;win-x86;win-arm64
                         TargetFramework=net5.0
                         TargetingPackName=Microsoft.WindowsDesktop.App.Ref
                         TargetingPackVersion=5.0.0
                 Microsoft.AspNetCore.App
                         DefaultRuntimeFrameworkVersion=5.0.0
                         LatestRuntimeFrameworkVersion=5.0.17
                         RuntimeFrameworkName=Microsoft.AspNetCore.App
                         RuntimePackNamePatterns=Microsoft.AspNetCore.App.Runtime.**RID**
                         RuntimePackRuntimeIdentifiers=win-x64;win-x86;win-arm;osx-x64;linux-musl-x64;linux-musl-arm64;linux-x64;linux-arm;linux-arm64;linux-musl-arm;win-arm64
                         TargetFramework=net5.0
                         TargetingPackName=Microsoft.AspNetCore.App.Ref
                         TargetingPackVersion=5.0.0
                 Microsoft.NETCore.App
                         DefaultRuntimeFrameworkVersion=3.1.0
                         IsTrimmable=true
                         LatestRuntimeFrameworkVersion=3.1.32
                         RuntimeFrameworkName=Microsoft.NETCore.App
                         RuntimePackNamePatterns=Microsoft.NETCore.App.Runtime.**RID**
                         RuntimePackRuntimeIdentifiers=linux-arm;linux-arm64;linux-musl-arm64;linux-musl-x64;linux-x64;osx-x64;rhel.6-x64;tizen.4.0.0-armel;tizen.5.0.0-armel;win-arm;win-arm64;win-x64;win-x86
                         TargetFramework=netcoreapp3.1
                         TargetingPackName=Microsoft.NETCore.App.Ref
                         TargetingPackVersion=3.1.0
                 Microsoft.WindowsDesktop.App
                         DefaultRuntimeFrameworkVersion=3.1.0
                         IsWindowsOnly=true
                         LatestRuntimeFrameworkVersion=3.1.32
                         RuntimeFrameworkName=Microsoft.WindowsDesktop.App
                         RuntimePackNamePatterns=Microsoft.WindowsDesktop.App.Runtime.**RID**
                         RuntimePackRuntimeIdentifiers=win-x64;win-x86
                         TargetFramework=netcoreapp3.1
                         TargetingPackName=Microsoft.WindowsDesktop.App.Ref
                         TargetingPackVersion=3.1.0
                 Microsoft.WindowsDesktop.App.WPF
                         DefaultRuntimeFrameworkVersion=3.1.0
                         IsWindowsOnly=true
                         LatestRuntimeFrameworkVersion=3.1.32
                         Profile=WPF
                         RuntimeFrameworkName=Microsoft.WindowsDesktop.App
                         RuntimePackNamePatterns=Microsoft.WindowsDesktop.App.Runtime.**RID**
                         RuntimePackRuntimeIdentifiers=win-x64;win-x86
                         TargetFramework=netcoreapp3.1
                         TargetingPackName=Microsoft.WindowsDesktop.App.Ref
                         TargetingPackVersion=3.1.0
                 Microsoft.WindowsDesktop.App.WindowsForms
                         DefaultRuntimeFrameworkVersion=3.1.0
                         IsWindowsOnly=true
                         LatestRuntimeFrameworkVersion=3.1.32
                         Profile=WindowsForms
                         RuntimeFrameworkName=Microsoft.WindowsDesktop.App
                         RuntimePackNamePatterns=Microsoft.WindowsDesktop.App.Runtime.**RID**
                         RuntimePackRuntimeIdentifiers=win-x64;win-x86
                         TargetFramework=netcoreapp3.1
                         TargetingPackName=Microsoft.WindowsDesktop.App.Ref
                         TargetingPackVersion=3.1.0
                 Microsoft.AspNetCore.App
                         DefaultRuntimeFrameworkVersion=3.1.0
                         LatestRuntimeFrameworkVersion=3.1.32
                         RuntimeFrameworkName=Microsoft.AspNetCore.App
                         RuntimePackNamePatterns=Microsoft.AspNetCore.App.Runtime.**RID**
                         RuntimePackRuntimeIdentifiers=win-x64;win-x86;win-arm;osx-x64;linux-musl-x64;linux-musl-arm64;linux-x64;linux-arm;linux-arm64
                         TargetFramework=netcoreapp3.1
                         TargetingPackName=Microsoft.AspNetCore.App.Ref
                         TargetingPackVersion=3.1.10
                 Microsoft.NETCore.App
                         DefaultRuntimeFrameworkVersion=3.0.0
                         IsTrimmable=true
                         LatestRuntimeFrameworkVersion=3.0.3
                         RuntimeFrameworkName=Microsoft.NETCore.App
                         RuntimePackNamePatterns=Microsoft.NETCore.App.Runtime.**RID**
                         RuntimePackRuntimeIdentifiers=linux-arm;linux-arm64;linux-musl-arm64;linux-musl-x64;linux-x64;osx-x64;rhel.6-x64;tizen.4.0.0-armel;tizen.5.0.0-armel;win-arm;win-arm64;win-x64;win-x86
                         TargetFramework=netcoreapp3.0
                         TargetingPackName=Microsoft.NETCore.App.Ref
                         TargetingPackVersion=3.0.0
                 Microsoft.WindowsDesktop.App
                         DefaultRuntimeFrameworkVersion=3.0.0
                         IsWindowsOnly=true
                         LatestRuntimeFrameworkVersion=3.0.3
                         RuntimeFrameworkName=Microsoft.WindowsDesktop.App
                         RuntimePackNamePatterns=Microsoft.WindowsDesktop.App.Runtime.**RID**
                         RuntimePackRuntimeIdentifiers=win-x64;win-x86
                         TargetFramework=netcoreapp3.0
                         TargetingPackName=Microsoft.WindowsDesktop.App.Ref
                         TargetingPackVersion=3.0.0
                 Microsoft.WindowsDesktop.App.WPF
                         DefaultRuntimeFrameworkVersion=3.0.0
                         IsWindowsOnly=true
                         LatestRuntimeFrameworkVersion=3.0.3
                         Profile=WPF
                         RuntimeFrameworkName=Microsoft.WindowsDesktop.App
                         RuntimePackNamePatterns=Microsoft.WindowsDesktop.App.Runtime.**RID**
                         RuntimePackRuntimeIdentifiers=win-x64;win-x86
                         TargetFramework=netcoreapp3.0
                         TargetingPackName=Microsoft.WindowsDesktop.App.Ref
                         TargetingPackVersion=3.0.0
                 Microsoft.WindowsDesktop.App.WindowsForms
                         DefaultRuntimeFrameworkVersion=3.0.0
                         IsWindowsOnly=true
                         LatestRuntimeFrameworkVersion=3.0.3
                         Profile=WindowsForms
                         RuntimeFrameworkName=Microsoft.WindowsDesktop.App
                         RuntimePackNamePatterns=Microsoft.WindowsDesktop.App.Runtime.**RID**
                         RuntimePackRuntimeIdentifiers=win-x64;win-x86
                         TargetFramework=netcoreapp3.0
                         TargetingPackName=Microsoft.WindowsDesktop.App.Ref
                         TargetingPackVersion=3.0.0
                 Microsoft.AspNetCore.App
                         DefaultRuntimeFrameworkVersion=3.0.0
                         LatestRuntimeFrameworkVersion=3.0.3
                         RuntimeFrameworkName=Microsoft.AspNetCore.App
                         RuntimePackNamePatterns=Microsoft.AspNetCore.App.Runtime.**RID**
                         RuntimePackRuntimeIdentifiers=win-x64;win-x86;win-arm;osx-x64;linux-musl-x64;linux-musl-arm64;linux-x64;linux-arm;linux-arm64
                         TargetFramework=netcoreapp3.0
                         TargetingPackName=Microsoft.AspNetCore.App.Ref
                         TargetingPackVersion=3.0.1
                 NETStandard.Library
                         TargetFramework=netstandard2.1
                         TargetingPackName=NETStandard.Library.Ref
                         TargetingPackVersion=2.1.0
         Task Parameter:NETCoreSdkRuntimeIdentifier=win-x64
         Task Parameter:FirstTargetFrameworkVersionToSupportSingleFileAnalyzer=6.0
         Task Parameter:
             KnownCrossgen2Packs=
                 Microsoft.NETCore.App.Crossgen2
                         Crossgen2PackNamePattern=Microsoft.NETCore.App.Crossgen2.**RID**
                         Crossgen2PackVersion=9.0.8
                         Crossgen2RuntimeIdentifiers=linux-musl-x64;linux-x64;win-x64;linux-arm;linux-arm64;linux-musl-arm;linux-musl-arm64;osx-arm64;osx-x64;win-arm64;win-x86;freebsd-x64;freebsd-arm64;linux-riscv64;linux-musl-riscv64;linux-loongarch64;linux-musl-loongarch64
                         TargetFramework=net9.0
                 Microsoft.NETCore.App.Crossgen2
                         Crossgen2PackNamePattern=Microsoft.NETCore.App.Crossgen2.**RID**
                         Crossgen2PackVersion=8.0.19
                         Crossgen2RuntimeIdentifiers=linux-musl-x64;linux-x64;win-x64;linux-arm;linux-arm64;linux-musl-arm;linux-musl-arm64;osx-arm64;osx-x64;win-arm64;win-x86;freebsd-x64;freebsd-arm64
                         TargetFramework=net8.0
                 Microsoft.NETCore.App.Crossgen2
                         Crossgen2PackNamePattern=Microsoft.NETCore.App.Crossgen2.**RID**
                         Crossgen2PackVersion=7.0.20
                         Crossgen2RuntimeIdentifiers=linux-musl-x64;linux-x64;win-x64;linux-arm;linux-arm64;linux-musl-arm;linux-musl-arm64;osx-arm64;osx-x64;win-arm;win-arm64;win-x86
                         TargetFramework=net7.0
                 Microsoft.NETCore.App.Crossgen2
                         Crossgen2PackNamePattern=Microsoft.NETCore.App.Crossgen2.**RID**
                         Crossgen2PackVersion=6.0.36
                         Crossgen2RuntimeIdentifiers=linux-musl-x64;linux-x64;win-x64;linux-arm;linux-arm64;linux-musl-arm;linux-musl-arm64;osx-arm64;osx-x64;win-arm;win-arm64;win-x86
                         TargetFramework=net6.0
                 Microsoft.NETCore.App.Crossgen2
                         Crossgen2PackNamePattern=Microsoft.NETCore.App.Crossgen2.**RID**
                         Crossgen2PackVersion=5.0.17
                         Crossgen2RuntimeIdentifiers=linux-musl-x64;linux-x64;win-x64
                         TargetFramework=net5.0
         Task Parameter:NETCoreSdkPortableRuntimeIdentifier=win-x64
         Task Parameter:NETCoreSdkVersion=9.0.304
         Task Parameter:
             FrameworkReferences=
                 Microsoft.NETCore.App
                         IsImplicitlyDefined=true
                         Pack=false
                         PrivateAssets=All
                 Microsoft.AspNetCore.App
                         IsImplicitlyDefined=true
         Task Parameter:SelfContained=False
         Task Parameter:MinNonEolTargetFrameworkForSingleFile=net6.0
         Task Parameter:TargetLatestRuntimePatch=False
         Task Parameter:MinNonEolTargetFrameworkForAot=net7.0
         Output Item(s): 
             RuntimeFramework=
                 Microsoft.NETCore.App
                         FrameworkName=Microsoft.NETCore.App
                         Profile=
                         Version=8.0.0
                 Microsoft.WindowsDesktop.App
                         FrameworkName=Microsoft.WindowsDesktop.App
                         Profile=
                         Version=8.0.0
                 Microsoft.WindowsDesktop.App
                         FrameworkName=Microsoft.WindowsDesktop.App.WPF
                         Profile=WPF
                         Version=8.0.0
                 Microsoft.WindowsDesktop.App
                         FrameworkName=Microsoft.WindowsDesktop.App.WindowsForms
                         Profile=WindowsForms
                         Version=8.0.0
                 Microsoft.AspNetCore.App
                         FrameworkName=Microsoft.AspNetCore.App
                         Profile=
                         Version=8.0.0
         Output Item(s): 
             TargetingPack=
                 Microsoft.NETCore.App
                         NuGetPackageId=Microsoft.NETCore.App.Ref
                         NuGetPackageVersion=8.0.19
                         PackageConflictPreferredPackages=Microsoft.NETCore.App.Ref;Microsoft.NETCore.App.Runtime.linux-arm;Microsoft.NETCore.App.Runtime.linux-arm64;Microsoft.NETCore.App.Runtime.linux-musl-arm64;Microsoft.NETCore.App.Runtime.linux-musl-x64;Microsoft.NETCore.App.Runtime.linux-x64;Microsoft.NETCore.App.Runtime.osx-x64;Microsoft.NETCore.App.Runtime.rhel.6-x64;Microsoft.NETCore.App.Runtime.tizen.4.0.0-armel;Microsoft.NETCore.App.Runtime.tizen.5.0.0-armel;Microsoft.NETCore.App.Runtime.win-arm64;Microsoft.NETCore.App.Runtime.win-x64;Microsoft.NETCore.App.Runtime.win-x86;Microsoft.NETCore.App.Runtime.linux-musl-arm;Microsoft.NETCore.App.Runtime.osx-arm64;Microsoft.NETCore.App.Runtime.linux-s390x;Microsoft.NETCore.App.Runtime.linux-loongarch64;Microsoft.NETCore.App.Runtime.linux-bionic-arm;Microsoft.NETCore.App.Runtime.linux-bionic-arm64;Microsoft.NETCore.App.Runtime.linux-bionic-x64;Microsoft.NETCore.App.Runtime.linux-bionic-x86;Microsoft.NETCore.App.Runtime.linux-ppc64le;Microsoft.NETCore.App.Runtime.freebsd-x64;Microsoft.NETCore.App.Runtime.freebsd-arm64
                         PackageDirectory=C:\Program Files\dotnet\packs\Microsoft.NETCore.App.Ref\8.0.19
                         Path=C:\Program Files\dotnet\packs\Microsoft.NETCore.App.Ref\8.0.19
                         RuntimeFrameworkName=Microsoft.NETCore.App
                         RuntimePackRuntimeIdentifiers=linux-arm;linux-arm64;linux-musl-arm64;linux-musl-x64;linux-x64;osx-x64;rhel.6-x64;tizen.4.0.0-armel;tizen.5.0.0-armel;win-arm64;win-x64;win-x86;linux-musl-arm;osx-arm64;linux-s390x;linux-loongarch64;linux-bionic-arm;linux-bionic-arm64;linux-bionic-x64;linux-bionic-x86;linux-ppc64le;freebsd-x64;freebsd-arm64
                         TargetFramework=net8.0
                         TargetingPackFormat=
                 Microsoft.WindowsDesktop.App
                         NuGetPackageId=Microsoft.WindowsDesktop.App.Ref
                         NuGetPackageVersion=8.0.19
                         PackageConflictPreferredPackages=Microsoft.WindowsDesktop.App.Ref;Microsoft.WindowsDesktop.App.Runtime.win-x64;Microsoft.WindowsDesktop.App.Runtime.win-x86;Microsoft.WindowsDesktop.App.Runtime.win-arm64
                         PackageDirectory=C:\Program Files\dotnet\packs\Microsoft.WindowsDesktop.App.Ref\8.0.19
                         Path=C:\Program Files\dotnet\packs\Microsoft.WindowsDesktop.App.Ref\8.0.19
                         RuntimeFrameworkName=Microsoft.WindowsDesktop.App
                         RuntimePackRuntimeIdentifiers=win-x64;win-x86;win-arm64
                         TargetFramework=net8.0
                         TargetingPackFormat=
                 Microsoft.WindowsDesktop.App.WPF
                         NuGetPackageId=Microsoft.WindowsDesktop.App.Ref
                         NuGetPackageVersion=8.0.19
                         PackageConflictPreferredPackages=Microsoft.WindowsDesktop.App.Ref;Microsoft.WindowsDesktop.App.Runtime.win-x64;Microsoft.WindowsDesktop.App.Runtime.win-x86;Microsoft.WindowsDesktop.App.Runtime.win-arm64
                         PackageDirectory=C:\Program Files\dotnet\packs\Microsoft.WindowsDesktop.App.Ref\8.0.19
                         Path=C:\Program Files\dotnet\packs\Microsoft.WindowsDesktop.App.Ref\8.0.19
                         Profile=WPF
                         RuntimeFrameworkName=Microsoft.WindowsDesktop.App
                         RuntimePackRuntimeIdentifiers=win-x64;win-x86;win-arm64
                         TargetFramework=net8.0
                         TargetingPackFormat=
                 Microsoft.WindowsDesktop.App.WindowsForms
                         NuGetPackageId=Microsoft.WindowsDesktop.App.Ref
                         NuGetPackageVersion=8.0.19
                         PackageConflictPreferredPackages=Microsoft.WindowsDesktop.App.Ref;Microsoft.WindowsDesktop.App.Runtime.win-x64;Microsoft.WindowsDesktop.App.Runtime.win-x86;Microsoft.WindowsDesktop.App.Runtime.win-arm64
                         PackageDirectory=C:\Program Files\dotnet\packs\Microsoft.WindowsDesktop.App.Ref\8.0.19
                         Path=C:\Program Files\dotnet\packs\Microsoft.WindowsDesktop.App.Ref\8.0.19
                         Profile=WindowsForms
                         RuntimeFrameworkName=Microsoft.WindowsDesktop.App
                         RuntimePackRuntimeIdentifiers=win-x64;win-x86;win-arm64
                         TargetFramework=net8.0
                         TargetingPackFormat=
                 Microsoft.AspNetCore.App
                         NuGetPackageId=Microsoft.AspNetCore.App.Ref
                         NuGetPackageVersion=8.0.19
                         PackageConflictPreferredPackages=Microsoft.AspNetCore.App.Ref;Microsoft.AspNetCore.App.Runtime.win-x64;Microsoft.AspNetCore.App.Runtime.win-x86;Microsoft.AspNetCore.App.Runtime.osx-x64;Microsoft.AspNetCore.App.Runtime.linux-musl-x64;Microsoft.AspNetCore.App.Runtime.linux-musl-arm64;Microsoft.AspNetCore.App.Runtime.linux-x64;Microsoft.AspNetCore.App.Runtime.linux-arm;Microsoft.AspNetCore.App.Runtime.linux-arm64;Microsoft.AspNetCore.App.Runtime.linux-musl-arm;Microsoft.AspNetCore.App.Runtime.win-arm64;Microsoft.AspNetCore.App.Runtime.osx-arm64;Microsoft.AspNetCore.App.Runtime.linux-s390x;Microsoft.AspNetCore.App.Runtime.linux-loongarch64;Microsoft.AspNetCore.App.Runtime.linux-ppc64le;Microsoft.AspNetCore.App.Runtime.freebsd-x64;Microsoft.AspNetCore.App.Runtime.freebsd-arm64
                         PackageDirectory=C:\Program Files\dotnet\packs\Microsoft.AspNetCore.App.Ref\8.0.19
                         Path=C:\Program Files\dotnet\packs\Microsoft.AspNetCore.App.Ref\8.0.19
                         RuntimeFrameworkName=Microsoft.AspNetCore.App
                         RuntimePackRuntimeIdentifiers=win-x64;win-x86;osx-x64;linux-musl-x64;linux-musl-arm64;linux-x64;linux-arm;linux-arm64;linux-musl-arm;win-arm64;osx-arm64;linux-s390x;linux-loongarch64;linux-ppc64le;freebsd-x64;freebsd-arm64
                         TargetFramework=net8.0
                         TargetingPackFormat=
         Output Item(s): 
             _KnownRuntimeIdentifierPlatformsForTargetFramework=
                 linux
                 linux-musl
                 osx
                 rhel.6
                 tizen.4.0.0
                 tizen.5.0.0
                 win
                 linux-bionic
                 freebsd
                 ios
                 iossimulator
                 tvos
                 tvossimulator
                 maccatalyst
                 browser
                 android
       Done executing task "ProcessFrameworkReferences".
       Set Property: AppHostRuntimeIdentifier=
       Set Property: AppHostRuntimeIdentifier=win-x64
       Using "ResolveAppHosts" task from assembly "C:\Program Files\dotnet\sdk\9.0.304\Sdks\Microsoft.NET.Sdk\targets\..\tools\net9.0\Microsoft.NET.Build.Tasks.dll".
       Task "ResolveAppHosts"
         Task Parameter:RuntimeGraphPath=C:\Program Files\dotnet\sdk\9.0.304/PortableRuntimeIdentifierGraph.json
         Task Parameter:
             KnownAppHostPacks=
                 Microsoft.NETCore.App
                         AppHostPackNamePattern=Microsoft.NETCore.App.Host.**RID**
                         AppHostPackVersion=9.0.8
                         AppHostRuntimeIdentifiers=linux-arm;linux-arm64;linux-musl-arm64;linux-musl-x64;linux-x64;osx-x64;rhel.6-x64;tizen.4.0.0-armel;tizen.5.0.0-armel;win-arm64;win-x64;win-x86;linux-musl-arm;osx-arm64;linux-s390x;linux-loongarch64;linux-bionic-arm;linux-bionic-arm64;linux-bionic-x64;linux-bionic-x86;linux-ppc64le;freebsd-x64;freebsd-arm64;linux-riscv64;linux-musl-riscv64;linux-musl-loongarch64
                         ExcludedRuntimeIdentifiers=android
                         TargetFramework=net9.0
                 Microsoft.NETCore.App
                         AppHostPackNamePattern=Microsoft.NETCore.App.Host.**RID**
                         AppHostPackVersion=8.0.19
                         AppHostRuntimeIdentifiers=linux-arm;linux-arm64;linux-musl-arm64;linux-musl-x64;linux-x64;osx-x64;rhel.6-x64;tizen.4.0.0-armel;tizen.5.0.0-armel;win-arm64;win-x64;win-x86;linux-musl-arm;osx-arm64;linux-s390x;linux-loongarch64;linux-bionic-arm;linux-bionic-arm64;linux-bionic-x64;linux-bionic-x86;linux-ppc64le;freebsd-x64;freebsd-arm64
                         ExcludedRuntimeIdentifiers=android
                         TargetFramework=net8.0
                 Microsoft.NETCore.App
                         AppHostPackNamePattern=Microsoft.NETCore.App.Host.**RID**
                         AppHostPackVersion=7.0.20
                         AppHostRuntimeIdentifiers=linux-arm;linux-arm64;linux-musl-arm64;linux-musl-x64;linux-x64;osx-x64;rhel.6-x64;tizen.4.0.0-armel;tizen.5.0.0-armel;win-arm;win-arm64;win-x64;win-x86;linux-musl-arm;osx-arm64;linux-s390x;linux-loongarch64;linux-bionic-arm;linux-bionic-arm64;linux-bionic-x64;linux-bionic-x86;linux-ppc64le
                         ExcludedRuntimeIdentifiers=android
                         TargetFramework=net7.0
                 Microsoft.NETCore.App
                         AppHostPackNamePattern=Microsoft.NETCore.App.Host.**RID**
                         AppHostPackVersion=6.0.36
                         AppHostRuntimeIdentifiers=linux-arm;linux-arm64;linux-musl-arm64;linux-musl-x64;linux-x64;osx-x64;rhel.6-x64;tizen.4.0.0-armel;tizen.5.0.0-armel;win-arm;win-arm64;win-x64;win-x86;linux-musl-arm;osx-arm64;linux-s390x;linux-loongarch64
                         ExcludedRuntimeIdentifiers=android
                         TargetFramework=net6.0
                 Microsoft.NETCore.App
                         AppHostPackNamePattern=Microsoft.NETCore.App.Host.**RID**
                         AppHostPackVersion=5.0.17
                         AppHostRuntimeIdentifiers=linux-arm;linux-arm64;linux-musl-arm64;linux-musl-x64;linux-x64;osx-x64;rhel.6-x64;tizen.4.0.0-armel;tizen.5.0.0-armel;win-arm;win-arm64;win-x64;win-x86;linux-musl-arm
                         TargetFramework=net5.0
                 Microsoft.NETCore.App
                         AppHostPackNamePattern=Microsoft.NETCore.App.Host.**RID**
                         AppHostPackVersion=3.1.32
                         AppHostRuntimeIdentifiers=linux-arm;linux-arm64;linux-musl-arm64;linux-musl-x64;linux-x64;osx-x64;rhel.6-x64;tizen.4.0.0-armel;tizen.5.0.0-armel;win-arm;win-arm64;win-x64;win-x86
                         TargetFramework=netcoreapp3.1
                 Microsoft.NETCore.App
                         AppHostPackNamePattern=Microsoft.NETCore.App.Host.**RID**
                         AppHostPackVersion=3.0.3
                         AppHostRuntimeIdentifiers=linux-arm;linux-arm64;linux-musl-arm64;linux-musl-x64;linux-x64;osx-x64;rhel.6-x64;tizen.4.0.0-armel;tizen.5.0.0-armel;win-arm;win-arm64;win-x64;win-x86
                         TargetFramework=netcoreapp3.0
         Task Parameter:DotNetAppHostExecutableNameWithoutExtension=apphost
         Task Parameter:TargetingPackRoot=C:\Program Files\dotnet\packs
         Task Parameter:DotNetIjwHostLibraryNameWithoutExtension=Ijwhost
         Task Parameter:TargetFrameworkVersion=8.0
         Task Parameter:AppHostRuntimeIdentifier=win-x64
         Task Parameter:TargetFrameworkIdentifier=.NETCoreApp
         Task Parameter:DotNetSingleFileHostExecutableNameWithoutExtension=singlefilehost
         Task Parameter:DotNetComHostLibraryNameWithoutExtension=comhost
         Task Parameter:NetCoreTargetingPackRoot=C:\Program Files\dotnet\packs
         Output Item(s): 
             AppHostPack=
                 AppHost
                         PackageDirectory=C:\Program Files\dotnet\packs\Microsoft.NETCore.App.Host.win-x64\8.0.19
                         Path=C:\Program Files\dotnet\packs\Microsoft.NETCore.App.Host.win-x64\8.0.19\runtimes\win-x64\native\apphost.exe
                         PathInPackage=runtimes\win-x64\native\apphost.exe
                         RuntimeIdentifier=win-x64
         Output Item(s): 
             SingleFileHostPack=
                 SingleFileHost
                         PackageDirectory=C:\Program Files\dotnet\packs\Microsoft.NETCore.App.Host.win-x64\8.0.19
                         Path=C:\Program Files\dotnet\packs\Microsoft.NETCore.App.Host.win-x64\8.0.19\runtimes\win-x64\native\singlefilehost.exe
                         PathInPackage=runtimes\win-x64\native\singlefilehost.exe
                         RuntimeIdentifier=win-x64
         Output Item(s): 
             ComHostPack=
                 ComHost
                         PackageDirectory=C:\Program Files\dotnet\packs\Microsoft.NETCore.App.Host.win-x64\8.0.19
                         Path=C:\Program Files\dotnet\packs\Microsoft.NETCore.App.Host.win-x64\8.0.19\runtimes\win-x64\native\comhost.dll
                         PathInPackage=runtimes\win-x64\native\comhost.dll
                         RuntimeIdentifier=win-x64
         Output Item(s): 
             IjwHostPack=
                 IjwHost
                         PackageDirectory=C:\Program Files\dotnet\packs\Microsoft.NETCore.App.Host.win-x64\8.0.19
                         Path=C:\Program Files\dotnet\packs\Microsoft.NETCore.App.Host.win-x64\8.0.19\runtimes\win-x64\native\Ijwhost.dll
                         PathInPackage=runtimes\win-x64\native\Ijwhost.dll
                         RuntimeIdentifier=win-x64
       Done executing task "ResolveAppHosts".
       Set Property: UsePackageDownload=true
       Set Property: UsePackageDownload=true
     1>Done building target "ProcessFrameworkReferences" in project "SpareParts.Api.csproj".
       Target "IncludeTargetingPackReference" skipped, due to false condition; ('$(TargetFrameworkMoniker)' != '' and '$(TargetFrameworkIdentifier)' == '.NETFramework' and '$(AutomaticallyUseReferenceAssemblyPackages)' == 'true') was evaluated as ('.NETCoreApp,Version=v8.0' != '' and '.NETCoreApp' == '.NETFramework' and 'true' == 'true').
       Target "_CheckMicrosoftNetCompilersToolsetFrameworkPackageReference" skipped, due to false condition; ('$(MSBuildRuntimeType)' == 'Full') was evaluated as ('Core' == 'Full').
     1>Target "_CheckForObsoleteDotNetCliToolReferences" in file "C:\Program Files\dotnet\sdk\9.0.304\Sdks\Microsoft.NET.Sdk\targets\Microsoft.NET.ObsoleteReferences.targets" from project "D:\Ralph\SpareParts\src\SpareParts.Api\SpareParts.Api.csproj" (target "CollectPackageReferences" depends on it):
       Task "NETSdkWarning" skipped, due to false condition; ( '%(_ReferenceToObsoleteDotNetCliTool.Identity)' != '' ) was evaluated as ( '' != '' ).
     1>Done building target "_CheckForObsoleteDotNetCliToolReferences" in project "SpareParts.Api.csproj".
     1>Target "CollectPackageReferences" in file "C:\Program Files\dotnet\sdk\9.0.304\NuGet.targets" from project "D:\Ralph\SpareParts\src\SpareParts.Api\SpareParts.Api.csproj" (target "_GetRestoreProjectStyle" depends on it):
       Set Property: CollectPackageReferencesContinueOnError=false
       Assembly loaded during TaskRun: NuGet.Build.Tasks, Version=6.14.0.116, Culture=neutral, PublicKeyToken=31bf3856ad364e35 (location: C:\Program Files\dotnet\sdk\9.0.304\NuGet.Build.Tasks.dll, MVID: c545d64d-0cbb-4fc0-971c-b5c1c1e75cf3, AssemblyLoadContext: MSBuild plugin C:\Program Files\dotnet\sdk\9.0.304\NuGet.Build.Tasks.dll)
       Assembly loaded during TaskRun: NuGet.Common, Version=6.14.0.116, Culture=neutral, PublicKeyToken=31bf3856ad364e35 (location: C:\Program Files\dotnet\sdk\9.0.304\NuGet.Common.dll, MVID: 0fbb79ae-e358-4591-bc91-e34371a3d05b, AssemblyLoadContext: MSBuild plugin C:\Program Files\dotnet\sdk\9.0.304\NuGet.Build.Tasks.dll)
       Assembly loaded during TaskRun: NuGet.Commands, Version=6.14.0.116, Culture=neutral, PublicKeyToken=31bf3856ad364e35 (location: C:\Program Files\dotnet\sdk\9.0.304\NuGet.Commands.dll, MVID: e743f127-1013-45a0-a669-058903e72acf, AssemblyLoadContext: MSBuild plugin C:\Program Files\dotnet\sdk\9.0.304\NuGet.Build.Tasks.dll)
       Assembly loaded during TaskRun: NuGet.ProjectModel, Version=6.14.0.116, Culture=neutral, PublicKeyToken=31bf3856ad364e35 (location: C:\Program Files\dotnet\sdk\9.0.304\NuGet.ProjectModel.dll, MVID: 08d0df58-191b-4580-9b46-c281ab5b9b36, AssemblyLoadContext: MSBuild plugin C:\Program Files\dotnet\sdk\9.0.304\NuGet.Build.Tasks.dll)
       Using "CheckForDuplicateNuGetItemsTask" task from assembly "C:\Program Files\dotnet\sdk\9.0.304\NuGet.Build.Tasks.dll".
       Task "CheckForDuplicateNuGetItemsTask"
         Task Parameter:TreatWarningsAsErrors=false
         Task Parameter:NoWarn=1701;1702
         Task Parameter:WarningsAsErrors=;NU1605;SYSLIB0011
         Task Parameter:MSBuildProjectFullPath=D:\Ralph\SpareParts\src\SpareParts.Api\SpareParts.Api.csproj
         Task Parameter:ItemName=PackageReference
         Task Parameter:
             Items=
                 BCrypt.Net-Next
                         Version=4.1.0
                 Microsoft.AspNetCore.Authentication.JwtBearer
                         Version=8.0.25
                 Microsoft.IdentityModel.Tokens
                         Version=8.16.0
                 System.IdentityModel.Tokens.Jwt
                         Version=8.16.0
         Task Parameter:LogCode=NU1504
       Done executing task "CheckForDuplicateNuGetItemsTask".
     1>Done building target "CollectPackageReferences" in project "SpareParts.Api.csproj".
     1>Target "_GetRestoreProjectStyle" in file "C:\Program Files\dotnet\sdk\9.0.304\NuGet.targets" from project "D:\Ralph\SpareParts\src\SpareParts.Api\SpareParts.Api.csproj" (target "EnableIntermediateOutputPathMismatchWarning" depends on it):
       Set Property: _HasPackageReferenceItems=true
       Using "GetRestoreProjectStyleTask" task from assembly "C:\Program Files\dotnet\sdk\9.0.304\NuGet.Build.Tasks.dll".
       Task "GetRestoreProjectStyleTask"
         Task Parameter:MSBuildProjectDirectory=D:\Ralph\SpareParts\src\SpareParts.Api
         Task Parameter:HasPackageReferenceItems=True
         Task Parameter:MSBuildProjectName=SpareParts.Api
         Task Parameter:RestoreProjectStyle=PackageReference
         Output Property: RestoreProjectStyle=PackageReference
         Output Property: PackageReferenceCompatibleProjectStyle=True
       Done executing task "GetRestoreProjectStyleTask".
       Set Property: _HasPackageReferenceItems=
     1>Done building target "_GetRestoreProjectStyle" in project "SpareParts.Api.csproj".
     1>Target "EnableIntermediateOutputPathMismatchWarning" in file "C:\Program Files\dotnet\sdk\9.0.304\NuGet.targets" from project "D:\Ralph\SpareParts\src\SpareParts.Api\SpareParts.Api.csproj" (target "_CheckForInvalidConfigurationAndPlatform" depends on it):
       Set Property: EnableBaseIntermediateOutputPathMismatchWarning=true
     1>Done building target "EnableIntermediateOutputPathMismatchWarning" in project "SpareParts.Api.csproj".
       Target "ApplyImplicitVersions" skipped. Previously built successfully.
       Target "CheckForImplicitPackageReferenceOverrides" skipped. Previously built successfully.
     1>Target "CheckForDuplicateItems" in file "C:\Program Files\dotnet\sdk\9.0.304\Sdks\Microsoft.NET.Sdk\targets\Microsoft.NET.Sdk.DefaultItems.Shared.targets" from project "D:\Ralph\SpareParts\src\SpareParts.Api\SpareParts.Api.csproj" (target "_CheckForInvalidConfigurationAndPlatform" depends on it):
       Set Property: DefaultItemsMoreInformationLink=https://aka.ms/sdkimplicititems
       Using "CheckForDuplicateItems" task from assembly "C:\Program Files\dotnet\sdk\9.0.304\Sdks\Microsoft.NET.Sdk\targets\..\tools\net9.0\Microsoft.NET.Build.Tasks.dll".
       Task "CheckForDuplicateItems"
         Task Parameter:DefaultItemsOfThisTypeEnabled=True
         Task Parameter:DefaultItemsEnabled=True
         Task Parameter:PropertyNameToDisableDefaultItems=EnableDefaultCompileItems
         Task Parameter:MoreInformationLink=https://aka.ms/sdkimplicititems
         Task Parameter:ItemName=Compile
         Task Parameter:
             Items=
                 Controllers\AppConstantsController.cs
                 Controllers\AuthController.cs
                 Controllers\BrandsController.cs
                 Controllers\CarBrandsController.cs
                 Controllers\CarModelsController.cs
                 Controllers\CategoriesController.cs
                 Controllers\CurrenciesController.cs
                 Controllers\CustomersController.cs
                 Controllers\HealthController.cs
                 Controllers\LocationsController.cs
                 Controllers\PartsController.cs
                 Controllers\PurchasesController.cs
                 Controllers\RolesController.cs
                 Controllers\SalesController.cs
                 Controllers\SparePartsControllerBase.cs
                 Controllers\SuppliersController.cs
                 Controllers\TransactionTypesController.cs
                 Controllers\UsedCarsController.cs
                 Controllers\UserRow.cs
                 Controllers\UsersController.cs
                 Controllers\WarehousesController.cs
                 Errors\ApiErrorEnvelope.cs
                 Errors\ApiExceptionMiddleware.cs
                 GlobalUsings.cs
                 Hosting\ServiceCapability.cs
                 Hosting\ServiceProfile.cs
                 Hosting\SparePartsApiComposition.cs
                 Infrastructure\AppConstantsMigration.cs
                 Infrastructure\CarModelsMigration.cs
                 Infrastructure\CurrencyRatesMigration.cs
                 Infrastructure\InvoiceNumberingMigration.cs
                 Infrastructure\LocationsMigration.cs
                 Infrastructure\MenuAccessMigration.cs
                 Infrastructure\TransactionTypesMigration.cs
                 Infrastructure\UsedCarImagesMigration.cs
                 Infrastructure\UsedCarsMigration.cs
                 Program.cs
                 Services\AuthService.cs
       Done executing task "CheckForDuplicateItems".
       Task "CheckForDuplicateItems"
         Task Parameter:DefaultItemsOfThisTypeEnabled=True
         Task Parameter:DefaultItemsEnabled=True
         Task Parameter:PropertyNameToDisableDefaultItems=EnableDefaultEmbeddedResourceItems
         Task Parameter:MoreInformationLink=https://aka.ms/sdkimplicititems
         Task Parameter:ItemName=EmbeddedResource
       Done executing task "CheckForDuplicateItems".
       Task "CheckForDuplicateItems"
         Task Parameter:DefaultItemsOfThisTypeEnabled=True
         Task Parameter:DefaultItemsEnabled=True
         Task Parameter:PropertyNameToDisableDefaultItems=EnableDefaultContentItems
         Task Parameter:MoreInformationLink=https://aka.ms/sdkimplicititems
         Task Parameter:ItemName=Content
         Task Parameter:
             Items=
                 appsettings.api.json
                         CopyToOutputDirectory=PreserveNewest
                         CopyToPublishDirectory=PreserveNewest
                         ExcludeFromSingleFile=true
                 appsettings.json
                         CopyToOutputDirectory=PreserveNewest
                         CopyToPublishDirectory=PreserveNewest
                         ExcludeFromSingleFile=true
       Done executing task "CheckForDuplicateItems".
     1>Done building target "CheckForDuplicateItems" in project "SpareParts.Api.csproj".
       Target "WarnForExplicitVersions" skipped, due to false condition; ('@(SdkBuildWarning)' != '') was evaluated as ('' != '').
       Target "_CheckForFailedSDKResolution" skipped, due to false condition; ('$(SdkResolverHonoredGlobalJson)' == 'false') was evaluated as ('' == 'false').
       Target "_WarnWhenUsingNET9AndVSPriorTo1712" skipped, due to false condition; ($([MSBuild]::VersionLessThan($(MSBuildVersion), '17.12.0')) and '$(TargetFrameworkIdentifier)' == '.NETCoreApp' and $([MSBuild]::VersionGreaterThanOrEquals($(_TargetFrameworkVersionWithoutV), '9.0'))) was evaluated as (False and '.NETCoreApp' == '.NETCoreApp' and False).
       Target "_CheckForInvalidWindowsDesktopTargetingConfiguration" skipped, due to false condition; ('$(TargetFrameworkIdentifier)' == '.NETCoreApp' and $([MSBuild]::VersionGreaterThanOrEquals($(_TargetFrameworkVersionWithoutV), '5.0')) and ('$(UseWindowsForms)' == 'true' or '$(UseWPF)' == 'true')) was evaluated as ('.NETCoreApp' == '.NETCoreApp' and True and ('' == 'true' or '' == 'true')).
       Target "_CheckForUnnecessaryWindowsDesktopSDK" skipped, due to false condition; ('$(TargetFrameworkIdentifier)' == '.NETCoreApp' and $([MSBuild]::VersionGreaterThanOrEquals($(_TargetFrameworkVersionWithoutV), '5.0')) and '$(_MicrosoftWindowsDesktopSdkImported)' == 'true' and '$(TargetFrameworks)' == '') was evaluated as ('.NETCoreApp' == '.NETCoreApp' and True and '' == 'true' and '' == '').
       Target "ProcessFrameworkReferences" skipped. Previously built successfully.
       Target "IncludeTargetingPackReference" skipped, due to false condition; ('$(TargetFrameworkMoniker)' != '' and '$(TargetFrameworkIdentifier)' == '.NETFramework' and '$(AutomaticallyUseReferenceAssemblyPackages)' == 'true') was evaluated as ('.NETCoreApp,Version=v8.0' != '' and '.NETCoreApp' == '.NETFramework' and 'true' == 'true').
     1>Target "_CheckForInvalidConfigurationAndPlatform" in file "C:\Program Files\dotnet\sdk\9.0.304\Microsoft.Common.CurrentVersion.targets" from project "D:\Ralph\SpareParts\src\SpareParts.Api\SpareParts.Api.csproj" (target "BeforeBuild" depends on it):
       Set Property: _InvalidConfigurationMessageResourceName=CommonSdk.InvalidConfigurationTextWhenBuildingOutsideVisualStudio
       Task "MSBuildInternalMessage" skipped, due to false condition; ('$(_InvalidConfigurationMessageSeverity)' != '') was evaluated as ('' != '').
       Using "Message" task from assembly "Microsoft.Build.Tasks.Core, Version=15.1.0.0, Culture=neutral, PublicKeyToken=b03f5f7f11d50a3a".
       Task "Message"
         Task Parameter:Importance=Low
         Task Parameter:Text=Configuration=Debug
         Configuration=Debug
       Done executing task "Message".
       Task "Message"
         Task Parameter:Importance=Low
         Task Parameter:Text=Platform=AnyCPU
         Platform=AnyCPU
       Done executing task "Message".
       Task "MSBuildInternalMessage" skipped, due to false condition; ('$(OutDir)' != '' and !HasTrailingSlash('$(OutDir)')) was evaluated as ('bin\Debug\net8.0\' != '' and !HasTrailingSlash('bin\Debug\net8.0\')).
       Task "MSBuildInternalMessage" skipped, due to false condition; ('$(IntermediateOutputPath)' != '' and !HasTrailingSlash('$(IntermediateOutputPath)')) was evaluated as ('obj\Debug\net8.0\' != '' and !HasTrailingSlash('obj\Debug\net8.0\')).
       Task "MSBuildInternalMessage" skipped, due to false condition; ('$(BaseIntermediateOutputPath)' != '' and !HasTrailingSlash('$(BaseIntermediateOutputPath)')) was evaluated as ('D:\Ralph\SpareParts\src\SpareParts.Api\obj\' != '' and !HasTrailingSlash('D:\Ralph\SpareParts\src\SpareParts.Api\obj\')).
       Task "MSBuildInternalMessage" skipped, due to false condition; ( '$(Prefer32Bit)' == 'true' and '$(PreferNativeArm64)' == 'true' ) was evaluated as ( 'false' == 'true' and 'false' == 'true' ).
       Task "MSBuildInternalMessage" skipped, due to false condition; ( '$(NoWin32Manifest)' == 'true' and '$(PreferNativeArm64)' == 'true' ) was evaluated as ( '' == 'true' and 'false' == 'true' ).
       Task "MSBuildInternalMessage" skipped, due to false condition; ( '$(PreferNativeArm64)' == 'true' and '$(Platform)' != 'AnyCPU' ) was evaluated as ( 'false' == 'true' and 'AnyCPU' != 'AnyCPU' ).
       Task "MSBuildInternalMessage" skipped, due to false condition; ( '$(_InitialMSBuildProjectExtensionsPath)' != '' And '$(MSBuildProjectExtensionsPath)' != '$(_InitialMSBuildProjectExtensionsPath)' ) was evaluated as ( 'D:\Ralph\SpareParts\src\SpareParts.Api\obj\' != '' And 'D:\Ralph\SpareParts\src\SpareParts.Api\obj\' != 'D:\Ralph\SpareParts\src\SpareParts.Api\obj\' ).
       Task "MSBuildInternalMessage" skipped, due to false condition; ( '$(EnableBaseIntermediateOutputPathMismatchWarning)' == 'true' And '$(_InitialBaseIntermediateOutputPath)' != '$(BaseIntermediateOutputPath)' And '$(BaseIntermediateOutputPath)' != '$(MSBuildProjectExtensionsPath)' ) was evaluated as ( 'true' == 'true' And 'obj\' != 'D:\Ralph\SpareParts\src\SpareParts.Api\obj\' And 'D:\Ralph\SpareParts\src\SpareParts.Api\obj\' != 'D:\Ralph\SpareParts\src\SpareParts.Api\obj\' ).
     1>Done building target "_CheckForInvalidConfigurationAndPlatform" in project "SpareParts.Api.csproj".
     1>Target "ValidateCommandLineProperties" in file "C:\Program Files\dotnet\sdk\9.0.304\Sdks\Microsoft.NET.Sdk\targets\Microsoft.NET.Sdk.targets" from project "D:\Ralph\SpareParts\src\SpareParts.Api\SpareParts.Api.csproj" (target "BeforeBuild" depends on it):
     1>Done building target "ValidateCommandLineProperties" in project "SpareParts.Api.csproj".
     1>Target "BeforeBuild" in file "C:\Program Files\dotnet\sdk\9.0.304\Microsoft.Common.CurrentVersion.targets" from project "D:\Ralph\SpareParts\src\SpareParts.Api\SpareParts.Api.csproj" (target "Build" depends on it):
     1>Done building target "BeforeBuild" in project "SpareParts.Api.csproj".
       Target "_CheckForBuildWithNoBuild" skipped, due to false condition; ('$(NoBuild)' == 'true' and '$(GeneratePackageOnBuild)' != 'true') was evaluated as ('' == 'true' and 'false' != 'true').
     1>Target "BuildOnlySettings" in file "C:\Program Files\dotnet\sdk\9.0.304\Microsoft.Common.CurrentVersion.targets" from project "D:\Ralph\SpareParts\src\SpareParts.Api\SpareParts.Api.csproj" (target "CoreBuild" depends on it):
       C:\Program Files\dotnet\sdk\9.0.304\Microsoft.Common.CurrentVersion.targets(1168,7): message : Property reassignment: $(BuildingProject)="true" (previous value: "false") at C:\Program Files\dotnet\sdk\9.0.304\Microsoft.Common.CurrentVersion.targets (1168,7) [D:\Ralph\SpareParts\src\SpareParts.Api\SpareParts.Api.csproj]
       Set Property: BuildingProject=true
     1>Done building target "BuildOnlySettings" in project "SpareParts.Api.csproj".
       Target "_CheckForUnsupportedTargetFramework" skipped, due to false condition; ('$(_UnsupportedTargetFrameworkError)' == 'true') was evaluated as ('' == 'true').
       Target "_CheckForUnsupportedTargetPlatformIdentifier" skipped, due to false condition; ('$(TargetPlatformIdentifier)' != '' and '$(TargetFrameworkIdentifier)' == '.NETCoreApp' and $([MSBuild]::VersionGreaterThanOrEquals($(TargetFrameworkVersion), 5.0)) And ('$(DesignTimeBuild)' != 'true' Or '@(MissingWorkloadPack)' == '')) was evaluated as ('' != '' and '.NETCoreApp' == '.NETCoreApp' and True And ('' != 'true' Or '' == '')).
       Target "_CheckForMissingWorkload" skipped, due to false condition; ('@(MissingWorkloadPack)' != '' And '$(DesignTimeBuild)' != 'true') was evaluated as ('' != '' And '' != 'true').
     1>Target "GetFrameworkPaths" in file "C:\Program Files\dotnet\sdk\9.0.304\Sdks\Microsoft.NET.Sdk\targets\Microsoft.NET.DisableStandardFrameworkResolution.targets" from project "D:\Ralph\SpareParts\src\SpareParts.Api\SpareParts.Api.csproj" (target "PrepareForBuild" depends on it):
     1>Done building target "GetFrameworkPaths" in project "SpareParts.Api.csproj".
       Target "_CheckForUnsupportedTargetFramework" skipped, due to false condition; ('$(_UnsupportedTargetFrameworkError)' == 'true') was evaluated as ('' == 'true').
       Target "_CheckForUnsupportedTargetPlatformIdentifier" skipped, due to false condition; ('$(TargetPlatformIdentifier)' != '' and '$(TargetFrameworkIdentifier)' == '.NETCoreApp' and $([MSBuild]::VersionGreaterThanOrEquals($(TargetFrameworkVersion), 5.0)) And ('$(DesignTimeBuild)' != 'true' Or '@(MissingWorkloadPack)' == '')) was evaluated as ('' != '' and '.NETCoreApp' == '.NETCoreApp' and True And ('' != 'true' Or '' == '')).
       Target "_CheckForMissingWorkload" skipped, due to false condition; ('@(MissingWorkloadPack)' != '' And '$(DesignTimeBuild)' != 'true') was evaluated as ('' != '' And '' != 'true').
     1>Target "GetReferenceAssemblyPaths" in file "C:\Program Files\dotnet\sdk\9.0.304\Sdks\Microsoft.NET.Sdk\targets\Microsoft.NET.DisableStandardFrameworkResolution.targets" from project "D:\Ralph\SpareParts\src\SpareParts.Api\SpareParts.Api.csproj" (target "PrepareForBuild" depends on it):
     1>Done building target "GetReferenceAssemblyPaths" in project "SpareParts.Api.csproj".
       Target "AssignLinkMetadata" skipped, due to false condition; ( '$(SynthesizeLinkMetadata)' == 'true' ) was evaluated as ( '' == 'true' ).
     1>Target "ResolveRazorGenerateInputs" in file "C:\Program Files\dotnet\sdk\9.0.304\Sdks\Microsoft.NET.Sdk.Razor\targets\Sdk.Razor.CurrentVersion.targets" from project "D:\Ralph\SpareParts\src\SpareParts.Api\SpareParts.Api.csproj" (target "PrepareForBuild" depends on it):
     1>Done building target "ResolveRazorGenerateInputs" in project "SpareParts.Api.csproj".
       Target "_VerifyPackReleaseConfigurations" skipped, due to false condition; ('$(_IsPacking)' == 'true' and '$(DOTNET_CLI_DISABLE_PUBLISH_AND_PACK_RELEASE)' != 'true' and '$(DOTNET_CLI_LAZY_PUBLISH_AND_PACK_RELEASE_FOR_SOLUTIONS)' == 'true') was evaluated as ('' == 'true' and '' != 'true' and '' == 'true').
     1>Target "PrepareForBuild" in file "C:\Program Files\dotnet\sdk\9.0.304\Microsoft.Common.CurrentVersion.targets" from project "D:\Ralph\SpareParts\src\SpareParts.Api\SpareParts.Api.csproj" (target "CoreBuild" depends on it):
       Using "FindAppConfigFile" task from assembly "Microsoft.Build.Tasks.Core, Version=15.1.0.0, Culture=neutral, PublicKeyToken=b03f5f7f11d50a3a".
       Task "FindAppConfigFile"
         Task Parameter:
             SecondaryList=
                 appsettings.api.json
                         CopyToOutputDirectory=PreserveNewest
                         CopyToPublishDirectory=PreserveNewest
                         ExcludeFromSingleFile=true
                 appsettings.json
                         CopyToOutputDirectory=PreserveNewest
                         CopyToPublishDirectory=PreserveNewest
                         ExcludeFromSingleFile=true
         Task Parameter:TargetPath=SpareParts.Api.dll.config
         Task Parameter:
             PrimaryList=
                 Properties\launchSettings.json
                         CopyToOutputDirectory=Never
                         CopyToPublishDirectory=Never
                         ExcludeFromSingleFile=true
       Done executing task "FindAppConfigFile".
       Using "MakeDir" task from assembly "Microsoft.Build.Tasks.Core, Version=15.1.0.0, Culture=neutral, PublicKeyToken=b03f5f7f11d50a3a".
       Task "MakeDir"
         Task Parameter:
             Directories=
                 bin\Debug\net8.0\
                 obj\Debug\net8.0\
                 D:\Ralph\SpareParts\src\SpareParts.Api\obj\Debug\net8.0\refint\
                 obj\Debug\net8.0\ref
       Done executing task "MakeDir".
     1>Done building target "PrepareForBuild" in project "SpareParts.Api.csproj".
       Target "GenerateTargetPlatformDefineConstants" skipped, due to false condition; ( '$(DisableImplicitFrameworkDefines)' != 'true' and '$(TargetPlatformIdentifier)' != '' and '$(TargetFrameworkIdentifier)' == '.NETCoreApp' and $([MSBuild]::VersionGreaterThanOrEquals($(TargetFrameworkVersion), 5.0)) ) was evaluated as ( '' != 'true' and '' != '' and '.NETCoreApp' == '.NETCoreApp' and True ).
     1>Target "GenerateNETCompatibleDefineConstants" in file "C:\Program Files\dotnet\sdk\9.0.304\Sdks\Microsoft.NET.Sdk\targets\Microsoft.NET.Sdk.BeforeCommon.targets" from project "D:\Ralph\SpareParts\src\SpareParts.Api\SpareParts.Api.csproj" (target "AddImplicitDefineConstants" depends on it):
       Added Item(s): 
           _SupportedFrameworkVersions=
               1.0
                       Alias=netcoreapp1.0
                       DisplayName=.NET Core 1.0
               1.1
                       Alias=netcoreapp1.1
                       DisplayName=.NET Core 1.1
               2.0
                       Alias=netcoreapp2.0
                       DisplayName=.NET Core 2.0
               2.1
                       Alias=netcoreapp2.1
                       DisplayName=.NET Core 2.1
               2.2
                       Alias=netcoreapp2.2
                       DisplayName=.NET Core 2.2
               3.0
                       Alias=netcoreapp3.0
                       DisplayName=.NET Core 3.0
               3.1
                       Alias=netcoreapp3.1
                       DisplayName=.NET Core 3.1
               5.0
                       Alias=net5.0
                       DisplayName=.NET 5.0
               6.0
                       Alias=net6.0
                       DisplayName=.NET 6.0
               7.0
                       Alias=net7.0
                       DisplayName=.NET 7.0
               8.0
                       Alias=net8.0
                       DisplayName=.NET 8.0
               9.0
                       Alias=net9.0
                       DisplayName=.NET 9.0
       Added Item(s): 
           _CompatibleFrameworkVersions=
               1.0
                       Alias=netcoreapp1.0
                       DisplayName=.NET Core 1.0
       Added Item(s): 
           _CompatibleFrameworkVersions=
               1.1
                       Alias=netcoreapp1.1
                       DisplayName=.NET Core 1.1
       Added Item(s): 
           _CompatibleFrameworkVersions=
               2.0
                       Alias=netcoreapp2.0
                       DisplayName=.NET Core 2.0
       Added Item(s): 
           _CompatibleFrameworkVersions=
               2.1
                       Alias=netcoreapp2.1
                       DisplayName=.NET Core 2.1
       Added Item(s): 
           _CompatibleFrameworkVersions=
               2.2
                       Alias=netcoreapp2.2
                       DisplayName=.NET Core 2.2
       Added Item(s): 
           _CompatibleFrameworkVersions=
               3.0
                       Alias=netcoreapp3.0
                       DisplayName=.NET Core 3.0
       Added Item(s): 
           _CompatibleFrameworkVersions=
               3.1
                       Alias=netcoreapp3.1
                       DisplayName=.NET Core 3.1
       Added Item(s): 
           _CompatibleFrameworkVersions=
               5.0
                       Alias=net5.0
                       DisplayName=.NET 5.0
       Added Item(s): 
           _CompatibleFrameworkVersions=
               6.0
                       Alias=net6.0
                       DisplayName=.NET 6.0
       Added Item(s): 
           _CompatibleFrameworkVersions=
               7.0
                       Alias=net7.0
                       DisplayName=.NET 7.0
       Added Item(s): 
           _CompatibleFrameworkVersions=
               8.0
                       Alias=net8.0
                       DisplayName=.NET 8.0
       Added Item(s): 
           _FormattedCompatibleFrameworkVersions=
               1.0
                       Alias=netcoreapp1.0
                       DisplayName=.NET Core 1.0
               1.1
                       Alias=netcoreapp1.1
                       DisplayName=.NET Core 1.1
               2.0
                       Alias=netcoreapp2.0
                       DisplayName=.NET Core 2.0
               2.1
                       Alias=netcoreapp2.1
                       DisplayName=.NET Core 2.1
               2.2
                       Alias=netcoreapp2.2
                       DisplayName=.NET Core 2.2
               3.0
                       Alias=netcoreapp3.0
                       DisplayName=.NET Core 3.0
               3.1
                       Alias=netcoreapp3.1
                       DisplayName=.NET Core 3.1
               5.0
                       Alias=net5.0
                       DisplayName=.NET 5.0
               6.0
                       Alias=net6.0
                       DisplayName=.NET 6.0
               7.0
                       Alias=net7.0
                       DisplayName=.NET 7.0
               8.0
                       Alias=net8.0
                       DisplayName=.NET 8.0
       Added Item(s): 
           _ImplicitDefineConstant=
               NET5_0_OR_GREATER
                       Alias=net5.0
                       DisplayName=.NET 5.0
       Added Item(s): 
           _ImplicitDefineConstant=
               NET6_0_OR_GREATER
                       Alias=net6.0
                       DisplayName=.NET 6.0
       Added Item(s): 
           _ImplicitDefineConstant=
               NET7_0_OR_GREATER
                       Alias=net7.0
                       DisplayName=.NET 7.0
       Added Item(s): 
           _ImplicitDefineConstant=
               NET8_0_OR_GREATER
                       Alias=net8.0
                       DisplayName=.NET 8.0
       Added Item(s): 
           _ImplicitDefineConstant=
               NETCOREAPP1_0_OR_GREATER
                       Alias=netcoreapp1.0
                       DisplayName=.NET Core 1.0
       Added Item(s): 
           _ImplicitDefineConstant=
               NETCOREAPP1_1_OR_GREATER
                       Alias=netcoreapp1.1
                       DisplayName=.NET Core 1.1
       Added Item(s): 
           _ImplicitDefineConstant=
               NETCOREAPP2_0_OR_GREATER
                       Alias=netcoreapp2.0
                       DisplayName=.NET Core 2.0
       Added Item(s): 
           _ImplicitDefineConstant=
               NETCOREAPP2_1_OR_GREATER
                       Alias=netcoreapp2.1
                       DisplayName=.NET Core 2.1
       Added Item(s): 
           _ImplicitDefineConstant=
               NETCOREAPP2_2_OR_GREATER
                       Alias=netcoreapp2.2
                       DisplayName=.NET Core 2.2
       Added Item(s): 
           _ImplicitDefineConstant=
               NETCOREAPP3_0_OR_GREATER
                       Alias=netcoreapp3.0
                       DisplayName=.NET Core 3.0
       Added Item(s): 
           _ImplicitDefineConstant=
               NETCOREAPP3_1_OR_GREATER
                       Alias=netcoreapp3.1
                       DisplayName=.NET Core 3.1
     1>Done building target "GenerateNETCompatibleDefineConstants" in project "SpareParts.Api.csproj".
       Target "GeneratePlatformCompatibleDefineConstants" skipped, due to false condition; ( '$(DisableImplicitFrameworkDefines)' != 'true' and '$(TargetPlatformIdentifier)' != '' and '$(TargetFrameworkIdentifier)' == '.NETCoreApp' and $([MSBuild]::VersionGreaterThanOrEquals($(TargetFrameworkVersion), 5.0)) ) was evaluated as ( '' != 'true' and '' != '' and '.NETCoreApp' == '.NETCoreApp' and True ).
       Target "_DisableDiagnosticTracing" skipped, due to false condition; ('$(DisableDiagnosticTracing)' == 'true') was evaluated as ('' == 'true').
     1>Target "AddImplicitDefineConstants" in file "C:\Program Files\dotnet\sdk\9.0.304\Sdks\Microsoft.NET.Sdk\targets\Microsoft.NET.Sdk.BeforeCommon.targets" from project "D:\Ralph\SpareParts\src\SpareParts.Api\SpareParts.Api.csproj" (target "CoreBuild" depends on it):
       C:\Program Files\dotnet\sdk\9.0.304\Sdks\Microsoft.NET.Sdk\targets\Microsoft.NET.Sdk.BeforeCommon.targets(267,7): message : Property reassignment: $(DefineConstants)="TRACE;DEBUG;NET;NET8_0;NETCOREAPP;NET5_0_OR_GREATER;NET6_0_OR_GREATER;NET7_0_OR_GREATER;NET8_0_OR_GREATER;NETCOREAPP1_0_OR_GREATER;NETCOREAPP1_1_OR_GREATER;NETCOREAPP2_0_OR_GREATER;NETCOREAPP2_1_OR_GREATER;NETCOREAPP2_2_OR_GREATER;NETCOREAPP3_0_OR_GREATER;NETCOREAPP3_1_OR_GREATER" (previous value: "TRACE;DEBUG;NET;NET8_0;NETCOREAPP") at C:\Program Files\dotnet\sdk\9.0.304\Sdks\Microsoft.NET.Sdk\targets\Microsoft.NET.Sdk.BeforeCommon.targets (267,7) [D:\Ralph\SpareParts\src\SpareParts.Api\SpareParts.Api.csproj]
       Set Property: DefineConstants=TRACE;DEBUG;NET;NET8_0;NETCOREAPP;NET5_0_OR_GREATER;NET6_0_OR_GREATER;NET7_0_OR_GREATER;NET8_0_OR_GREATER;NETCOREAPP1_0_OR_GREATER;NETCOREAPP1_1_OR_GREATER;NETCOREAPP2_0_OR_GREATER;NETCOREAPP2_1_OR_GREATER;NETCOREAPP2_2_OR_GREATER;NETCOREAPP3_0_OR_GREATER;NETCOREAPP3_1_OR_GREATER
     1>Done building target "AddImplicitDefineConstants" in project "SpareParts.Api.csproj".
     1>Target "GenerateGlobalUsings" in file "C:\Program Files\dotnet\sdk\9.0.304\Sdks\Microsoft.NET.Sdk\targets\Microsoft.NET.GenerateGlobalUsings.targets" from project "D:\Ralph\SpareParts\src\SpareParts.Api\SpareParts.Api.csproj" (target "CoreBuild" depends on it):
       Using "GenerateGlobalUsings" task from assembly "C:\Program Files\dotnet\sdk\9.0.304\Sdks\Microsoft.NET.Sdk\targets\..\tools\net9.0\Microsoft.NET.Build.Tasks.dll".
       Task "GenerateGlobalUsings"
         Task Parameter:
             Usings=
                 System
                 System.Collections.Generic
                 System.IO
                 System.Linq
                 System.Net.Http
                 System.Threading
                 System.Threading.Tasks
                 System.Net.Http.Json
                 Microsoft.AspNetCore.Builder
                 Microsoft.AspNetCore.Hosting
                 Microsoft.AspNetCore.Http
                 Microsoft.AspNetCore.Routing
                 Microsoft.Extensions.Configuration
                 Microsoft.Extensions.DependencyInjection
                 Microsoft.Extensions.Hosting
                 Microsoft.Extensions.Logging
         Output Item(s): 
             _GlobalUsingLines=
                 // <auto-generated/>
                 global using global::Microsoft.AspNetCore.Builder;
                 global using global::Microsoft.AspNetCore.Hosting;
                 global using global::Microsoft.AspNetCore.Http;
                 global using global::Microsoft.AspNetCore.Routing;
                 global using global::Microsoft.Extensions.Configuration;
                 global using global::Microsoft.Extensions.DependencyInjection;
                 global using global::Microsoft.Extensions.Hosting;
                 global using global::Microsoft.Extensions.Logging;
                 global using global::System;
                 global using global::System.Collections.Generic;
                 global using global::System.IO;
                 global using global::System.Linq;
                 global using global::System.Net.Http;
                 global using global::System.Net.Http.Json;
                 global using global::System.Threading;
                 global using global::System.Threading.Tasks;
       Done executing task "GenerateGlobalUsings".
       Using "WriteLinesToFile" task from assembly "Microsoft.Build.Tasks.Core, Version=15.1.0.0, Culture=neutral, PublicKeyToken=b03f5f7f11d50a3a".
       Task "WriteLinesToFile"
         Task Parameter:File=obj\Debug\net8.0\SpareParts.Api.GlobalUsings.g.cs
         Task Parameter:
             Lines=
                 // <auto-generated/>
                 global using global::Microsoft.AspNetCore.Builder;
                 global using global::Microsoft.AspNetCore.Hosting;
                 global using global::Microsoft.AspNetCore.Http;
                 global using global::Microsoft.AspNetCore.Routing;
                 global using global::Microsoft.Extensions.Configuration;
                 global using global::Microsoft.Extensions.DependencyInjection;
                 global using global::Microsoft.Extensions.Hosting;
                 global using global::Microsoft.Extensions.Logging;
                 global using global::System;
                 global using global::System.Collections.Generic;
                 global using global::System.IO;
                 global using global::System.Linq;
                 global using global::System.Net.Http;
                 global using global::System.Net.Http.Json;
                 global using global::System.Threading;
                 global using global::System.Threading.Tasks;
         Task Parameter:Overwrite=True
         Task Parameter:WriteOnlyWhenDifferent=True
         Skipping write to file "obj\Debug\net8.0\SpareParts.Api.GlobalUsings.g.cs" because content would not change.
       Done executing task "WriteLinesToFile".
       Added Item(s): Compile=obj\Debug\net8.0\SpareParts.Api.GlobalUsings.g.cs
     1>Done building target "GenerateGlobalUsings" in project "SpareParts.Api.csproj".
       Target "PreBuildEvent" skipped, due to false condition; ('$(PreBuildEvent)'!='') was evaluated as (''!='').
     1>Target "BeforeResolveReferences" in file "C:\Program Files\dotnet\sdk\9.0.304\Microsoft.Common.CurrentVersion.targets" from project "D:\Ralph\SpareParts\src\SpareParts.Api\SpareParts.Api.csproj" (target "ResolveReferences" depends on it):
     1>Done building target "BeforeResolveReferences" in project "SpareParts.Api.csproj".
     1>Target "IgnoreJavaScriptOutputAssembly" in file "C:\Program Files\dotnet\sdk\9.0.304\Microsoft.Common.CurrentVersion.targets" from project "D:\Ralph\SpareParts\src\SpareParts.Api\SpareParts.Api.csproj" (target "AssignProjectConfiguration" depends on it):
     1>Done building target "IgnoreJavaScriptOutputAssembly" in project "SpareParts.Api.csproj".
       Target "ProcessFrameworkReferences" skipped. Previously built successfully.
     1>Target "_DefaultMicrosoftNETPlatformLibrary" in file "C:\Program Files\dotnet\sdk\9.0.304\Sdks\Microsoft.NET.Sdk\targets\Microsoft.NET.Sdk.Shared.targets" from project "D:\Ralph\SpareParts\src\SpareParts.Api\SpareParts.Api.csproj" (target "ResolvePackageAssets" depends on it):
     1>Done building target "_DefaultMicrosoftNETPlatformLibrary" in project "SpareParts.Api.csproj".
     1>Target "_ComputePackageReferencePublish" in file "C:\Program Files\dotnet\sdk\9.0.304\Sdks\Microsoft.NET.Sdk\targets\Microsoft.NET.Sdk.Shared.targets" from project "D:\Ralph\SpareParts\src\SpareParts.Api\SpareParts.Api.csproj" (target "ResolvePackageAssets" depends on it):
     1>Done building target "_ComputePackageReferencePublish" in project "SpareParts.Api.csproj".
       Target "_ResolveCompilerVersion" skipped, due to false condition; ('$(CompilerApiVersion)' == '' And
                            ('$(Language)' == 'C#' Or '$(Language)' == 'VB') And
                            Exists('$(RoslynTargetsPath)\Microsoft.Build.Tasks.CodeAnalysis.dll')) was evaluated as ('roslyn4.14' == '' And
                            ('C#' == 'C#' Or 'C#' == 'VB') And
                            Exists('C:\Program Files\dotnet\sdk\9.0.304\Roslyn\Microsoft.Build.Tasks.CodeAnalysis.dll')).
     1>Target "ResolvePackageAssets" in file "C:\Program Files\dotnet\sdk\9.0.304\Sdks\Microsoft.NET.Sdk\targets\Microsoft.PackageDependencyResolution.targets" from project "D:\Ralph\SpareParts\src\SpareParts.Api\SpareParts.Api.csproj" (target "ResolveLockFileReferences" depends on it):
       Set Property: UseAppHostFromAssetsFile=false
       Set Property: CopyLocalRuntimeTargetAssets=true
       Using "ResolvePackageAssets" task from assembly "C:\Program Files\dotnet\sdk\9.0.304\Sdks\Microsoft.NET.Sdk\targets\..\tools\net9.0\Microsoft.NET.Build.Tasks.dll".
       Task "ResolvePackageAssets"
         Task Parameter:ProjectPath=D:\Ralph\SpareParts\src\SpareParts.Api\SpareParts.Api.csproj
         Task Parameter:DotNetAppHostExecutableNameWithoutExtension=apphost
         Task Parameter:ProjectAssetsCacheFile=D:\Ralph\SpareParts\src\SpareParts.Api\obj\Debug\net8.0\SpareParts.Api.assets.cache
         Task Parameter:DefaultImplicitPackages=Microsoft.NETCore.App;NETStandard.Library
         Task Parameter:IsSelfContained=False
         Task Parameter:ProjectAssetsFile=D:\Ralph\SpareParts\src\SpareParts.Api\obj\project.assets.json
         Task Parameter:ProjectLanguage=C#
         Task Parameter:CompilerApiVersion=roslyn4.14
         Task Parameter:MarkPackageReferencesAsExternallyResolved=True
         Task Parameter:VerifyMatchingImplicitPackageVersion=True
         Task Parameter:
             RuntimeFrameworks=
                 Microsoft.NETCore.App
                         FrameworkName=Microsoft.NETCore.App
                         Profile=
                         Version=8.0.0
                 Microsoft.WindowsDesktop.App
                         FrameworkName=Microsoft.WindowsDesktop.App
                         Profile=
                         Version=8.0.0
                 Microsoft.WindowsDesktop.App
                         FrameworkName=Microsoft.WindowsDesktop.App.WPF
                         Profile=WPF
                         Version=8.0.0
                 Microsoft.WindowsDesktop.App
                         FrameworkName=Microsoft.WindowsDesktop.App.WindowsForms
                         Profile=WindowsForms
                         Version=8.0.0
                 Microsoft.AspNetCore.App
                         FrameworkName=Microsoft.AspNetCore.App
                         Profile=
                         Version=8.0.0
         Task Parameter:EmitAssetsLogMessages=True
         Task Parameter:
             PackageReferences=
                 BCrypt.Net-Next
                         Version=4.1.0
                 Microsoft.AspNetCore.Authentication.JwtBearer
                         Version=8.0.25
                 Microsoft.IdentityModel.Tokens
                         Version=8.16.0
                 System.IdentityModel.Tokens.Jwt
                         Version=8.16.0
         Task Parameter:CopyLocalRuntimeTargetAssets=True
         Task Parameter:TargetFramework=net8.0
         Output Item(s): 
             ResolvedAnalyzers=
                 C:\Users\r.maalouf\.nuget\packages\microsoft.extensions.logging.abstractions\8.0.0\analyzers\dotnet\roslyn4.4\cs\Microsoft.Extensions.Logging.Generators.dll
                         NuGetPackageId=Microsoft.Extensions.Logging.Abstractions
                         NuGetPackageVersion=8.0.0
         Output Item(s): 
             _DebugSymbolsFiles=
                 C:\Users\r.maalouf\.nuget\packages\microsoft.sqlserver.server\1.0.0\lib\netstandard2.0\Microsoft.SqlServer.Server.pdb
                         NuGetPackageId=Microsoft.SqlServer.Server
                         NuGetPackageVersion=1.0.0
         Output Item(s): 
             _ReferenceDocumentationFiles=
                 C:\Users\r.maalouf\.nuget\packages\azure.core\1.38.0\lib\net6.0\Azure.Core.xml
                         NuGetPackageId=Azure.Core
                         NuGetPackageVersion=1.38.0
                 C:\Users\r.maalouf\.nuget\packages\azure.identity\1.11.4\lib\netstandard2.0\Azure.Identity.xml
                         NuGetPackageId=Azure.Identity
                         NuGetPackageVersion=1.11.4
                 C:\Users\r.maalouf\.nuget\packages\bcrypt.net-next\4.1.0\lib\netstandard2.1\BCrypt.Net-Next.xml
                         NuGetPackageId=BCrypt.Net-Next
                         NuGetPackageVersion=4.1.0
                 C:\Users\r.maalouf\.nuget\packages\dapper\2.1.35\lib\net7.0\Dapper.xml
                         NuGetPackageId=Dapper
                         NuGetPackageVersion=2.1.35
                 C:\Users\r.maalouf\.nuget\packages\microsoft.aspnetcore.authentication.jwtbearer\8.0.25\lib\net8.0\Microsoft.AspNetCore.Authentication.JwtBearer.xml
                         NuGetPackageId=Microsoft.AspNetCore.Authentication.JwtBearer
                         NuGetPackageVersion=8.0.25
                 C:\Users\r.maalouf\.nuget\packages\microsoft.data.sqlclient\5.2.2\ref\net8.0\Microsoft.Data.SqlClient.xml
                         NuGetPackageId=Microsoft.Data.SqlClient
                         NuGetPackageVersion=5.2.2
                 C:\Users\r.maalouf\.nuget\packages\microsoft.extensions.dependencyinjection.abstractions\8.0.0\lib\net8.0\Microsoft.Extensions.DependencyInjection.Abstractions.xml
                         NuGetPackageId=Microsoft.Extensions.DependencyInjection.Abstractions
                         NuGetPackageVersion=8.0.0
                 C:\Users\r.maalouf\.nuget\packages\microsoft.extensions.logging.abstractions\8.0.0\lib\net8.0\Microsoft.Extensions.Logging.Abstractions.xml
                         NuGetPackageId=Microsoft.Extensions.Logging.Abstractions
                         NuGetPackageVersion=8.0.0
                 C:\Users\r.maalouf\.nuget\packages\microsoft.identity.client\4.61.3\lib\net6.0\Microsoft.Identity.Client.xml
                         NuGetPackageId=Microsoft.Identity.Client
                         NuGetPackageVersion=4.61.3
                 C:\Users\r.maalouf\.nuget\packages\microsoft.identity.client.extensions.msal\4.61.3\lib\net6.0\Microsoft.Identity.Client.Extensions.Msal.xml
                         NuGetPackageId=Microsoft.Identity.Client.Extensions.Msal
                         NuGetPackageVersion=4.61.3
                 C:\Users\r.maalouf\.nuget\packages\microsoft.identitymodel.abstractions\8.16.0\lib\net8.0\Microsoft.IdentityModel.Abstractions.xml
                         NuGetPackageId=Microsoft.IdentityModel.Abstractions
                         NuGetPackageVersion=8.16.0
                 C:\Users\r.maalouf\.nuget\packages\microsoft.identitymodel.jsonwebtokens\8.16.0\lib\net8.0\Microsoft.IdentityModel.JsonWebTokens.xml
                         NuGetPackageId=Microsoft.IdentityModel.JsonWebTokens
                         NuGetPackageVersion=8.16.0
                 C:\Users\r.maalouf\.nuget\packages\microsoft.identitymodel.logging\8.16.0\lib\net8.0\Microsoft.IdentityModel.Logging.xml
                         NuGetPackageId=Microsoft.IdentityModel.Logging
                         NuGetPackageVersion=8.16.0
                 C:\Users\r.maalouf\.nuget\packages\microsoft.identitymodel.protocols\7.1.2\lib\net8.0\Microsoft.IdentityModel.Protocols.xml
                         NuGetPackageId=Microsoft.IdentityModel.Protocols
                         NuGetPackageVersion=7.1.2
                 C:\Users\r.maalouf\.nuget\packages\microsoft.identitymodel.protocols.openidconnect\7.1.2\lib\net8.0\Microsoft.IdentityModel.Protocols.OpenIdConnect.xml
                         NuGetPackageId=Microsoft.IdentityModel.Protocols.OpenIdConnect
                         NuGetPackageVersion=7.1.2
                 C:\Users\r.maalouf\.nuget\packages\microsoft.identitymodel.tokens\8.16.0\lib\net8.0\Microsoft.IdentityModel.Tokens.xml
                         NuGetPackageId=Microsoft.IdentityModel.Tokens
                         NuGetPackageVersion=8.16.0
                 C:\Users\r.maalouf\.nuget\packages\microsoft.sqlserver.server\1.0.0\lib\netstandard2.0\Microsoft.SqlServer.Server.xml
                         NuGetPackageId=Microsoft.SqlServer.Server
                         NuGetPackageVersion=1.0.0
                 C:\Users\r.maalouf\.nuget\packages\system.clientmodel\1.0.0\lib\net6.0\System.ClientModel.xml
                         NuGetPackageId=System.ClientModel
                         NuGetPackageVersion=1.0.0
                 C:\Users\r.maalouf\.nuget\packages\system.diagnostics.diagnosticsource\6.0.1\lib\net6.0\System.Diagnostics.DiagnosticSource.xml
                         NuGetPackageId=System.Diagnostics.DiagnosticSource
                         NuGetPackageVersion=6.0.1
                 C:\Users\r.maalouf\.nuget\packages\system.identitymodel.tokens.jwt\8.16.0\lib\net8.0\System.IdentityModel.Tokens.Jwt.xml
                         NuGetPackageId=System.IdentityModel.Tokens.Jwt
                         NuGetPackageVersion=8.16.0
                 C:\Users\r.maalouf\.nuget\packages\system.memory.data\1.0.2\lib\netstandard2.0\System.Memory.Data.xml
                         NuGetPackageId=System.Memory.Data
                         NuGetPackageVersion=1.0.2
                 C:\Users\r.maalouf\.nuget\packages\system.runtime.compilerservices.unsafe\6.0.0\lib\net6.0\System.Runtime.CompilerServices.Unsafe.xml
                         NuGetPackageId=System.Runtime.CompilerServices.Unsafe
                         NuGetPackageVersion=6.0.0
                 C:\Users\r.maalouf\.nuget\packages\system.security.cryptography.protecteddata\8.0.0\lib\net8.0\System.Security.Cryptography.ProtectedData.xml
                         NuGetPackageId=System.Security.Cryptography.ProtectedData
                         NuGetPackageVersion=8.0.0
                 C:\Users\r.maalouf\.nuget\packages\system.text.encodings.web\4.7.2\lib\netstandard2.1\System.Text.Encodings.Web.xml
                         NuGetPackageId=System.Text.Encodings.Web
                         NuGetPackageVersion=4.7.2
                 C:\Users\r.maalouf\.nuget\packages\system.text.json\4.7.2\lib\netcoreapp3.0\System.Text.Json.xml
                         NuGetPackageId=System.Text.Json
                         NuGetPackageVersion=4.7.2
         Output Item(s): TransitiveFrameworkReference=Microsoft.AspNetCore.App
         Output Item(s): 
             ResourceCopyLocalItems=
                 C:\Users\r.maalouf\.nuget\packages\microsoft.data.sqlclient\5.2.2\lib\net8.0\de\Microsoft.Data.SqlClient.resources.dll
                         AssetType=resources
                         CopyLocal=true
                         Culture=de
                         DestinationSubDirectory=de\
                         DestinationSubPath=de\Microsoft.Data.SqlClient.resources.dll
                         NuGetPackageId=Microsoft.Data.SqlClient
                         NuGetPackageVersion=5.2.2
                         PathInPackage=lib/net8.0/de/Microsoft.Data.SqlClient.resources.dll
                 C:\Users\r.maalouf\.nuget\packages\microsoft.data.sqlclient\5.2.2\lib\net8.0\es\Microsoft.Data.SqlClient.resources.dll
                         AssetType=resources
                         CopyLocal=true
                         Culture=es
                         DestinationSubDirectory=es\
                         DestinationSubPath=es\Microsoft.Data.SqlClient.resources.dll
                         NuGetPackageId=Microsoft.Data.SqlClient
                         NuGetPackageVersion=5.2.2
                         PathInPackage=lib/net8.0/es/Microsoft.Data.SqlClient.resources.dll
                 C:\Users\r.maalouf\.nuget\packages\microsoft.data.sqlclient\5.2.2\lib\net8.0\fr\Microsoft.Data.SqlClient.resources.dll
                         AssetType=resources
                         CopyLocal=true
                         Culture=fr
                         DestinationSubDirectory=fr\
                         DestinationSubPath=fr\Microsoft.Data.SqlClient.resources.dll
                         NuGetPackageId=Microsoft.Data.SqlClient
                         NuGetPackageVersion=5.2.2
                         PathInPackage=lib/net8.0/fr/Microsoft.Data.SqlClient.resources.dll
                 C:\Users\r.maalouf\.nuget\packages\microsoft.data.sqlclient\5.2.2\lib\net8.0\it\Microsoft.Data.SqlClient.resources.dll
                         AssetType=resources
                         CopyLocal=true
                         Culture=it
                         DestinationSubDirectory=it\
                         DestinationSubPath=it\Microsoft.Data.SqlClient.resources.dll
                         NuGetPackageId=Microsoft.Data.SqlClient
                         NuGetPackageVersion=5.2.2
                         PathInPackage=lib/net8.0/it/Microsoft.Data.SqlClient.resources.dll
                 C:\Users\r.maalouf\.nuget\packages\microsoft.data.sqlclient\5.2.2\lib\net8.0\ja\Microsoft.Data.SqlClient.resources.dll
                         AssetType=resources
                         CopyLocal=true
                         Culture=ja
                         DestinationSubDirectory=ja\
                         DestinationSubPath=ja\Microsoft.Data.SqlClient.resources.dll
                         NuGetPackageId=Microsoft.Data.SqlClient
                         NuGetPackageVersion=5.2.2
                         PathInPackage=lib/net8.0/ja/Microsoft.Data.SqlClient.resources.dll
                 C:\Users\r.maalouf\.nuget\packages\microsoft.data.sqlclient\5.2.2\lib\net8.0\ko\Microsoft.Data.SqlClient.resources.dll
                         AssetType=resources
                         CopyLocal=true
                         Culture=ko
                         DestinationSubDirectory=ko\
                         DestinationSubPath=ko\Microsoft.Data.SqlClient.resources.dll
                         NuGetPackageId=Microsoft.Data.SqlClient
                         NuGetPackageVersion=5.2.2
                         PathInPackage=lib/net8.0/ko/Microsoft.Data.SqlClient.resources.dll
                 C:\Users\r.maalouf\.nuget\packages\microsoft.data.sqlclient\5.2.2\lib\net8.0\pt-BR\Microsoft.Data.SqlClient.resources.dll
                         AssetType=resources
                         CopyLocal=true
                         Culture=pt-BR
                         DestinationSubDirectory=pt-BR\
                         DestinationSubPath=pt-BR\Microsoft.Data.SqlClient.resources.dll
                         NuGetPackageId=Microsoft.Data.SqlClient
                         NuGetPackageVersion=5.2.2
                         PathInPackage=lib/net8.0/pt-BR/Microsoft.Data.SqlClient.resources.dll
                 C:\Users\r.maalouf\.nuget\packages\microsoft.data.sqlclient\5.2.2\lib\net8.0\ru\Microsoft.Data.SqlClient.resources.dll
                         AssetType=resources
                         CopyLocal=true
                         Culture=ru
                         DestinationSubDirectory=ru\
                         DestinationSubPath=ru\Microsoft.Data.SqlClient.resources.dll
                         NuGetPackageId=Microsoft.Data.SqlClient
                         NuGetPackageVersion=5.2.2
                         PathInPackage=lib/net8.0/ru/Microsoft.Data.SqlClient.resources.dll
                 C:\Users\r.maalouf\.nuget\packages\microsoft.data.sqlclient\5.2.2\lib\net8.0\zh-Hans\Microsoft.Data.SqlClient.resources.dll
                         AssetType=resources
                         CopyLocal=true
                         Culture=zh-Hans
                         DestinationSubDirectory=zh-Hans\
                         DestinationSubPath=zh-Hans\Microsoft.Data.SqlClient.resources.dll
                         NuGetPackageId=Microsoft.Data.SqlClient
                         NuGetPackageVersion=5.2.2
                         PathInPackage=lib/net8.0/zh-Hans/Microsoft.Data.SqlClient.resources.dll
                 C:\Users\r.maalouf\.nuget\packages\microsoft.data.sqlclient\5.2.2\lib\net8.0\zh-Hant\Microsoft.Data.SqlClient.resources.dll
                         AssetType=resources
                         CopyLocal=true
                         Culture=zh-Hant
                         DestinationSubDirectory=zh-Hant\
                         DestinationSubPath=zh-Hant\Microsoft.Data.SqlClient.resources.dll
                         NuGetPackageId=Microsoft.Data.SqlClient
                         NuGetPackageVersion=5.2.2
                         PathInPackage=lib/net8.0/zh-Hant/Microsoft.Data.SqlClient.resources.dll
         Output Item(s): 
             RuntimeCopyLocalItems=
                 C:\Users\r.maalouf\.nuget\packages\azure.core\1.38.0\lib\net6.0\Azure.Core.dll
                         AssetType=runtime
                         CopyLocal=true
                         DestinationSubPath=Azure.Core.dll
                         NuGetPackageId=Azure.Core
                         NuGetPackageVersion=1.38.0
                         PathInPackage=lib/net6.0/Azure.Core.dll
                 C:\Users\r.maalouf\.nuget\packages\azure.identity\1.11.4\lib\netstandard2.0\Azure.Identity.dll
                         AssetType=runtime
                         CopyLocal=true
                         DestinationSubPath=Azure.Identity.dll
                         NuGetPackageId=Azure.Identity
                         NuGetPackageVersion=1.11.4
                         PathInPackage=lib/netstandard2.0/Azure.Identity.dll
                 C:\Users\r.maalouf\.nuget\packages\bcrypt.net-next\4.1.0\lib\netstandard2.1\BCrypt.Net-Next.dll
                         AssetType=runtime
                         CopyLocal=true
                         DestinationSubPath=BCrypt.Net-Next.dll
                         NuGetPackageId=BCrypt.Net-Next
                         NuGetPackageVersion=4.1.0
                         PathInPackage=lib/netstandard2.1/BCrypt.Net-Next.dll
                 C:\Users\r.maalouf\.nuget\packages\dapper\2.1.35\lib\net7.0\Dapper.dll
                         AssetType=runtime
                         CopyLocal=true
                         DestinationSubPath=Dapper.dll
                         NuGetPackageId=Dapper
                         NuGetPackageVersion=2.1.35
                         PathInPackage=lib/net7.0/Dapper.dll
                 C:\Users\r.maalouf\.nuget\packages\microsoft.aspnetcore.authentication.jwtbearer\8.0.25\lib\net8.0\Microsoft.AspNetCore.Authentication.JwtBearer.dll
                         AssetType=runtime
                         CopyLocal=true
                         DestinationSubPath=Microsoft.AspNetCore.Authentication.JwtBearer.dll
                         NuGetPackageId=Microsoft.AspNetCore.Authentication.JwtBearer
                         NuGetPackageVersion=8.0.25
                         PathInPackage=lib/net8.0/Microsoft.AspNetCore.Authentication.JwtBearer.dll
                 C:\Users\r.maalouf\.nuget\packages\microsoft.bcl.asyncinterfaces\1.1.1\lib\netstandard2.1\Microsoft.Bcl.AsyncInterfaces.dll
                         AssetType=runtime
                         CopyLocal=true
                         DestinationSubPath=Microsoft.Bcl.AsyncInterfaces.dll
                         NuGetPackageId=Microsoft.Bcl.AsyncInterfaces
                         NuGetPackageVersion=1.1.1
                         PathInPackage=lib/netstandard2.1/Microsoft.Bcl.AsyncInterfaces.dll
                 C:\Users\r.maalouf\.nuget\packages\microsoft.data.sqlclient\5.2.2\lib\net8.0\Microsoft.Data.SqlClient.dll
                         AssetType=runtime
                         CopyLocal=true
                         DestinationSubPath=Microsoft.Data.SqlClient.dll
                         NuGetPackageId=Microsoft.Data.SqlClient
                         NuGetPackageVersion=5.2.2
                         PathInPackage=lib/net8.0/Microsoft.Data.SqlClient.dll
                 C:\Users\r.maalouf\.nuget\packages\microsoft.extensions.dependencyinjection.abstractions\8.0.0\lib\net8.0\Microsoft.Extensions.DependencyInjection.Abstractions.dll
                         AssetType=runtime
                         CopyLocal=true
                         DestinationSubPath=Microsoft.Extensions.DependencyInjection.Abstractions.dll
                         NuGetPackageId=Microsoft.Extensions.DependencyInjection.Abstractions
                         NuGetPackageVersion=8.0.0
                         PathInPackage=lib/net8.0/Microsoft.Extensions.DependencyInjection.Abstractions.dll
                 C:\Users\r.maalouf\.nuget\packages\microsoft.extensions.logging.abstractions\8.0.0\lib\net8.0\Microsoft.Extensions.Logging.Abstractions.dll
                         AssetType=runtime
                         CopyLocal=true
                         DestinationSubPath=Microsoft.Extensions.Logging.Abstractions.dll
                         NuGetPackageId=Microsoft.Extensions.Logging.Abstractions
                         NuGetPackageVersion=8.0.0
                         PathInPackage=lib/net8.0/Microsoft.Extensions.Logging.Abstractions.dll
                 C:\Users\r.maalouf\.nuget\packages\microsoft.identity.client\4.61.3\lib\net6.0\Microsoft.Identity.Client.dll
                         AssetType=runtime
                         CopyLocal=true
                         DestinationSubPath=Microsoft.Identity.Client.dll
                         NuGetPackageId=Microsoft.Identity.Client
                         NuGetPackageVersion=4.61.3
                         PathInPackage=lib/net6.0/Microsoft.Identity.Client.dll
                 C:\Users\r.maalouf\.nuget\packages\microsoft.identity.client.extensions.msal\4.61.3\lib\net6.0\Microsoft.Identity.Client.Extensions.Msal.dll
                         AssetType=runtime
                         CopyLocal=true
                         DestinationSubPath=Microsoft.Identity.Client.Extensions.Msal.dll
                         NuGetPackageId=Microsoft.Identity.Client.Extensions.Msal
                         NuGetPackageVersion=4.61.3
                         PathInPackage=lib/net6.0/Microsoft.Identity.Client.Extensions.Msal.dll
                 C:\Users\r.maalouf\.nuget\packages\microsoft.identitymodel.abstractions\8.16.0\lib\net8.0\Microsoft.IdentityModel.Abstractions.dll
                         AssetType=runtime
                         CopyLocal=true
                         DestinationSubPath=Microsoft.IdentityModel.Abstractions.dll
                         NuGetPackageId=Microsoft.IdentityModel.Abstractions
                         NuGetPackageVersion=8.16.0
                         PathInPackage=lib/net8.0/Microsoft.IdentityModel.Abstractions.dll
                 C:\Users\r.maalouf\.nuget\packages\microsoft.identitymodel.jsonwebtokens\8.16.0\lib\net8.0\Microsoft.IdentityModel.JsonWebTokens.dll
                         AssetType=runtime
                         CopyLocal=true
                         DestinationSubPath=Microsoft.IdentityModel.JsonWebTokens.dll
                         NuGetPackageId=Microsoft.IdentityModel.JsonWebTokens
                         NuGetPackageVersion=8.16.0
                         PathInPackage=lib/net8.0/Microsoft.IdentityModel.JsonWebTokens.dll
                 C:\Users\r.maalouf\.nuget\packages\microsoft.identitymodel.logging\8.16.0\lib\net8.0\Microsoft.IdentityModel.Logging.dll
                         AssetType=runtime
                         CopyLocal=true
                         DestinationSubPath=Microsoft.IdentityModel.Logging.dll
                         NuGetPackageId=Microsoft.IdentityModel.Logging
                         NuGetPackageVersion=8.16.0
                         PathInPackage=lib/net8.0/Microsoft.IdentityModel.Logging.dll
                 C:\Users\r.maalouf\.nuget\packages\microsoft.identitymodel.protocols\7.1.2\lib\net8.0\Microsoft.IdentityModel.Protocols.dll
                         AssetType=runtime
                         CopyLocal=true
                         DestinationSubPath=Microsoft.IdentityModel.Protocols.dll
                         NuGetPackageId=Microsoft.IdentityModel.Protocols
                         NuGetPackageVersion=7.1.2
                         PathInPackage=lib/net8.0/Microsoft.IdentityModel.Protocols.dll
                 C:\Users\r.maalouf\.nuget\packages\microsoft.identitymodel.protocols.openidconnect\7.1.2\lib\net8.0\Microsoft.IdentityModel.Protocols.OpenIdConnect.dll
                         AssetType=runtime
                         CopyLocal=true
                         DestinationSubPath=Microsoft.IdentityModel.Protocols.OpenIdConnect.dll
                         NuGetPackageId=Microsoft.IdentityModel.Protocols.OpenIdConnect
                         NuGetPackageVersion=7.1.2
                         PathInPackage=lib/net8.0/Microsoft.IdentityModel.Protocols.OpenIdConnect.dll
                 C:\Users\r.maalouf\.nuget\packages\microsoft.identitymodel.tokens\8.16.0\lib\net8.0\Microsoft.IdentityModel.Tokens.dll
                         AssetType=runtime
                         CopyLocal=true
                         DestinationSubPath=Microsoft.IdentityModel.Tokens.dll
                         NuGetPackageId=Microsoft.IdentityModel.Tokens
                         NuGetPackageVersion=8.16.0
                         PathInPackage=lib/net8.0/Microsoft.IdentityModel.Tokens.dll
                 C:\Users\r.maalouf\.nuget\packages\microsoft.sqlserver.server\1.0.0\lib\netstandard2.0\Microsoft.SqlServer.Server.dll
                         AssetType=runtime
                         CopyLocal=true
                         DestinationSubPath=Microsoft.SqlServer.Server.dll
                         NuGetPackageId=Microsoft.SqlServer.Server
                         NuGetPackageVersion=1.0.0
                         PathInPackage=lib/netstandard2.0/Microsoft.SqlServer.Server.dll
                 C:\Users\r.maalouf\.nuget\packages\system.clientmodel\1.0.0\lib\net6.0\System.ClientModel.dll
                         AssetType=runtime
                         CopyLocal=true
                         DestinationSubPath=System.ClientModel.dll
                         NuGetPackageId=System.ClientModel
                         NuGetPackageVersion=1.0.0
                         PathInPackage=lib/net6.0/System.ClientModel.dll
                 C:\Users\r.maalouf\.nuget\packages\system.configuration.configurationmanager\8.0.0\lib\net8.0\System.Configuration.ConfigurationManager.dll
                         AssetType=runtime
                         CopyLocal=true
                         DestinationSubPath=System.Configuration.ConfigurationManager.dll
                         NuGetPackageId=System.Configuration.ConfigurationManager
                         NuGetPackageVersion=8.0.0
                         PathInPackage=lib/net8.0/System.Configuration.ConfigurationManager.dll
                 C:\Users\r.maalouf\.nuget\packages\system.diagnostics.diagnosticsource\6.0.1\lib\net6.0\System.Diagnostics.DiagnosticSource.dll
                         AssetType=runtime
                         CopyLocal=true
                         DestinationSubPath=System.Diagnostics.DiagnosticSource.dll
                         NuGetPackageId=System.Diagnostics.DiagnosticSource
                         NuGetPackageVersion=6.0.1
                         PathInPackage=lib/net6.0/System.Diagnostics.DiagnosticSource.dll
                 C:\Users\r.maalouf\.nuget\packages\system.diagnostics.eventlog\8.0.0\lib\net8.0\System.Diagnostics.EventLog.dll
                         AssetType=runtime
                         CopyLocal=true
                         DestinationSubPath=System.Diagnostics.EventLog.dll
                         NuGetPackageId=System.Diagnostics.EventLog
                         NuGetPackageVersion=8.0.0
                         PathInPackage=lib/net8.0/System.Diagnostics.EventLog.dll
                 C:\Users\r.maalouf\.nuget\packages\system.identitymodel.tokens.jwt\8.16.0\lib\net8.0\System.IdentityModel.Tokens.Jwt.dll
                         AssetType=runtime
                         CopyLocal=true
                         DestinationSubPath=System.IdentityModel.Tokens.Jwt.dll
                         NuGetPackageId=System.IdentityModel.Tokens.Jwt
                         NuGetPackageVersion=8.16.0
                         PathInPackage=lib/net8.0/System.IdentityModel.Tokens.Jwt.dll
                 C:\Users\r.maalouf\.nuget\packages\system.memory.data\1.0.2\lib\netstandard2.0\System.Memory.Data.dll
                         AssetType=runtime
                         CopyLocal=true
                         DestinationSubPath=System.Memory.Data.dll
                         NuGetPackageId=System.Memory.Data
                         NuGetPackageVersion=1.0.2
                         PathInPackage=lib/netstandard2.0/System.Memory.Data.dll
                 C:\Users\r.maalouf\.nuget\packages\system.runtime.caching\8.0.0\lib\net8.0\System.Runtime.Caching.dll
                         AssetType=runtime
                         CopyLocal=true
                         DestinationSubPath=System.Runtime.Caching.dll
                         NuGetPackageId=System.Runtime.Caching
                         NuGetPackageVersion=8.0.0
                         PathInPackage=lib/net8.0/System.Runtime.Caching.dll
                 C:\Users\r.maalouf\.nuget\packages\system.runtime.compilerservices.unsafe\6.0.0\lib\net6.0\System.Runtime.CompilerServices.Unsafe.dll
                         AssetType=runtime
                         CopyLocal=true
                         DestinationSubPath=System.Runtime.CompilerServices.Unsafe.dll
                         NuGetPackageId=System.Runtime.CompilerServices.Unsafe
                         NuGetPackageVersion=6.0.0
                         PathInPackage=lib/net6.0/System.Runtime.CompilerServices.Unsafe.dll
                 C:\Users\r.maalouf\.nuget\packages\system.security.cryptography.protecteddata\8.0.0\lib\net8.0\System.Security.Cryptography.ProtectedData.dll
                         AssetType=runtime
                         CopyLocal=true
                         DestinationSubPath=System.Security.Cryptography.ProtectedData.dll
                         NuGetPackageId=System.Security.Cryptography.ProtectedData
                         NuGetPackageVersion=8.0.0
                         PathInPackage=lib/net8.0/System.Security.Cryptography.ProtectedData.dll
                 C:\Users\r.maalouf\.nuget\packages\system.text.encodings.web\4.7.2\lib\netstandard2.1\System.Text.Encodings.Web.dll
                         AssetType=runtime
                         CopyLocal=true
                         DestinationSubPath=System.Text.Encodings.Web.dll
                         NuGetPackageId=System.Text.Encodings.Web
                         NuGetPackageVersion=4.7.2
                         PathInPackage=lib/netstandard2.1/System.Text.Encodings.Web.dll
                 C:\Users\r.maalouf\.nuget\packages\system.text.json\4.7.2\lib\netcoreapp3.0\System.Text.Json.dll
                         AssetType=runtime
                         CopyLocal=true
                         DestinationSubPath=System.Text.Json.dll
                         NuGetPackageId=System.Text.Json
                         NuGetPackageVersion=4.7.2
                         PathInPackage=lib/netcoreapp3.0/System.Text.Json.dll
         Output Item(s): 
             RuntimeTargetsCopyLocalItems=
                 C:\Users\r.maalouf\.nuget\packages\microsoft.data.sqlclient\5.2.2\runtimes\unix\lib\net8.0\Microsoft.Data.SqlClient.dll
                         AssetType=runtime
                         CopyLocal=true
                         DestinationSubDirectory=runtimes\unix\lib\net8.0\
                         DestinationSubPath=runtimes\unix\lib\net8.0\Microsoft.Data.SqlClient.dll
                         NuGetPackageId=Microsoft.Data.SqlClient
                         NuGetPackageVersion=5.2.2
                         PathInPackage=runtimes/unix/lib/net8.0/Microsoft.Data.SqlClient.dll
                         RuntimeIdentifier=unix
                 C:\Users\r.maalouf\.nuget\packages\microsoft.data.sqlclient\5.2.2\runtimes\win\lib\net8.0\Microsoft.Data.SqlClient.dll
                         AssetType=runtime
                         CopyLocal=true
                         DestinationSubDirectory=runtimes\win\lib\net8.0\
                         DestinationSubPath=runtimes\win\lib\net8.0\Microsoft.Data.SqlClient.dll
                         NuGetPackageId=Microsoft.Data.SqlClient
                         NuGetPackageVersion=5.2.2
                         PathInPackage=runtimes/win/lib/net8.0/Microsoft.Data.SqlClient.dll
                         RuntimeIdentifier=win
                 C:\Users\r.maalouf\.nuget\packages\microsoft.data.sqlclient.sni.runtime\5.2.0\runtimes\win-arm\native\Microsoft.Data.SqlClient.SNI.dll
                         AssetType=native
                         CopyLocal=true
                         DestinationSubDirectory=runtimes\win-arm\native\
                         DestinationSubPath=runtimes\win-arm\native\Microsoft.Data.SqlClient.SNI.dll
                         NuGetPackageId=Microsoft.Data.SqlClient.SNI.runtime
                         NuGetPackageVersion=5.2.0
                         PathInPackage=runtimes/win-arm/native/Microsoft.Data.SqlClient.SNI.dll
                         RuntimeIdentifier=win-arm
                 C:\Users\r.maalouf\.nuget\packages\microsoft.data.sqlclient.sni.runtime\5.2.0\runtimes\win-arm64\native\Microsoft.Data.SqlClient.SNI.dll
                         AssetType=native
                         CopyLocal=true
                         DestinationSubDirectory=runtimes\win-arm64\native\
                         DestinationSubPath=runtimes\win-arm64\native\Microsoft.Data.SqlClient.SNI.dll
                         NuGetPackageId=Microsoft.Data.SqlClient.SNI.runtime
                         NuGetPackageVersion=5.2.0
                         PathInPackage=runtimes/win-arm64/native/Microsoft.Data.SqlClient.SNI.dll
                         RuntimeIdentifier=win-arm64
                 C:\Users\r.maalouf\.nuget\packages\microsoft.data.sqlclient.sni.runtime\5.2.0\runtimes\win-x64\native\Microsoft.Data.SqlClient.SNI.dll
                         AssetType=native
                         CopyLocal=true
                         DestinationSubDirectory=runtimes\win-x64\native\
                         DestinationSubPath=runtimes\win-x64\native\Microsoft.Data.SqlClient.SNI.dll
                         NuGetPackageId=Microsoft.Data.SqlClient.SNI.runtime
                         NuGetPackageVersion=5.2.0
                         PathInPackage=runtimes/win-x64/native/Microsoft.Data.SqlClient.SNI.dll
                         RuntimeIdentifier=win-x64
                 C:\Users\r.maalouf\.nuget\packages\microsoft.data.sqlclient.sni.runtime\5.2.0\runtimes\win-x86\native\Microsoft.Data.SqlClient.SNI.dll
                         AssetType=native
                         CopyLocal=true
                         DestinationSubDirectory=runtimes\win-x86\native\
                         DestinationSubPath=runtimes\win-x86\native\Microsoft.Data.SqlClient.SNI.dll
                         NuGetPackageId=Microsoft.Data.SqlClient.SNI.runtime
                         NuGetPackageVersion=5.2.0
                         PathInPackage=runtimes/win-x86/native/Microsoft.Data.SqlClient.SNI.dll
                         RuntimeIdentifier=win-x86
                 C:\Users\r.maalouf\.nuget\packages\system.diagnostics.eventlog\8.0.0\runtimes\win\lib\net8.0\System.Diagnostics.EventLog.Messages.dll
                         AssetType=runtime
                         CopyLocal=true
                         DestinationSubDirectory=runtimes\win\lib\net8.0\
                         DestinationSubPath=runtimes\win\lib\net8.0\System.Diagnostics.EventLog.Messages.dll
                         NuGetPackageId=System.Diagnostics.EventLog
                         NuGetPackageVersion=8.0.0
                         PathInPackage=runtimes/win/lib/net8.0/System.Diagnostics.EventLog.Messages.dll
                         RuntimeIdentifier=win
                 C:\Users\r.maalouf\.nuget\packages\system.diagnostics.eventlog\8.0.0\runtimes\win\lib\net8.0\System.Diagnostics.EventLog.dll
                         AssetType=runtime
                         CopyLocal=true
                         DestinationSubDirectory=runtimes\win\lib\net8.0\
                         DestinationSubPath=runtimes\win\lib\net8.0\System.Diagnostics.EventLog.dll
                         NuGetPackageId=System.Diagnostics.EventLog
                         NuGetPackageVersion=8.0.0
                         PathInPackage=runtimes/win/lib/net8.0/System.Diagnostics.EventLog.dll
                         RuntimeIdentifier=win
                 C:\Users\r.maalouf\.nuget\packages\system.runtime.caching\8.0.0\runtimes\win\lib\net8.0\System.Runtime.Caching.dll
                         AssetType=runtime
                         CopyLocal=true
                         DestinationSubDirectory=runtimes\win\lib\net8.0\
                         DestinationSubPath=runtimes\win\lib\net8.0\System.Runtime.Caching.dll
                         NuGetPackageId=System.Runtime.Caching
                         NuGetPackageVersion=8.0.0
                         PathInPackage=runtimes/win/lib/net8.0/System.Runtime.Caching.dll
                         RuntimeIdentifier=win
         Output Item(s): 
             ResolvedCompileFileDefinitions=
                 C:\Users\r.maalouf\.nuget\packages\azure.core\1.38.0\lib\net6.0\Azure.Core.dll
                         ExternallyResolved=true
                         HintPath=C:\Users\r.maalouf\.nuget\packages\azure.core\1.38.0\lib\net6.0\Azure.Core.dll
                         NuGetPackageId=Azure.Core
                         NuGetPackageVersion=1.38.0
                         NuGetSourceType=Package
                         PathInPackage=lib/net6.0/Azure.Core.dll
                         Private=false
                 C:\Users\r.maalouf\.nuget\packages\azure.identity\1.11.4\lib\netstandard2.0\Azure.Identity.dll
                         ExternallyResolved=true
                         HintPath=C:\Users\r.maalouf\.nuget\packages\azure.identity\1.11.4\lib\netstandard2.0\Azure.Identity.dll
                         NuGetPackageId=Azure.Identity
                         NuGetPackageVersion=1.11.4
                         NuGetSourceType=Package
                         PathInPackage=lib/netstandard2.0/Azure.Identity.dll
                         Private=false
                 C:\Users\r.maalouf\.nuget\packages\bcrypt.net-next\4.1.0\lib\netstandard2.1\BCrypt.Net-Next.dll
                         ExternallyResolved=true
                         HintPath=C:\Users\r.maalouf\.nuget\packages\bcrypt.net-next\4.1.0\lib\netstandard2.1\BCrypt.Net-Next.dll
                         NuGetPackageId=BCrypt.Net-Next
                         NuGetPackageVersion=4.1.0
                         NuGetSourceType=Package
                         PathInPackage=lib/netstandard2.1/BCrypt.Net-Next.dll
                         Private=false
                 C:\Users\r.maalouf\.nuget\packages\dapper\2.1.35\lib\net7.0\Dapper.dll
                         ExternallyResolved=true
                         HintPath=C:\Users\r.maalouf\.nuget\packages\dapper\2.1.35\lib\net7.0\Dapper.dll
                         NuGetPackageId=Dapper
                         NuGetPackageVersion=2.1.35
                         NuGetSourceType=Package
                         PathInPackage=lib/net7.0/Dapper.dll
                         Private=false
                 C:\Users\r.maalouf\.nuget\packages\microsoft.aspnetcore.authentication.jwtbearer\8.0.25\lib\net8.0\Microsoft.AspNetCore.Authentication.JwtBearer.dll
                         ExternallyResolved=true
                         HintPath=C:\Users\r.maalouf\.nuget\packages\microsoft.aspnetcore.authentication.jwtbearer\8.0.25\lib\net8.0\Microsoft.AspNetCore.Authentication.JwtBearer.dll
                         NuGetPackageId=Microsoft.AspNetCore.Authentication.JwtBearer
                         NuGetPackageVersion=8.0.25
                         NuGetSourceType=Package
                         PathInPackage=lib/net8.0/Microsoft.AspNetCore.Authentication.JwtBearer.dll
                         Private=false
                 C:\Users\r.maalouf\.nuget\packages\microsoft.bcl.asyncinterfaces\1.1.1\ref\netstandard2.1\Microsoft.Bcl.AsyncInterfaces.dll
                         ExternallyResolved=true
                         HintPath=C:\Users\r.maalouf\.nuget\packages\microsoft.bcl.asyncinterfaces\1.1.1\ref\netstandard2.1\Microsoft.Bcl.AsyncInterfaces.dll
                         NuGetPackageId=Microsoft.Bcl.AsyncInterfaces
                         NuGetPackageVersion=1.1.1
                         NuGetSourceType=Package
                         PathInPackage=ref/netstandard2.1/Microsoft.Bcl.AsyncInterfaces.dll
                         Private=false
                 C:\Users\r.maalouf\.nuget\packages\microsoft.data.sqlclient\5.2.2\ref\net8.0\Microsoft.Data.SqlClient.dll
                         ExternallyResolved=true
                         HintPath=C:\Users\r.maalouf\.nuget\packages\microsoft.data.sqlclient\5.2.2\ref\net8.0\Microsoft.Data.SqlClient.dll
                         NuGetPackageId=Microsoft.Data.SqlClient
                         NuGetPackageVersion=5.2.2
                         NuGetSourceType=Package
                         PathInPackage=ref/net8.0/Microsoft.Data.SqlClient.dll
                         Private=false
                 C:\Users\r.maalouf\.nuget\packages\microsoft.extensions.dependencyinjection.abstractions\8.0.0\lib\net8.0\Microsoft.Extensions.DependencyInjection.Abstractions.dll
                         ExternallyResolved=true
                         HintPath=C:\Users\r.maalouf\.nuget\packages\microsoft.extensions.dependencyinjection.abstractions\8.0.0\lib\net8.0\Microsoft.Extensions.DependencyInjection.Abstractions.dll
                         NuGetPackageId=Microsoft.Extensions.DependencyInjection.Abstractions
                         NuGetPackageVersion=8.0.0
                         NuGetSourceType=Package
                         PathInPackage=lib/net8.0/Microsoft.Extensions.DependencyInjection.Abstractions.dll
                         Private=false
                 C:\Users\r.maalouf\.nuget\packages\microsoft.extensions.logging.abstractions\8.0.0\lib\net8.0\Microsoft.Extensions.Logging.Abstractions.dll
                         ExternallyResolved=true
                         HintPath=C:\Users\r.maalouf\.nuget\packages\microsoft.extensions.logging.abstractions\8.0.0\lib\net8.0\Microsoft.Extensions.Logging.Abstractions.dll
                         NuGetPackageId=Microsoft.Extensions.Logging.Abstractions
                         NuGetPackageVersion=8.0.0
                         NuGetSourceType=Package
                         PathInPackage=lib/net8.0/Microsoft.Extensions.Logging.Abstractions.dll
                         Private=false
                 C:\Users\r.maalouf\.nuget\packages\microsoft.identity.client\4.61.3\lib\net6.0\Microsoft.Identity.Client.dll
                         ExternallyResolved=true
                         HintPath=C:\Users\r.maalouf\.nuget\packages\microsoft.identity.client\4.61.3\lib\net6.0\Microsoft.Identity.Client.dll
                         NuGetPackageId=Microsoft.Identity.Client
                         NuGetPackageVersion=4.61.3
                         NuGetSourceType=Package
                         PathInPackage=lib/net6.0/Microsoft.Identity.Client.dll
                         Private=false
                 C:\Users\r.maalouf\.nuget\packages\microsoft.identity.client.extensions.msal\4.61.3\lib\net6.0\Microsoft.Identity.Client.Extensions.Msal.dll
                         ExternallyResolved=true
                         HintPath=C:\Users\r.maalouf\.nuget\packages\microsoft.identity.client.extensions.msal\4.61.3\lib\net6.0\Microsoft.Identity.Client.Extensions.Msal.dll
                         NuGetPackageId=Microsoft.Identity.Client.Extensions.Msal
                         NuGetPackageVersion=4.61.3
                         NuGetSourceType=Package
                         PathInPackage=lib/net6.0/Microsoft.Identity.Client.Extensions.Msal.dll
                         Private=false
                 C:\Users\r.maalouf\.nuget\packages\microsoft.identitymodel.abstractions\8.16.0\lib\net8.0\Microsoft.IdentityModel.Abstractions.dll
                         ExternallyResolved=true
                         HintPath=C:\Users\r.maalouf\.nuget\packages\microsoft.identitymodel.abstractions\8.16.0\lib\net8.0\Microsoft.IdentityModel.Abstractions.dll
                         NuGetPackageId=Microsoft.IdentityModel.Abstractions
                         NuGetPackageVersion=8.16.0
                         NuGetSourceType=Package
                         PathInPackage=lib/net8.0/Microsoft.IdentityModel.Abstractions.dll
                         Private=false
                 C:\Users\r.maalouf\.nuget\packages\microsoft.identitymodel.jsonwebtokens\8.16.0\lib\net8.0\Microsoft.IdentityModel.JsonWebTokens.dll
                         ExternallyResolved=true
                         HintPath=C:\Users\r.maalouf\.nuget\packages\microsoft.identitymodel.jsonwebtokens\8.16.0\lib\net8.0\Microsoft.IdentityModel.JsonWebTokens.dll
                         NuGetPackageId=Microsoft.IdentityModel.JsonWebTokens
                         NuGetPackageVersion=8.16.0
                         NuGetSourceType=Package
                         PathInPackage=lib/net8.0/Microsoft.IdentityModel.JsonWebTokens.dll
                         Private=false
                 C:\Users\r.maalouf\.nuget\packages\microsoft.identitymodel.logging\8.16.0\lib\net8.0\Microsoft.IdentityModel.Logging.dll
                         ExternallyResolved=true
                         HintPath=C:\Users\r.maalouf\.nuget\packages\microsoft.identitymodel.logging\8.16.0\lib\net8.0\Microsoft.IdentityModel.Logging.dll
                         NuGetPackageId=Microsoft.IdentityModel.Logging
                         NuGetPackageVersion=8.16.0
                         NuGetSourceType=Package
                         PathInPackage=lib/net8.0/Microsoft.IdentityModel.Logging.dll
                         Private=false
                 C:\Users\r.maalouf\.nuget\packages\microsoft.identitymodel.protocols\7.1.2\lib\net8.0\Microsoft.IdentityModel.Protocols.dll
                         ExternallyResolved=true
                         HintPath=C:\Users\r.maalouf\.nuget\packages\microsoft.identitymodel.protocols\7.1.2\lib\net8.0\Microsoft.IdentityModel.Protocols.dll
                         NuGetPackageId=Microsoft.IdentityModel.Protocols
                         NuGetPackageVersion=7.1.2
                         NuGetSourceType=Package
                         PathInPackage=lib/net8.0/Microsoft.IdentityModel.Protocols.dll
                         Private=false
                 C:\Users\r.maalouf\.nuget\packages\microsoft.identitymodel.protocols.openidconnect\7.1.2\lib\net8.0\Microsoft.IdentityModel.Protocols.OpenIdConnect.dll
                         ExternallyResolved=true
                         HintPath=C:\Users\r.maalouf\.nuget\packages\microsoft.identitymodel.protocols.openidconnect\7.1.2\lib\net8.0\Microsoft.IdentityModel.Protocols.OpenIdConnect.dll
                         NuGetPackageId=Microsoft.IdentityModel.Protocols.OpenIdConnect
                         NuGetPackageVersion=7.1.2
                         NuGetSourceType=Package
                         PathInPackage=lib/net8.0/Microsoft.IdentityModel.Protocols.OpenIdConnect.dll
                         Private=false
                 C:\Users\r.maalouf\.nuget\packages\microsoft.identitymodel.tokens\8.16.0\lib\net8.0\Microsoft.IdentityModel.Tokens.dll
                         ExternallyResolved=true
                         HintPath=C:\Users\r.maalouf\.nuget\packages\microsoft.identitymodel.tokens\8.16.0\lib\net8.0\Microsoft.IdentityModel.Tokens.dll
                         NuGetPackageId=Microsoft.IdentityModel.Tokens
                         NuGetPackageVersion=8.16.0
                         NuGetSourceType=Package
                         PathInPackage=lib/net8.0/Microsoft.IdentityModel.Tokens.dll
                         Private=false
                 C:\Users\r.maalouf\.nuget\packages\microsoft.sqlserver.server\1.0.0\lib\netstandard2.0\Microsoft.SqlServer.Server.dll
                         ExternallyResolved=true
                         HintPath=C:\Users\r.maalouf\.nuget\packages\microsoft.sqlserver.server\1.0.0\lib\netstandard2.0\Microsoft.SqlServer.Server.dll
                         NuGetPackageId=Microsoft.SqlServer.Server
                         NuGetPackageVersion=1.0.0
                         NuGetSourceType=Package
                         PathInPackage=lib/netstandard2.0/Microsoft.SqlServer.Server.dll
                         Private=false
                 C:\Users\r.maalouf\.nuget\packages\system.clientmodel\1.0.0\lib\net6.0\System.ClientModel.dll
                         ExternallyResolved=true
                         HintPath=C:\Users\r.maalouf\.nuget\packages\system.clientmodel\1.0.0\lib\net6.0\System.ClientModel.dll
                         NuGetPackageId=System.ClientModel
                         NuGetPackageVersion=1.0.0
                         NuGetSourceType=Package
                         PathInPackage=lib/net6.0/System.ClientModel.dll
                         Private=false
                 C:\Users\r.maalouf\.nuget\packages\system.diagnostics.diagnosticsource\6.0.1\lib\net6.0\System.Diagnostics.DiagnosticSource.dll
                         ExternallyResolved=true
                         HintPath=C:\Users\r.maalouf\.nuget\packages\system.diagnostics.diagnosticsource\6.0.1\lib\net6.0\System.Diagnostics.DiagnosticSource.dll
                         NuGetPackageId=System.Diagnostics.DiagnosticSource
                         NuGetPackageVersion=6.0.1
                         NuGetSourceType=Package
                         PathInPackage=lib/net6.0/System.Diagnostics.DiagnosticSource.dll
                         Private=false
                 C:\Users\r.maalouf\.nuget\packages\system.identitymodel.tokens.jwt\8.16.0\lib\net8.0\System.IdentityModel.Tokens.Jwt.dll
                         ExternallyResolved=true
                         HintPath=C:\Users\r.maalouf\.nuget\packages\system.identitymodel.tokens.jwt\8.16.0\lib\net8.0\System.IdentityModel.Tokens.Jwt.dll
                         NuGetPackageId=System.IdentityModel.Tokens.Jwt
                         NuGetPackageVersion=8.16.0
                         NuGetSourceType=Package
                         PathInPackage=lib/net8.0/System.IdentityModel.Tokens.Jwt.dll
                         Private=false
                 C:\Users\r.maalouf\.nuget\packages\system.memory.data\1.0.2\lib\netstandard2.0\System.Memory.Data.dll
                         ExternallyResolved=true
                         HintPath=C:\Users\r.maalouf\.nuget\packages\system.memory.data\1.0.2\lib\netstandard2.0\System.Memory.Data.dll
                         NuGetPackageId=System.Memory.Data
                         NuGetPackageVersion=1.0.2
                         NuGetSourceType=Package
                         PathInPackage=lib/netstandard2.0/System.Memory.Data.dll
                         Private=false
                 C:\Users\r.maalouf\.nuget\packages\system.runtime.compilerservices.unsafe\6.0.0\lib\net6.0\System.Runtime.CompilerServices.Unsafe.dll
                         ExternallyResolved=true
                         HintPath=C:\Users\r.maalouf\.nuget\packages\system.runtime.compilerservices.unsafe\6.0.0\lib\net6.0\System.Runtime.CompilerServices.Unsafe.dll
                         NuGetPackageId=System.Runtime.CompilerServices.Unsafe
                         NuGetPackageVersion=6.0.0
                         NuGetSourceType=Package
                         PathInPackage=lib/net6.0/System.Runtime.CompilerServices.Unsafe.dll
                         Private=false
                 C:\Users\r.maalouf\.nuget\packages\system.security.cryptography.protecteddata\8.0.0\lib\net8.0\System.Security.Cryptography.ProtectedData.dll
                         ExternallyResolved=true
                         HintPath=C:\Users\r.maalouf\.nuget\packages\system.security.cryptography.protecteddata\8.0.0\lib\net8.0\System.Security.Cryptography.ProtectedData.dll
                         NuGetPackageId=System.Security.Cryptography.ProtectedData
                         NuGetPackageVersion=8.0.0
                         NuGetSourceType=Package
                         PathInPackage=lib/net8.0/System.Security.Cryptography.ProtectedData.dll
                         Private=false
                 C:\Users\r.maalouf\.nuget\packages\system.text.encodings.web\4.7.2\lib\netstandard2.1\System.Text.Encodings.Web.dll
                         ExternallyResolved=true
                         HintPath=C:\Users\r.maalouf\.nuget\packages\system.text.encodings.web\4.7.2\lib\netstandard2.1\System.Text.Encodings.Web.dll
                         NuGetPackageId=System.Text.Encodings.Web
                         NuGetPackageVersion=4.7.2
                         NuGetSourceType=Package
                         PathInPackage=lib/netstandard2.1/System.Text.Encodings.Web.dll
                         Private=false
                 C:\Users\r.maalouf\.nuget\packages\system.text.json\4.7.2\lib\netcoreapp3.0\System.Text.Json.dll
                         ExternallyResolved=true
                         HintPath=C:\Users\r.maalouf\.nuget\packages\system.text.json\4.7.2\lib\netcoreapp3.0\System.Text.Json.dll
                         NuGetPackageId=System.Text.Json
                         NuGetPackageVersion=4.7.2
                         NuGetSourceType=Package
                         PathInPackage=lib/netcoreapp3.0/System.Text.Json.dll
                         Private=false
         Output Item(s): 
             AssetsFilePackageFolder=
                 C:\Users\r.maalouf\.nuget\packages\
                 C:\Program Files\DevExpress 23.1\Components\Offline Packages
                 C:\Program Files (x86)\Microsoft Visual Studio\Shared\NuGetPackages
         Output Item(s): 
             PackageDependencies=
                 Azure.Core
                 Azure.Identity
                 BCrypt.Net-Next
                 Dapper
                 Microsoft.AspNetCore.Authentication.JwtBearer
                 Microsoft.Bcl.AsyncInterfaces
                 Microsoft.Data.SqlClient
                 Microsoft.Data.SqlClient.SNI.runtime
                 Microsoft.Extensions.DependencyInjection.Abstractions
                 Microsoft.Extensions.Logging.Abstractions
                 Microsoft.Identity.Client
                 Microsoft.Identity.Client.Extensions.Msal
                 Microsoft.IdentityModel.Abstractions
                 Microsoft.IdentityModel.JsonWebTokens
                 Microsoft.IdentityModel.Logging
                 Microsoft.IdentityModel.Protocols
                 Microsoft.IdentityModel.Protocols.OpenIdConnect
                 Microsoft.IdentityModel.Tokens
                 Microsoft.SqlServer.Server
                 System.ClientModel
                 System.Configuration.ConfigurationManager
                 System.Diagnostics.DiagnosticSource
                 System.Diagnostics.EventLog
                 System.IdentityModel.Tokens.Jwt
                 System.Memory
                 System.Memory.Data
                 System.Numerics.Vectors
                 System.Runtime.Caching
                 System.Runtime.CompilerServices.Unsafe
                 System.Security.Cryptography.ProtectedData
                 System.Text.Encodings.Web
                 System.Text.Json
                 System.Threading.Tasks.Extensions
         Output Item(s): 
             _PackageDependenciesDesignTime=
                 BCrypt.Net-Next/4.1.0
                         IsImplicitlyDefined=False
                         Name=BCrypt.Net-Next
                         Path=C:\Users\r.maalouf\.nuget\packages\bcrypt.net-next\4.1.0
                         Resolved=True
                         Version=4.1.0
                 Microsoft.AspNetCore.Authentication.JwtBearer/8.0.25
                         IsImplicitlyDefined=False
                         Name=Microsoft.AspNetCore.Authentication.JwtBearer
                         Path=C:\Users\r.maalouf\.nuget\packages\microsoft.aspnetcore.authentication.jwtbearer\8.0.25
                         Resolved=True
                         Version=8.0.25
                 Microsoft.IdentityModel.Tokens/8.16.0
                         IsImplicitlyDefined=False
                         Name=Microsoft.IdentityModel.Tokens
                         Path=C:\Users\r.maalouf\.nuget\packages\microsoft.identitymodel.tokens\8.16.0
                         Resolved=True
                         Version=8.16.0
                 System.IdentityModel.Tokens.Jwt/8.16.0
                         IsImplicitlyDefined=False
                         Name=System.IdentityModel.Tokens.Jwt
                         Path=C:\Users\r.maalouf\.nuget\packages\system.identitymodel.tokens.jwt\8.16.0
                         Resolved=True
                         Version=8.16.0
       Done executing task "ResolvePackageAssets".
     1>Done building target "ResolvePackageAssets" in project "SpareParts.Api.csproj".
       Target "AdjustDefaultPlatformTargetForNetFrameworkExeWithNoNativeCopyLocalItems" skipped, due to false condition; ('$(_UsingDefaultPlatformTarget)' == 'true' and
                            '$(_UsingDefaultRuntimeIdentifier)' == 'true') was evaluated as ('true' == 'true' and
                            '' == 'true').
     1>Target "_CheckForTransitiveWindowsDesktopDependencies" in file "C:\Program Files\dotnet\sdk\9.0.304\Sdks\Microsoft.NET.Sdk\targets\Microsoft.NET.Sdk.DefaultItems.Shared.targets" from project "D:\Ralph\SpareParts\src\SpareParts.Api\SpareParts.Api.csproj" (target "ResolveLockFileReferences" depends on it):
       Task "NetSdkError" skipped, due to false condition; ('@(_WindowsDesktopTransitiveFrameworkReference)' != '') was evaluated as ('' != '').
     1>Done building target "_CheckForTransitiveWindowsDesktopDependencies" in project "SpareParts.Api.csproj".
     1>Target "AddTransitiveFrameworkReferences" in file "C:\Program Files\dotnet\sdk\9.0.304\Sdks\Microsoft.NET.Sdk\targets\Microsoft.NET.Sdk.FrameworkReferenceResolution.targets" from project "D:\Ralph\SpareParts\src\SpareParts.Api\SpareParts.Api.csproj" (target "ResolveLockFileReferences" depends on it):
     1>Done building target "AddTransitiveFrameworkReferences" in project "SpareParts.Api.csproj".
     1>Target "ResolveLockFileReferences" in file "C:\Program Files\dotnet\sdk\9.0.304\Sdks\Microsoft.NET.Sdk\targets\Microsoft.PackageDependencyResolution.targets" from project "D:\Ralph\SpareParts\src\SpareParts.Api\SpareParts.Api.csproj" (target "ResolvePackageDependenciesForBuild" depends on it):
       Using "JoinItems" task from assembly "C:\Program Files\dotnet\sdk\9.0.304\Sdks\Microsoft.NET.Sdk\targets\..\tools\net9.0\Microsoft.NET.Build.Tasks.dll".
       Task "JoinItems"
         Task Parameter:RightMetadata=*
         Task Parameter:LeftKey=FileName
         Task Parameter:LeftMetadata=*
         Task Parameter:
             Left=
                 C:\Users\r.maalouf\.nuget\packages\azure.core\1.38.0\lib\net6.0\Azure.Core.dll
                         ExternallyResolved=true
                         HintPath=C:\Users\r.maalouf\.nuget\packages\azure.core\1.38.0\lib\net6.0\Azure.Core.dll
                         NuGetPackageId=Azure.Core
                         NuGetPackageVersion=1.38.0
                         NuGetSourceType=Package
                         PathInPackage=lib/net6.0/Azure.Core.dll
                         Private=false
                 C:\Users\r.maalouf\.nuget\packages\azure.identity\1.11.4\lib\netstandard2.0\Azure.Identity.dll
                         ExternallyResolved=true
                         HintPath=C:\Users\r.maalouf\.nuget\packages\azure.identity\1.11.4\lib\netstandard2.0\Azure.Identity.dll
                         NuGetPackageId=Azure.Identity
                         NuGetPackageVersion=1.11.4
                         NuGetSourceType=Package
                         PathInPackage=lib/netstandard2.0/Azure.Identity.dll
                         Private=false
                 C:\Users\r.maalouf\.nuget\packages\bcrypt.net-next\4.1.0\lib\netstandard2.1\BCrypt.Net-Next.dll
                         ExternallyResolved=true
                         HintPath=C:\Users\r.maalouf\.nuget\packages\bcrypt.net-next\4.1.0\lib\netstandard2.1\BCrypt.Net-Next.dll
                         NuGetPackageId=BCrypt.Net-Next
                         NuGetPackageVersion=4.1.0
                         NuGetSourceType=Package
                         PathInPackage=lib/netstandard2.1/BCrypt.Net-Next.dll
                         Private=false
                 C:\Users\r.maalouf\.nuget\packages\dapper\2.1.35\lib\net7.0\Dapper.dll
                         ExternallyResolved=true
                         HintPath=C:\Users\r.maalouf\.nuget\packages\dapper\2.1.35\lib\net7.0\Dapper.dll
                         NuGetPackageId=Dapper
                         NuGetPackageVersion=2.1.35
                         NuGetSourceType=Package
                         PathInPackage=lib/net7.0/Dapper.dll
                         Private=false
                 C:\Users\r.maalouf\.nuget\packages\microsoft.aspnetcore.authentication.jwtbearer\8.0.25\lib\net8.0\Microsoft.AspNetCore.Authentication.JwtBearer.dll
                         ExternallyResolved=true
                         HintPath=C:\Users\r.maalouf\.nuget\packages\microsoft.aspnetcore.authentication.jwtbearer\8.0.25\lib\net8.0\Microsoft.AspNetCore.Authentication.JwtBearer.dll
                         NuGetPackageId=Microsoft.AspNetCore.Authentication.JwtBearer
                         NuGetPackageVersion=8.0.25
                         NuGetSourceType=Package
                         PathInPackage=lib/net8.0/Microsoft.AspNetCore.Authentication.JwtBearer.dll
                         Private=false
                 C:\Users\r.maalouf\.nuget\packages\microsoft.bcl.asyncinterfaces\1.1.1\ref\netstandard2.1\Microsoft.Bcl.AsyncInterfaces.dll
                         ExternallyResolved=true
                         HintPath=C:\Users\r.maalouf\.nuget\packages\microsoft.bcl.asyncinterfaces\1.1.1\ref\netstandard2.1\Microsoft.Bcl.AsyncInterfaces.dll
                         NuGetPackageId=Microsoft.Bcl.AsyncInterfaces
                         NuGetPackageVersion=1.1.1
                         NuGetSourceType=Package
                         PathInPackage=ref/netstandard2.1/Microsoft.Bcl.AsyncInterfaces.dll
                         Private=false
                 C:\Users\r.maalouf\.nuget\packages\microsoft.data.sqlclient\5.2.2\ref\net8.0\Microsoft.Data.SqlClient.dll
                         ExternallyResolved=true
                         HintPath=C:\Users\r.maalouf\.nuget\packages\microsoft.data.sqlclient\5.2.2\ref\net8.0\Microsoft.Data.SqlClient.dll
                         NuGetPackageId=Microsoft.Data.SqlClient
                         NuGetPackageVersion=5.2.2
                         NuGetSourceType=Package
                         PathInPackage=ref/net8.0/Microsoft.Data.SqlClient.dll
                         Private=false
                 C:\Users\r.maalouf\.nuget\packages\microsoft.extensions.dependencyinjection.abstractions\8.0.0\lib\net8.0\Microsoft.Extensions.DependencyInjection.Abstractions.dll
                         ExternallyResolved=true
                         HintPath=C:\Users\r.maalouf\.nuget\packages\microsoft.extensions.dependencyinjection.abstractions\8.0.0\lib\net8.0\Microsoft.Extensions.DependencyInjection.Abstractions.dll
                         NuGetPackageId=Microsoft.Extensions.DependencyInjection.Abstractions
                         NuGetPackageVersion=8.0.0
                         NuGetSourceType=Package
                         PathInPackage=lib/net8.0/Microsoft.Extensions.DependencyInjection.Abstractions.dll
                         Private=false
                 C:\Users\r.maalouf\.nuget\packages\microsoft.extensions.logging.abstractions\8.0.0\lib\net8.0\Microsoft.Extensions.Logging.Abstractions.dll
                         ExternallyResolved=true
                         HintPath=C:\Users\r.maalouf\.nuget\packages\microsoft.extensions.logging.abstractions\8.0.0\lib\net8.0\Microsoft.Extensions.Logging.Abstractions.dll
                         NuGetPackageId=Microsoft.Extensions.Logging.Abstractions
                         NuGetPackageVersion=8.0.0
                         NuGetSourceType=Package
                         PathInPackage=lib/net8.0/Microsoft.Extensions.Logging.Abstractions.dll
                         Private=false
                 C:\Users\r.maalouf\.nuget\packages\microsoft.identity.client\4.61.3\lib\net6.0\Microsoft.Identity.Client.dll
                         ExternallyResolved=true
                         HintPath=C:\Users\r.maalouf\.nuget\packages\microsoft.identity.client\4.61.3\lib\net6.0\Microsoft.Identity.Client.dll
                         NuGetPackageId=Microsoft.Identity.Client
                         NuGetPackageVersion=4.61.3
                         NuGetSourceType=Package
                         PathInPackage=lib/net6.0/Microsoft.Identity.Client.dll
                         Private=false
                 C:\Users\r.maalouf\.nuget\packages\microsoft.identity.client.extensions.msal\4.61.3\lib\net6.0\Microsoft.Identity.Client.Extensions.Msal.dll
                         ExternallyResolved=true
                         HintPath=C:\Users\r.maalouf\.nuget\packages\microsoft.identity.client.extensions.msal\4.61.3\lib\net6.0\Microsoft.Identity.Client.Extensions.Msal.dll
                         NuGetPackageId=Microsoft.Identity.Client.Extensions.Msal
                         NuGetPackageVersion=4.61.3
                         NuGetSourceType=Package
                         PathInPackage=lib/net6.0/Microsoft.Identity.Client.Extensions.Msal.dll
                         Private=false
                 C:\Users\r.maalouf\.nuget\packages\microsoft.identitymodel.abstractions\8.16.0\lib\net8.0\Microsoft.IdentityModel.Abstractions.dll
                         ExternallyResolved=true
                         HintPath=C:\Users\r.maalouf\.nuget\packages\microsoft.identitymodel.abstractions\8.16.0\lib\net8.0\Microsoft.IdentityModel.Abstractions.dll
                         NuGetPackageId=Microsoft.IdentityModel.Abstractions
                         NuGetPackageVersion=8.16.0
                         NuGetSourceType=Package
                         PathInPackage=lib/net8.0/Microsoft.IdentityModel.Abstractions.dll
                         Private=false
                 C:\Users\r.maalouf\.nuget\packages\microsoft.identitymodel.jsonwebtokens\8.16.0\lib\net8.0\Microsoft.IdentityModel.JsonWebTokens.dll
                         ExternallyResolved=true
                         HintPath=C:\Users\r.maalouf\.nuget\packages\microsoft.identitymodel.jsonwebtokens\8.16.0\lib\net8.0\Microsoft.IdentityModel.JsonWebTokens.dll
                         NuGetPackageId=Microsoft.IdentityModel.JsonWebTokens
                         NuGetPackageVersion=8.16.0
                         NuGetSourceType=Package
                         PathInPackage=lib/net8.0/Microsoft.IdentityModel.JsonWebTokens.dll
                         Private=false
                 C:\Users\r.maalouf\.nuget\packages\microsoft.identitymodel.logging\8.16.0\lib\net8.0\Microsoft.IdentityModel.Logging.dll
                         ExternallyResolved=true
                         HintPath=C:\Users\r.maalouf\.nuget\packages\microsoft.identitymodel.logging\8.16.0\lib\net8.0\Microsoft.IdentityModel.Logging.dll
                         NuGetPackageId=Microsoft.IdentityModel.Logging
                         NuGetPackageVersion=8.16.0
                         NuGetSourceType=Package
                         PathInPackage=lib/net8.0/Microsoft.IdentityModel.Logging.dll
                         Private=false
                 C:\Users\r.maalouf\.nuget\packages\microsoft.identitymodel.protocols\7.1.2\lib\net8.0\Microsoft.IdentityModel.Protocols.dll
                         ExternallyResolved=true
                         HintPath=C:\Users\r.maalouf\.nuget\packages\microsoft.identitymodel.protocols\7.1.2\lib\net8.0\Microsoft.IdentityModel.Protocols.dll
                         NuGetPackageId=Microsoft.IdentityModel.Protocols
                         NuGetPackageVersion=7.1.2
                         NuGetSourceType=Package
                         PathInPackage=lib/net8.0/Microsoft.IdentityModel.Protocols.dll
                         Private=false
                 C:\Users\r.maalouf\.nuget\packages\microsoft.identitymodel.protocols.openidconnect\7.1.2\lib\net8.0\Microsoft.IdentityModel.Protocols.OpenIdConnect.dll
                         ExternallyResolved=true
                         HintPath=C:\Users\r.maalouf\.nuget\packages\microsoft.identitymodel.protocols.openidconnect\7.1.2\lib\net8.0\Microsoft.IdentityModel.Protocols.OpenIdConnect.dll
                         NuGetPackageId=Microsoft.IdentityModel.Protocols.OpenIdConnect
                         NuGetPackageVersion=7.1.2
                         NuGetSourceType=Package
                         PathInPackage=lib/net8.0/Microsoft.IdentityModel.Protocols.OpenIdConnect.dll
                         Private=false
                 C:\Users\r.maalouf\.nuget\packages\microsoft.identitymodel.tokens\8.16.0\lib\net8.0\Microsoft.IdentityModel.Tokens.dll
                         ExternallyResolved=true
                         HintPath=C:\Users\r.maalouf\.nuget\packages\microsoft.identitymodel.tokens\8.16.0\lib\net8.0\Microsoft.IdentityModel.Tokens.dll
                         NuGetPackageId=Microsoft.IdentityModel.Tokens
                         NuGetPackageVersion=8.16.0
                         NuGetSourceType=Package
                         PathInPackage=lib/net8.0/Microsoft.IdentityModel.Tokens.dll
                         Private=false
                 C:\Users\r.maalouf\.nuget\packages\microsoft.sqlserver.server\1.0.0\lib\netstandard2.0\Microsoft.SqlServer.Server.dll
                         ExternallyResolved=true
                         HintPath=C:\Users\r.maalouf\.nuget\packages\microsoft.sqlserver.server\1.0.0\lib\netstandard2.0\Microsoft.SqlServer.Server.dll
                         NuGetPackageId=Microsoft.SqlServer.Server
                         NuGetPackageVersion=1.0.0
                         NuGetSourceType=Package
                         PathInPackage=lib/netstandard2.0/Microsoft.SqlServer.Server.dll
                         Private=false
                 C:\Users\r.maalouf\.nuget\packages\system.clientmodel\1.0.0\lib\net6.0\System.ClientModel.dll
                         ExternallyResolved=true
                         HintPath=C:\Users\r.maalouf\.nuget\packages\system.clientmodel\1.0.0\lib\net6.0\System.ClientModel.dll
                         NuGetPackageId=System.ClientModel
                         NuGetPackageVersion=1.0.0
                         NuGetSourceType=Package
                         PathInPackage=lib/net6.0/System.ClientModel.dll
                         Private=false
                 C:\Users\r.maalouf\.nuget\packages\system.diagnostics.diagnosticsource\6.0.1\lib\net6.0\System.Diagnostics.DiagnosticSource.dll
                         ExternallyResolved=true
                         HintPath=C:\Users\r.maalouf\.nuget\packages\system.diagnostics.diagnosticsource\6.0.1\lib\net6.0\System.Diagnostics.DiagnosticSource.dll
                         NuGetPackageId=System.Diagnostics.DiagnosticSource
                         NuGetPackageVersion=6.0.1
                         NuGetSourceType=Package
                         PathInPackage=lib/net6.0/System.Diagnostics.DiagnosticSource.dll
                         Private=false
                 C:\Users\r.maalouf\.nuget\packages\system.identitymodel.tokens.jwt\8.16.0\lib\net8.0\System.IdentityModel.Tokens.Jwt.dll
                         ExternallyResolved=true
                         HintPath=C:\Users\r.maalouf\.nuget\packages\system.identitymodel.tokens.jwt\8.16.0\lib\net8.0\System.IdentityModel.Tokens.Jwt.dll
                         NuGetPackageId=System.IdentityModel.Tokens.Jwt
                         NuGetPackageVersion=8.16.0
                         NuGetSourceType=Package
                         PathInPackage=lib/net8.0/System.IdentityModel.Tokens.Jwt.dll
                         Private=false
                 C:\Users\r.maalouf\.nuget\packages\system.memory.data\1.0.2\lib\netstandard2.0\System.Memory.Data.dll
                         ExternallyResolved=true
                         HintPath=C:\Users\r.maalouf\.nuget\packages\system.memory.data\1.0.2\lib\netstandard2.0\System.Memory.Data.dll
                         NuGetPackageId=System.Memory.Data
                         NuGetPackageVersion=1.0.2
                         NuGetSourceType=Package
                         PathInPackage=lib/netstandard2.0/System.Memory.Data.dll
                         Private=false
                 C:\Users\r.maalouf\.nuget\packages\system.runtime.compilerservices.unsafe\6.0.0\lib\net6.0\System.Runtime.CompilerServices.Unsafe.dll
                         ExternallyResolved=true
                         HintPath=C:\Users\r.maalouf\.nuget\packages\system.runtime.compilerservices.unsafe\6.0.0\lib\net6.0\System.Runtime.CompilerServices.Unsafe.dll
                         NuGetPackageId=System.Runtime.CompilerServices.Unsafe
                         NuGetPackageVersion=6.0.0
                         NuGetSourceType=Package
                         PathInPackage=lib/net6.0/System.Runtime.CompilerServices.Unsafe.dll
                         Private=false
                 C:\Users\r.maalouf\.nuget\packages\system.security.cryptography.protecteddata\8.0.0\lib\net8.0\System.Security.Cryptography.ProtectedData.dll
                         ExternallyResolved=true
                         HintPath=C:\Users\r.maalouf\.nuget\packages\system.security.cryptography.protecteddata\8.0.0\lib\net8.0\System.Security.Cryptography.ProtectedData.dll
                         NuGetPackageId=System.Security.Cryptography.ProtectedData
                         NuGetPackageVersion=8.0.0
                         NuGetSourceType=Package
                         PathInPackage=lib/net8.0/System.Security.Cryptography.ProtectedData.dll
                         Private=false
                 C:\Users\r.maalouf\.nuget\packages\system.text.encodings.web\4.7.2\lib\netstandard2.1\System.Text.Encodings.Web.dll
                         ExternallyResolved=true
                         HintPath=C:\Users\r.maalouf\.nuget\packages\system.text.encodings.web\4.7.2\lib\netstandard2.1\System.Text.Encodings.Web.dll
                         NuGetPackageId=System.Text.Encodings.Web
                         NuGetPackageVersion=4.7.2
                         NuGetSourceType=Package
                         PathInPackage=lib/netstandard2.1/System.Text.Encodings.Web.dll
                         Private=false
                 C:\Users\r.maalouf\.nuget\packages\system.text.json\4.7.2\lib\netcoreapp3.0\System.Text.Json.dll
                         ExternallyResolved=true
                         HintPath=C:\Users\r.maalouf\.nuget\packages\system.text.json\4.7.2\lib\netcoreapp3.0\System.Text.Json.dll
                         NuGetPackageId=System.Text.Json
                         NuGetPackageVersion=4.7.2
                         NuGetSourceType=Package
                         PathInPackage=lib/netcoreapp3.0/System.Text.Json.dll
                         Private=false
       Done executing task "JoinItems".
       Added Item(s): 
           ResolvedCompileFileDefinitionsToAdd=
               C:\Users\r.maalouf\.nuget\packages\azure.core\1.38.0\lib\net6.0\Azure.Core.dll
                       ExternallyResolved=true
                       HintPath=C:\Users\r.maalouf\.nuget\packages\azure.core\1.38.0\lib\net6.0\Azure.Core.dll
                       NuGetPackageId=Azure.Core
                       NuGetPackageVersion=1.38.0
                       NuGetSourceType=Package
                       PathInPackage=lib/net6.0/Azure.Core.dll
                       Private=false
               C:\Users\r.maalouf\.nuget\packages\azure.identity\1.11.4\lib\netstandard2.0\Azure.Identity.dll
                       ExternallyResolved=true
                       HintPath=C:\Users\r.maalouf\.nuget\packages\azure.identity\1.11.4\lib\netstandard2.0\Azure.Identity.dll
                       NuGetPackageId=Azure.Identity
                       NuGetPackageVersion=1.11.4
                       NuGetSourceType=Package
                       PathInPackage=lib/netstandard2.0/Azure.Identity.dll
                       Private=false
               C:\Users\r.maalouf\.nuget\packages\bcrypt.net-next\4.1.0\lib\netstandard2.1\BCrypt.Net-Next.dll
                       ExternallyResolved=true
                       HintPath=C:\Users\r.maalouf\.nuget\packages\bcrypt.net-next\4.1.0\lib\netstandard2.1\BCrypt.Net-Next.dll
                       NuGetPackageId=BCrypt.Net-Next
                       NuGetPackageVersion=4.1.0
                       NuGetSourceType=Package
                       PathInPackage=lib/netstandard2.1/BCrypt.Net-Next.dll
                       Private=false
               C:\Users\r.maalouf\.nuget\packages\dapper\2.1.35\lib\net7.0\Dapper.dll
                       ExternallyResolved=true
                       HintPath=C:\Users\r.maalouf\.nuget\packages\dapper\2.1.35\lib\net7.0\Dapper.dll
                       NuGetPackageId=Dapper
                       NuGetPackageVersion=2.1.35
                       NuGetSourceType=Package
                       PathInPackage=lib/net7.0/Dapper.dll
                       Private=false
               C:\Users\r.maalouf\.nuget\packages\microsoft.aspnetcore.authentication.jwtbearer\8.0.25\lib\net8.0\Microsoft.AspNetCore.Authentication.JwtBearer.dll
                       ExternallyResolved=true
                       HintPath=C:\Users\r.maalouf\.nuget\packages\microsoft.aspnetcore.authentication.jwtbearer\8.0.25\lib\net8.0\Microsoft.AspNetCore.Authentication.JwtBearer.dll
                       NuGetPackageId=Microsoft.AspNetCore.Authentication.JwtBearer
                       NuGetPackageVersion=8.0.25
                       NuGetSourceType=Package
                       PathInPackage=lib/net8.0/Microsoft.AspNetCore.Authentication.JwtBearer.dll
                       Private=false
               C:\Users\r.maalouf\.nuget\packages\microsoft.bcl.asyncinterfaces\1.1.1\ref\netstandard2.1\Microsoft.Bcl.AsyncInterfaces.dll
                       ExternallyResolved=true
                       HintPath=C:\Users\r.maalouf\.nuget\packages\microsoft.bcl.asyncinterfaces\1.1.1\ref\netstandard2.1\Microsoft.Bcl.AsyncInterfaces.dll
                       NuGetPackageId=Microsoft.Bcl.AsyncInterfaces
                       NuGetPackageVersion=1.1.1
                       NuGetSourceType=Package
                       PathInPackage=ref/netstandard2.1/Microsoft.Bcl.AsyncInterfaces.dll
                       Private=false
               C:\Users\r.maalouf\.nuget\packages\microsoft.data.sqlclient\5.2.2\ref\net8.0\Microsoft.Data.SqlClient.dll
                       ExternallyResolved=true
                       HintPath=C:\Users\r.maalouf\.nuget\packages\microsoft.data.sqlclient\5.2.2\ref\net8.0\Microsoft.Data.SqlClient.dll
                       NuGetPackageId=Microsoft.Data.SqlClient
                       NuGetPackageVersion=5.2.2
                       NuGetSourceType=Package
                       PathInPackage=ref/net8.0/Microsoft.Data.SqlClient.dll
                       Private=false
               C:\Users\r.maalouf\.nuget\packages\microsoft.extensions.dependencyinjection.abstractions\8.0.0\lib\net8.0\Microsoft.Extensions.DependencyInjection.Abstractions.dll
                       ExternallyResolved=true
                       HintPath=C:\Users\r.maalouf\.nuget\packages\microsoft.extensions.dependencyinjection.abstractions\8.0.0\lib\net8.0\Microsoft.Extensions.DependencyInjection.Abstractions.dll
                       NuGetPackageId=Microsoft.Extensions.DependencyInjection.Abstractions
                       NuGetPackageVersion=8.0.0
                       NuGetSourceType=Package
                       PathInPackage=lib/net8.0/Microsoft.Extensions.DependencyInjection.Abstractions.dll
                       Private=false
               C:\Users\r.maalouf\.nuget\packages\microsoft.extensions.logging.abstractions\8.0.0\lib\net8.0\Microsoft.Extensions.Logging.Abstractions.dll
                       ExternallyResolved=true
                       HintPath=C:\Users\r.maalouf\.nuget\packages\microsoft.extensions.logging.abstractions\8.0.0\lib\net8.0\Microsoft.Extensions.Logging.Abstractions.dll
                       NuGetPackageId=Microsoft.Extensions.Logging.Abstractions
                       NuGetPackageVersion=8.0.0
                       NuGetSourceType=Package
                       PathInPackage=lib/net8.0/Microsoft.Extensions.Logging.Abstractions.dll
                       Private=false
               C:\Users\r.maalouf\.nuget\packages\microsoft.identity.client\4.61.3\lib\net6.0\Microsoft.Identity.Client.dll
                       ExternallyResolved=true
                       HintPath=C:\Users\r.maalouf\.nuget\packages\microsoft.identity.client\4.61.3\lib\net6.0\Microsoft.Identity.Client.dll
                       NuGetPackageId=Microsoft.Identity.Client
                       NuGetPackageVersion=4.61.3
                       NuGetSourceType=Package
                       PathInPackage=lib/net6.0/Microsoft.Identity.Client.dll
                       Private=false
               C:\Users\r.maalouf\.nuget\packages\microsoft.identity.client.extensions.msal\4.61.3\lib\net6.0\Microsoft.Identity.Client.Extensions.Msal.dll
                       ExternallyResolved=true
                       HintPath=C:\Users\r.maalouf\.nuget\packages\microsoft.identity.client.extensions.msal\4.61.3\lib\net6.0\Microsoft.Identity.Client.Extensions.Msal.dll
                       NuGetPackageId=Microsoft.Identity.Client.Extensions.Msal
                       NuGetPackageVersion=4.61.3
                       NuGetSourceType=Package
                       PathInPackage=lib/net6.0/Microsoft.Identity.Client.Extensions.Msal.dll
                       Private=false
               C:\Users\r.maalouf\.nuget\packages\microsoft.identitymodel.abstractions\8.16.0\lib\net8.0\Microsoft.IdentityModel.Abstractions.dll
                       ExternallyResolved=true
                       HintPath=C:\Users\r.maalouf\.nuget\packages\microsoft.identitymodel.abstractions\8.16.0\lib\net8.0\Microsoft.IdentityModel.Abstractions.dll
                       NuGetPackageId=Microsoft.IdentityModel.Abstractions
                       NuGetPackageVersion=8.16.0
                       NuGetSourceType=Package
                       PathInPackage=lib/net8.0/Microsoft.IdentityModel.Abstractions.dll
                       Private=false
               C:\Users\r.maalouf\.nuget\packages\microsoft.identitymodel.jsonwebtokens\8.16.0\lib\net8.0\Microsoft.IdentityModel.JsonWebTokens.dll
                       ExternallyResolved=true
                       HintPath=C:\Users\r.maalouf\.nuget\packages\microsoft.identitymodel.jsonwebtokens\8.16.0\lib\net8.0\Microsoft.IdentityModel.JsonWebTokens.dll
                       NuGetPackageId=Microsoft.IdentityModel.JsonWebTokens
                       NuGetPackageVersion=8.16.0
                       NuGetSourceType=Package
                       PathInPackage=lib/net8.0/Microsoft.IdentityModel.JsonWebTokens.dll
                       Private=false
               C:\Users\r.maalouf\.nuget\packages\microsoft.identitymodel.logging\8.16.0\lib\net8.0\Microsoft.IdentityModel.Logging.dll
                       ExternallyResolved=true
                       HintPath=C:\Users\r.maalouf\.nuget\packages\microsoft.identitymodel.logging\8.16.0\lib\net8.0\Microsoft.IdentityModel.Logging.dll
                       NuGetPackageId=Microsoft.IdentityModel.Logging
                       NuGetPackageVersion=8.16.0
                       NuGetSourceType=Package
                       PathInPackage=lib/net8.0/Microsoft.IdentityModel.Logging.dll
                       Private=false
               C:\Users\r.maalouf\.nuget\packages\microsoft.identitymodel.protocols\7.1.2\lib\net8.0\Microsoft.IdentityModel.Protocols.dll
                       ExternallyResolved=true
                       HintPath=C:\Users\r.maalouf\.nuget\packages\microsoft.identitymodel.protocols\7.1.2\lib\net8.0\Microsoft.IdentityModel.Protocols.dll
                       NuGetPackageId=Microsoft.IdentityModel.Protocols
                       NuGetPackageVersion=7.1.2
                       NuGetSourceType=Package
                       PathInPackage=lib/net8.0/Microsoft.IdentityModel.Protocols.dll
                       Private=false
               C:\Users\r.maalouf\.nuget\packages\microsoft.identitymodel.protocols.openidconnect\7.1.2\lib\net8.0\Microsoft.IdentityModel.Protocols.OpenIdConnect.dll
                       ExternallyResolved=true
                       HintPath=C:\Users\r.maalouf\.nuget\packages\microsoft.identitymodel.protocols.openidconnect\7.1.2\lib\net8.0\Microsoft.IdentityModel.Protocols.OpenIdConnect.dll
                       NuGetPackageId=Microsoft.IdentityModel.Protocols.OpenIdConnect
                       NuGetPackageVersion=7.1.2
                       NuGetSourceType=Package
                       PathInPackage=lib/net8.0/Microsoft.IdentityModel.Protocols.OpenIdConnect.dll
                       Private=false
               C:\Users\r.maalouf\.nuget\packages\microsoft.identitymodel.tokens\8.16.0\lib\net8.0\Microsoft.IdentityModel.Tokens.dll
                       ExternallyResolved=true
                       HintPath=C:\Users\r.maalouf\.nuget\packages\microsoft.identitymodel.tokens\8.16.0\lib\net8.0\Microsoft.IdentityModel.Tokens.dll
                       NuGetPackageId=Microsoft.IdentityModel.Tokens
                       NuGetPackageVersion=8.16.0
                       NuGetSourceType=Package
                       PathInPackage=lib/net8.0/Microsoft.IdentityModel.Tokens.dll
                       Private=false
               C:\Users\r.maalouf\.nuget\packages\microsoft.sqlserver.server\1.0.0\lib\netstandard2.0\Microsoft.SqlServer.Server.dll
                       ExternallyResolved=true
                       HintPath=C:\Users\r.maalouf\.nuget\packages\microsoft.sqlserver.server\1.0.0\lib\netstandard2.0\Microsoft.SqlServer.Server.dll
                       NuGetPackageId=Microsoft.SqlServer.Server
                       NuGetPackageVersion=1.0.0
                       NuGetSourceType=Package
                       PathInPackage=lib/netstandard2.0/Microsoft.SqlServer.Server.dll
                       Private=false
               C:\Users\r.maalouf\.nuget\packages\system.clientmodel\1.0.0\lib\net6.0\System.ClientModel.dll
                       ExternallyResolved=true
                       HintPath=C:\Users\r.maalouf\.nuget\packages\system.clientmodel\1.0.0\lib\net6.0\System.ClientModel.dll
                       NuGetPackageId=System.ClientModel
                       NuGetPackageVersion=1.0.0
                       NuGetSourceType=Package
                       PathInPackage=lib/net6.0/System.ClientModel.dll
                       Private=false
               C:\Users\r.maalouf\.nuget\packages\system.diagnostics.diagnosticsource\6.0.1\lib\net6.0\System.Diagnostics.DiagnosticSource.dll
                       ExternallyResolved=true
                       HintPath=C:\Users\r.maalouf\.nuget\packages\system.diagnostics.diagnosticsource\6.0.1\lib\net6.0\System.Diagnostics.DiagnosticSource.dll
                       NuGetPackageId=System.Diagnostics.DiagnosticSource
                       NuGetPackageVersion=6.0.1
                       NuGetSourceType=Package
                       PathInPackage=lib/net6.0/System.Diagnostics.DiagnosticSource.dll
                       Private=false
               C:\Users\r.maalouf\.nuget\packages\system.identitymodel.tokens.jwt\8.16.0\lib\net8.0\System.IdentityModel.Tokens.Jwt.dll
                       ExternallyResolved=true
                       HintPath=C:\Users\r.maalouf\.nuget\packages\system.identitymodel.tokens.jwt\8.16.0\lib\net8.0\System.IdentityModel.Tokens.Jwt.dll
                       NuGetPackageId=System.IdentityModel.Tokens.Jwt
                       NuGetPackageVersion=8.16.0
                       NuGetSourceType=Package
                       PathInPackage=lib/net8.0/System.IdentityModel.Tokens.Jwt.dll
                       Private=false
               C:\Users\r.maalouf\.nuget\packages\system.memory.data\1.0.2\lib\netstandard2.0\System.Memory.Data.dll
                       ExternallyResolved=true
                       HintPath=C:\Users\r.maalouf\.nuget\packages\system.memory.data\1.0.2\lib\netstandard2.0\System.Memory.Data.dll
                       NuGetPackageId=System.Memory.Data
                       NuGetPackageVersion=1.0.2
                       NuGetSourceType=Package
                       PathInPackage=lib/netstandard2.0/System.Memory.Data.dll
                       Private=false
               C:\Users\r.maalouf\.nuget\packages\system.runtime.compilerservices.unsafe\6.0.0\lib\net6.0\System.Runtime.CompilerServices.Unsafe.dll
                       ExternallyResolved=true
                       HintPath=C:\Users\r.maalouf\.nuget\packages\system.runtime.compilerservices.unsafe\6.0.0\lib\net6.0\System.Runtime.CompilerServices.Unsafe.dll
                       NuGetPackageId=System.Runtime.CompilerServices.Unsafe
                       NuGetPackageVersion=6.0.0
                       NuGetSourceType=Package
                       PathInPackage=lib/net6.0/System.Runtime.CompilerServices.Unsafe.dll
                       Private=false
               C:\Users\r.maalouf\.nuget\packages\system.security.cryptography.protecteddata\8.0.0\lib\net8.0\System.Security.Cryptography.ProtectedData.dll
                       ExternallyResolved=true
                       HintPath=C:\Users\r.maalouf\.nuget\packages\system.security.cryptography.protecteddata\8.0.0\lib\net8.0\System.Security.Cryptography.ProtectedData.dll
                       NuGetPackageId=System.Security.Cryptography.ProtectedData
                       NuGetPackageVersion=8.0.0
                       NuGetSourceType=Package
                       PathInPackage=lib/net8.0/System.Security.Cryptography.ProtectedData.dll
                       Private=false
               C:\Users\r.maalouf\.nuget\packages\system.text.encodings.web\4.7.2\lib\netstandard2.1\System.Text.Encodings.Web.dll
                       ExternallyResolved=true
                       HintPath=C:\Users\r.maalouf\.nuget\packages\system.text.encodings.web\4.7.2\lib\netstandard2.1\System.Text.Encodings.Web.dll
                       NuGetPackageId=System.Text.Encodings.Web
                       NuGetPackageVersion=4.7.2
                       NuGetSourceType=Package
                       PathInPackage=lib/netstandard2.1/System.Text.Encodings.Web.dll
                       Private=false
               C:\Users\r.maalouf\.nuget\packages\system.text.json\4.7.2\lib\netcoreapp3.0\System.Text.Json.dll
                       ExternallyResolved=true
                       HintPath=C:\Users\r.maalouf\.nuget\packages\system.text.json\4.7.2\lib\netcoreapp3.0\System.Text.Json.dll
                       NuGetPackageId=System.Text.Json
                       NuGetPackageVersion=4.7.2
                       NuGetSourceType=Package
                       PathInPackage=lib/netcoreapp3.0/System.Text.Json.dll
                       Private=false
       Added Item(s): 
           Reference=
               C:\Users\r.maalouf\.nuget\packages\azure.core\1.38.0\lib\net6.0\Azure.Core.dll
                       ExternallyResolved=true
                       HintPath=C:\Users\r.maalouf\.nuget\packages\azure.core\1.38.0\lib\net6.0\Azure.Core.dll
                       NuGetPackageId=Azure.Core
                       NuGetPackageVersion=1.38.0
                       NuGetSourceType=Package
                       PathInPackage=lib/net6.0/Azure.Core.dll
                       Private=false
               C:\Users\r.maalouf\.nuget\packages\azure.identity\1.11.4\lib\netstandard2.0\Azure.Identity.dll
                       ExternallyResolved=true
                       HintPath=C:\Users\r.maalouf\.nuget\packages\azure.identity\1.11.4\lib\netstandard2.0\Azure.Identity.dll
                       NuGetPackageId=Azure.Identity
                       NuGetPackageVersion=1.11.4
                       NuGetSourceType=Package
                       PathInPackage=lib/netstandard2.0/Azure.Identity.dll
                       Private=false
               C:\Users\r.maalouf\.nuget\packages\bcrypt.net-next\4.1.0\lib\netstandard2.1\BCrypt.Net-Next.dll
                       ExternallyResolved=true
                       HintPath=C:\Users\r.maalouf\.nuget\packages\bcrypt.net-next\4.1.0\lib\netstandard2.1\BCrypt.Net-Next.dll
                       NuGetPackageId=BCrypt.Net-Next
                       NuGetPackageVersion=4.1.0
                       NuGetSourceType=Package
                       PathInPackage=lib/netstandard2.1/BCrypt.Net-Next.dll
                       Private=false
               C:\Users\r.maalouf\.nuget\packages\dapper\2.1.35\lib\net7.0\Dapper.dll
                       ExternallyResolved=true
                       HintPath=C:\Users\r.maalouf\.nuget\packages\dapper\2.1.35\lib\net7.0\Dapper.dll
                       NuGetPackageId=Dapper
                       NuGetPackageVersion=2.1.35
                       NuGetSourceType=Package
                       PathInPackage=lib/net7.0/Dapper.dll
                       Private=false
               C:\Users\r.maalouf\.nuget\packages\microsoft.aspnetcore.authentication.jwtbearer\8.0.25\lib\net8.0\Microsoft.AspNetCore.Authentication.JwtBearer.dll
                       ExternallyResolved=true
                       HintPath=C:\Users\r.maalouf\.nuget\packages\microsoft.aspnetcore.authentication.jwtbearer\8.0.25\lib\net8.0\Microsoft.AspNetCore.Authentication.JwtBearer.dll
                       NuGetPackageId=Microsoft.AspNetCore.Authentication.JwtBearer
                       NuGetPackageVersion=8.0.25
                       NuGetSourceType=Package
                       PathInPackage=lib/net8.0/Microsoft.AspNetCore.Authentication.JwtBearer.dll
                       Private=false
               C:\Users\r.maalouf\.nuget\packages\microsoft.bcl.asyncinterfaces\1.1.1\ref\netstandard2.1\Microsoft.Bcl.AsyncInterfaces.dll
                       ExternallyResolved=true
                       HintPath=C:\Users\r.maalouf\.nuget\packages\microsoft.bcl.asyncinterfaces\1.1.1\ref\netstandard2.1\Microsoft.Bcl.AsyncInterfaces.dll
                       NuGetPackageId=Microsoft.Bcl.AsyncInterfaces
                       NuGetPackageVersion=1.1.1
                       NuGetSourceType=Package
                       PathInPackage=ref/netstandard2.1/Microsoft.Bcl.AsyncInterfaces.dll
                       Private=false
               C:\Users\r.maalouf\.nuget\packages\microsoft.data.sqlclient\5.2.2\ref\net8.0\Microsoft.Data.SqlClient.dll
                       ExternallyResolved=true
                       HintPath=C:\Users\r.maalouf\.nuget\packages\microsoft.data.sqlclient\5.2.2\ref\net8.0\Microsoft.Data.SqlClient.dll
                       NuGetPackageId=Microsoft.Data.SqlClient
                       NuGetPackageVersion=5.2.2
                       NuGetSourceType=Package
                       PathInPackage=ref/net8.0/Microsoft.Data.SqlClient.dll
                       Private=false
               C:\Users\r.maalouf\.nuget\packages\microsoft.extensions.dependencyinjection.abstractions\8.0.0\lib\net8.0\Microsoft.Extensions.DependencyInjection.Abstractions.dll
                       ExternallyResolved=true
                       HintPath=C:\Users\r.maalouf\.nuget\packages\microsoft.extensions.dependencyinjection.abstractions\8.0.0\lib\net8.0\Microsoft.Extensions.DependencyInjection.Abstractions.dll
                       NuGetPackageId=Microsoft.Extensions.DependencyInjection.Abstractions
                       NuGetPackageVersion=8.0.0
                       NuGetSourceType=Package
                       PathInPackage=lib/net8.0/Microsoft.Extensions.DependencyInjection.Abstractions.dll
                       Private=false
               C:\Users\r.maalouf\.nuget\packages\microsoft.extensions.logging.abstractions\8.0.0\lib\net8.0\Microsoft.Extensions.Logging.Abstractions.dll
                       ExternallyResolved=true
                       HintPath=C:\Users\r.maalouf\.nuget\packages\microsoft.extensions.logging.abstractions\8.0.0\lib\net8.0\Microsoft.Extensions.Logging.Abstractions.dll
                       NuGetPackageId=Microsoft.Extensions.Logging.Abstractions
                       NuGetPackageVersion=8.0.0
                       NuGetSourceType=Package
                       PathInPackage=lib/net8.0/Microsoft.Extensions.Logging.Abstractions.dll
                       Private=false
               C:\Users\r.maalouf\.nuget\packages\microsoft.identity.client\4.61.3\lib\net6.0\Microsoft.Identity.Client.dll
                       ExternallyResolved=true
                       HintPath=C:\Users\r.maalouf\.nuget\packages\microsoft.identity.client\4.61.3\lib\net6.0\Microsoft.Identity.Client.dll
                       NuGetPackageId=Microsoft.Identity.Client
                       NuGetPackageVersion=4.61.3
                       NuGetSourceType=Package
                       PathInPackage=lib/net6.0/Microsoft.Identity.Client.dll
                       Private=false
               C:\Users\r.maalouf\.nuget\packages\microsoft.identity.client.extensions.msal\4.61.3\lib\net6.0\Microsoft.Identity.Client.Extensions.Msal.dll
                       ExternallyResolved=true
                       HintPath=C:\Users\r.maalouf\.nuget\packages\microsoft.identity.client.extensions.msal\4.61.3\lib\net6.0\Microsoft.Identity.Client.Extensions.Msal.dll
                       NuGetPackageId=Microsoft.Identity.Client.Extensions.Msal
                       NuGetPackageVersion=4.61.3
                       NuGetSourceType=Package
                       PathInPackage=lib/net6.0/Microsoft.Identity.Client.Extensions.Msal.dll
                       Private=false
               C:\Users\r.maalouf\.nuget\packages\microsoft.identitymodel.abstractions\8.16.0\lib\net8.0\Microsoft.IdentityModel.Abstractions.dll
                       ExternallyResolved=true
                       HintPath=C:\Users\r.maalouf\.nuget\packages\microsoft.identitymodel.abstractions\8.16.0\lib\net8.0\Microsoft.IdentityModel.Abstractions.dll
                       NuGetPackageId=Microsoft.IdentityModel.Abstractions
                       NuGetPackageVersion=8.16.0
                       NuGetSourceType=Package
                       PathInPackage=lib/net8.0/Microsoft.IdentityModel.Abstractions.dll
                       Private=false
               C:\Users\r.maalouf\.nuget\packages\microsoft.identitymodel.jsonwebtokens\8.16.0\lib\net8.0\Microsoft.IdentityModel.JsonWebTokens.dll
                       ExternallyResolved=true
                       HintPath=C:\Users\r.maalouf\.nuget\packages\microsoft.identitymodel.jsonwebtokens\8.16.0\lib\net8.0\Microsoft.IdentityModel.JsonWebTokens.dll
                       NuGetPackageId=Microsoft.IdentityModel.JsonWebTokens
                       NuGetPackageVersion=8.16.0
                       NuGetSourceType=Package
                       PathInPackage=lib/net8.0/Microsoft.IdentityModel.JsonWebTokens.dll
                       Private=false
               C:\Users\r.maalouf\.nuget\packages\microsoft.identitymodel.logging\8.16.0\lib\net8.0\Microsoft.IdentityModel.Logging.dll
                       ExternallyResolved=true
                       HintPath=C:\Users\r.maalouf\.nuget\packages\microsoft.identitymodel.logging\8.16.0\lib\net8.0\Microsoft.IdentityModel.Logging.dll
                       NuGetPackageId=Microsoft.IdentityModel.Logging
                       NuGetPackageVersion=8.16.0
                       NuGetSourceType=Package
                       PathInPackage=lib/net8.0/Microsoft.IdentityModel.Logging.dll
                       Private=false
               C:\Users\r.maalouf\.nuget\packages\microsoft.identitymodel.protocols\7.1.2\lib\net8.0\Microsoft.IdentityModel.Protocols.dll
                       ExternallyResolved=true
                       HintPath=C:\Users\r.maalouf\.nuget\packages\microsoft.identitymodel.protocols\7.1.2\lib\net8.0\Microsoft.IdentityModel.Protocols.dll
                       NuGetPackageId=Microsoft.IdentityModel.Protocols
                       NuGetPackageVersion=7.1.2
                       NuGetSourceType=Package
                       PathInPackage=lib/net8.0/Microsoft.IdentityModel.Protocols.dll
                       Private=false
               C:\Users\r.maalouf\.nuget\packages\microsoft.identitymodel.protocols.openidconnect\7.1.2\lib\net8.0\Microsoft.IdentityModel.Protocols.OpenIdConnect.dll
                       ExternallyResolved=true
                       HintPath=C:\Users\r.maalouf\.nuget\packages\microsoft.identitymodel.protocols.openidconnect\7.1.2\lib\net8.0\Microsoft.IdentityModel.Protocols.OpenIdConnect.dll
                       NuGetPackageId=Microsoft.IdentityModel.Protocols.OpenIdConnect
                       NuGetPackageVersion=7.1.2
                       NuGetSourceType=Package
                       PathInPackage=lib/net8.0/Microsoft.IdentityModel.Protocols.OpenIdConnect.dll
                       Private=false
               C:\Users\r.maalouf\.nuget\packages\microsoft.identitymodel.tokens\8.16.0\lib\net8.0\Microsoft.IdentityModel.Tokens.dll
                       ExternallyResolved=true
                       HintPath=C:\Users\r.maalouf\.nuget\packages\microsoft.identitymodel.tokens\8.16.0\lib\net8.0\Microsoft.IdentityModel.Tokens.dll
                       NuGetPackageId=Microsoft.IdentityModel.Tokens
                       NuGetPackageVersion=8.16.0
                       NuGetSourceType=Package
                       PathInPackage=lib/net8.0/Microsoft.IdentityModel.Tokens.dll
                       Private=false
               C:\Users\r.maalouf\.nuget\packages\microsoft.sqlserver.server\1.0.0\lib\netstandard2.0\Microsoft.SqlServer.Server.dll
                       ExternallyResolved=true
                       HintPath=C:\Users\r.maalouf\.nuget\packages\microsoft.sqlserver.server\1.0.0\lib\netstandard2.0\Microsoft.SqlServer.Server.dll
                       NuGetPackageId=Microsoft.SqlServer.Server
                       NuGetPackageVersion=1.0.0
                       NuGetSourceType=Package
                       PathInPackage=lib/netstandard2.0/Microsoft.SqlServer.Server.dll
                       Private=false
               C:\Users\r.maalouf\.nuget\packages\system.clientmodel\1.0.0\lib\net6.0\System.ClientModel.dll
                       ExternallyResolved=true
                       HintPath=C:\Users\r.maalouf\.nuget\packages\system.clientmodel\1.0.0\lib\net6.0\System.ClientModel.dll
                       NuGetPackageId=System.ClientModel
                       NuGetPackageVersion=1.0.0
                       NuGetSourceType=Package
                       PathInPackage=lib/net6.0/System.ClientModel.dll
                       Private=false
               C:\Users\r.maalouf\.nuget\packages\system.diagnostics.diagnosticsource\6.0.1\lib\net6.0\System.Diagnostics.DiagnosticSource.dll
                       ExternallyResolved=true
                       HintPath=C:\Users\r.maalouf\.nuget\packages\system.diagnostics.diagnosticsource\6.0.1\lib\net6.0\System.Diagnostics.DiagnosticSource.dll
                       NuGetPackageId=System.Diagnostics.DiagnosticSource
                       NuGetPackageVersion=6.0.1
                       NuGetSourceType=Package
                       PathInPackage=lib/net6.0/System.Diagnostics.DiagnosticSource.dll
                       Private=false
               C:\Users\r.maalouf\.nuget\packages\system.identitymodel.tokens.jwt\8.16.0\lib\net8.0\System.IdentityModel.Tokens.Jwt.dll
                       ExternallyResolved=true
                       HintPath=C:\Users\r.maalouf\.nuget\packages\system.identitymodel.tokens.jwt\8.16.0\lib\net8.0\System.IdentityModel.Tokens.Jwt.dll
                       NuGetPackageId=System.IdentityModel.Tokens.Jwt
                       NuGetPackageVersion=8.16.0
                       NuGetSourceType=Package
                       PathInPackage=lib/net8.0/System.IdentityModel.Tokens.Jwt.dll
                       Private=false
               C:\Users\r.maalouf\.nuget\packages\system.memory.data\1.0.2\lib\netstandard2.0\System.Memory.Data.dll
                       ExternallyResolved=true
                       HintPath=C:\Users\r.maalouf\.nuget\packages\system.memory.data\1.0.2\lib\netstandard2.0\System.Memory.Data.dll
                       NuGetPackageId=System.Memory.Data
                       NuGetPackageVersion=1.0.2
                       NuGetSourceType=Package
                       PathInPackage=lib/netstandard2.0/System.Memory.Data.dll
                       Private=false
               C:\Users\r.maalouf\.nuget\packages\system.runtime.compilerservices.unsafe\6.0.0\lib\net6.0\System.Runtime.CompilerServices.Unsafe.dll
                       ExternallyResolved=true
                       HintPath=C:\Users\r.maalouf\.nuget\packages\system.runtime.compilerservices.unsafe\6.0.0\lib\net6.0\System.Runtime.CompilerServices.Unsafe.dll
                       NuGetPackageId=System.Runtime.CompilerServices.Unsafe
                       NuGetPackageVersion=6.0.0
                       NuGetSourceType=Package
                       PathInPackage=lib/net6.0/System.Runtime.CompilerServices.Unsafe.dll
                       Private=false
               C:\Users\r.maalouf\.nuget\packages\system.security.cryptography.protecteddata\8.0.0\lib\net8.0\System.Security.Cryptography.ProtectedData.dll
                       ExternallyResolved=true
                       HintPath=C:\Users\r.maalouf\.nuget\packages\system.security.cryptography.protecteddata\8.0.0\lib\net8.0\System.Security.Cryptography.ProtectedData.dll
                       NuGetPackageId=System.Security.Cryptography.ProtectedData
                       NuGetPackageVersion=8.0.0
                       NuGetSourceType=Package
                       PathInPackage=lib/net8.0/System.Security.Cryptography.ProtectedData.dll
                       Private=false
               C:\Users\r.maalouf\.nuget\packages\system.text.encodings.web\4.7.2\lib\netstandard2.1\System.Text.Encodings.Web.dll
                       ExternallyResolved=true
                       HintPath=C:\Users\r.maalouf\.nuget\packages\system.text.encodings.web\4.7.2\lib\netstandard2.1\System.Text.Encodings.Web.dll
                       NuGetPackageId=System.Text.Encodings.Web
                       NuGetPackageVersion=4.7.2
                       NuGetSourceType=Package
                       PathInPackage=lib/netstandard2.1/System.Text.Encodings.Web.dll
                       Private=false
               C:\Users\r.maalouf\.nuget\packages\system.text.json\4.7.2\lib\netcoreapp3.0\System.Text.Json.dll
                       ExternallyResolved=true
                       HintPath=C:\Users\r.maalouf\.nuget\packages\system.text.json\4.7.2\lib\netcoreapp3.0\System.Text.Json.dll
                       NuGetPackageId=System.Text.Json
                       NuGetPackageVersion=4.7.2
                       NuGetSourceType=Package
                       PathInPackage=lib/netcoreapp3.0/System.Text.Json.dll
                       Private=false
     1>Done building target "ResolveLockFileReferences" in project "SpareParts.Api.csproj".
       Target "ResolvePackageAssets" skipped. Previously built successfully.
     1>Target "ResolveLockFileAnalyzers" in file "C:\Program Files\dotnet\sdk\9.0.304\Sdks\Microsoft.NET.Sdk\targets\Microsoft.PackageDependencyResolution.targets" from project "D:\Ralph\SpareParts\src\SpareParts.Api\SpareParts.Api.csproj" (target "ResolvePackageDependenciesForBuild" depends on it):
       Added Item(s): 
           Analyzer=
               C:\Users\r.maalouf\.nuget\packages\microsoft.extensions.logging.abstractions\8.0.0\analyzers\dotnet\roslyn4.4\cs\Microsoft.Extensions.Logging.Generators.dll
                       NuGetPackageId=Microsoft.Extensions.Logging.Abstractions
                       NuGetPackageVersion=8.0.0
     1>Done building target "ResolveLockFileAnalyzers" in project "SpareParts.Api.csproj".
       Target "ResolvePackageAssets" skipped. Previously built successfully.
       Target "RunProduceContentAssets" skipped, due to false condition; ('@(_ContentFilesToPreprocess)' != '' and '$(_CleaningWithoutRebuilding)' != 'true') was evaluated as ('' != '' and '' != 'true').
     1>Target "ResolveLockFileCopyLocalFiles" in file "C:\Program Files\dotnet\sdk\9.0.304\Sdks\Microsoft.NET.Sdk\targets\Microsoft.PackageDependencyResolution.targets" from project "D:\Ralph\SpareParts\src\SpareParts.Api\SpareParts.Api.csproj" (target "ResolvePackageDependenciesForBuild" depends on it):
       Added Item(s): 
           _ResolvedCopyLocalBuildAssets=
               C:\Users\r.maalouf\.nuget\packages\azure.core\1.38.0\lib\net6.0\Azure.Core.dll
                       AssetType=runtime
                       CopyLocal=true
                       DestinationSubPath=Azure.Core.dll
                       NuGetPackageId=Azure.Core
                       NuGetPackageVersion=1.38.0
                       PathInPackage=lib/net6.0/Azure.Core.dll
               C:\Users\r.maalouf\.nuget\packages\azure.identity\1.11.4\lib\netstandard2.0\Azure.Identity.dll
                       AssetType=runtime
                       CopyLocal=true
                       DestinationSubPath=Azure.Identity.dll
                       NuGetPackageId=Azure.Identity
                       NuGetPackageVersion=1.11.4
                       PathInPackage=lib/netstandard2.0/Azure.Identity.dll
               C:\Users\r.maalouf\.nuget\packages\bcrypt.net-next\4.1.0\lib\netstandard2.1\BCrypt.Net-Next.dll
                       AssetType=runtime
                       CopyLocal=true
                       DestinationSubPath=BCrypt.Net-Next.dll
                       NuGetPackageId=BCrypt.Net-Next
                       NuGetPackageVersion=4.1.0
                       PathInPackage=lib/netstandard2.1/BCrypt.Net-Next.dll
               C:\Users\r.maalouf\.nuget\packages\dapper\2.1.35\lib\net7.0\Dapper.dll
                       AssetType=runtime
                       CopyLocal=true
                       DestinationSubPath=Dapper.dll
                       NuGetPackageId=Dapper
                       NuGetPackageVersion=2.1.35
                       PathInPackage=lib/net7.0/Dapper.dll
               C:\Users\r.maalouf\.nuget\packages\microsoft.aspnetcore.authentication.jwtbearer\8.0.25\lib\net8.0\Microsoft.AspNetCore.Authentication.JwtBearer.dll
                       AssetType=runtime
                       CopyLocal=true
                       DestinationSubPath=Microsoft.AspNetCore.Authentication.JwtBearer.dll
                       NuGetPackageId=Microsoft.AspNetCore.Authentication.JwtBearer
                       NuGetPackageVersion=8.0.25
                       PathInPackage=lib/net8.0/Microsoft.AspNetCore.Authentication.JwtBearer.dll
               C:\Users\r.maalouf\.nuget\packages\microsoft.bcl.asyncinterfaces\1.1.1\lib\netstandard2.1\Microsoft.Bcl.AsyncInterfaces.dll
                       AssetType=runtime
                       CopyLocal=true
                       DestinationSubPath=Microsoft.Bcl.AsyncInterfaces.dll
                       NuGetPackageId=Microsoft.Bcl.AsyncInterfaces
                       NuGetPackageVersion=1.1.1
                       PathInPackage=lib/netstandard2.1/Microsoft.Bcl.AsyncInterfaces.dll
               C:\Users\r.maalouf\.nuget\packages\microsoft.data.sqlclient\5.2.2\lib\net8.0\Microsoft.Data.SqlClient.dll
                       AssetType=runtime
                       CopyLocal=true
                       DestinationSubPath=Microsoft.Data.SqlClient.dll
                       NuGetPackageId=Microsoft.Data.SqlClient
                       NuGetPackageVersion=5.2.2
                       PathInPackage=lib/net8.0/Microsoft.Data.SqlClient.dll
               C:\Users\r.maalouf\.nuget\packages\microsoft.extensions.dependencyinjection.abstractions\8.0.0\lib\net8.0\Microsoft.Extensions.DependencyInjection.Abstractions.dll
                       AssetType=runtime
                       CopyLocal=true
                       DestinationSubPath=Microsoft.Extensions.DependencyInjection.Abstractions.dll
                       NuGetPackageId=Microsoft.Extensions.DependencyInjection.Abstractions
                       NuGetPackageVersion=8.0.0
                       PathInPackage=lib/net8.0/Microsoft.Extensions.DependencyInjection.Abstractions.dll
               C:\Users\r.maalouf\.nuget\packages\microsoft.extensions.logging.abstractions\8.0.0\lib\net8.0\Microsoft.Extensions.Logging.Abstractions.dll
                       AssetType=runtime
                       CopyLocal=true
                       DestinationSubPath=Microsoft.Extensions.Logging.Abstractions.dll
                       NuGetPackageId=Microsoft.Extensions.Logging.Abstractions
                       NuGetPackageVersion=8.0.0
                       PathInPackage=lib/net8.0/Microsoft.Extensions.Logging.Abstractions.dll
               C:\Users\r.maalouf\.nuget\packages\microsoft.identity.client\4.61.3\lib\net6.0\Microsoft.Identity.Client.dll
                       AssetType=runtime
                       CopyLocal=true
                       DestinationSubPath=Microsoft.Identity.Client.dll
                       NuGetPackageId=Microsoft.Identity.Client
                       NuGetPackageVersion=4.61.3
                       PathInPackage=lib/net6.0/Microsoft.Identity.Client.dll
               C:\Users\r.maalouf\.nuget\packages\microsoft.identity.client.extensions.msal\4.61.3\lib\net6.0\Microsoft.Identity.Client.Extensions.Msal.dll
                       AssetType=runtime
                       CopyLocal=true
                       DestinationSubPath=Microsoft.Identity.Client.Extensions.Msal.dll
                       NuGetPackageId=Microsoft.Identity.Client.Extensions.Msal
                       NuGetPackageVersion=4.61.3
                       PathInPackage=lib/net6.0/Microsoft.Identity.Client.Extensions.Msal.dll
               C:\Users\r.maalouf\.nuget\packages\microsoft.identitymodel.abstractions\8.16.0\lib\net8.0\Microsoft.IdentityModel.Abstractions.dll
                       AssetType=runtime
                       CopyLocal=true
                       DestinationSubPath=Microsoft.IdentityModel.Abstractions.dll
                       NuGetPackageId=Microsoft.IdentityModel.Abstractions
                       NuGetPackageVersion=8.16.0
                       PathInPackage=lib/net8.0/Microsoft.IdentityModel.Abstractions.dll
               C:\Users\r.maalouf\.nuget\packages\microsoft.identitymodel.jsonwebtokens\8.16.0\lib\net8.0\Microsoft.IdentityModel.JsonWebTokens.dll
                       AssetType=runtime
                       CopyLocal=true
                       DestinationSubPath=Microsoft.IdentityModel.JsonWebTokens.dll
                       NuGetPackageId=Microsoft.IdentityModel.JsonWebTokens
                       NuGetPackageVersion=8.16.0
                       PathInPackage=lib/net8.0/Microsoft.IdentityModel.JsonWebTokens.dll
               C:\Users\r.maalouf\.nuget\packages\microsoft.identitymodel.logging\8.16.0\lib\net8.0\Microsoft.IdentityModel.Logging.dll
                       AssetType=runtime
                       CopyLocal=true
                       DestinationSubPath=Microsoft.IdentityModel.Logging.dll
                       NuGetPackageId=Microsoft.IdentityModel.Logging
                       NuGetPackageVersion=8.16.0
                       PathInPackage=lib/net8.0/Microsoft.IdentityModel.Logging.dll
               C:\Users\r.maalouf\.nuget\packages\microsoft.identitymodel.protocols\7.1.2\lib\net8.0\Microsoft.IdentityModel.Protocols.dll
                       AssetType=runtime
                       CopyLocal=true
                       DestinationSubPath=Microsoft.IdentityModel.Protocols.dll
                       NuGetPackageId=Microsoft.IdentityModel.Protocols
                       NuGetPackageVersion=7.1.2
                       PathInPackage=lib/net8.0/Microsoft.IdentityModel.Protocols.dll
               C:\Users\r.maalouf\.nuget\packages\microsoft.identitymodel.protocols.openidconnect\7.1.2\lib\net8.0\Microsoft.IdentityModel.Protocols.OpenIdConnect.dll
                       AssetType=runtime
                       CopyLocal=true
                       DestinationSubPath=Microsoft.IdentityModel.Protocols.OpenIdConnect.dll
                       NuGetPackageId=Microsoft.IdentityModel.Protocols.OpenIdConnect
                       NuGetPackageVersion=7.1.2
                       PathInPackage=lib/net8.0/Microsoft.IdentityModel.Protocols.OpenIdConnect.dll
               C:\Users\r.maalouf\.nuget\packages\microsoft.identitymodel.tokens\8.16.0\lib\net8.0\Microsoft.IdentityModel.Tokens.dll
                       AssetType=runtime
                       CopyLocal=true
                       DestinationSubPath=Microsoft.IdentityModel.Tokens.dll
                       NuGetPackageId=Microsoft.IdentityModel.Tokens
                       NuGetPackageVersion=8.16.0
                       PathInPackage=lib/net8.0/Microsoft.IdentityModel.Tokens.dll
               C:\Users\r.maalouf\.nuget\packages\microsoft.sqlserver.server\1.0.0\lib\netstandard2.0\Microsoft.SqlServer.Server.dll
                       AssetType=runtime
                       CopyLocal=true
                       DestinationSubPath=Microsoft.SqlServer.Server.dll
                       NuGetPackageId=Microsoft.SqlServer.Server
                       NuGetPackageVersion=1.0.0
                       PathInPackage=lib/netstandard2.0/Microsoft.SqlServer.Server.dll
               C:\Users\r.maalouf\.nuget\packages\system.clientmodel\1.0.0\lib\net6.0\System.ClientModel.dll
                       AssetType=runtime
                       CopyLocal=true
                       DestinationSubPath=System.ClientModel.dll
                       NuGetPackageId=System.ClientModel
                       NuGetPackageVersion=1.0.0
                       PathInPackage=lib/net6.0/System.ClientModel.dll
               C:\Users\r.maalouf\.nuget\packages\system.configuration.configurationmanager\8.0.0\lib\net8.0\System.Configuration.ConfigurationManager.dll
                       AssetType=runtime
                       CopyLocal=true
                       DestinationSubPath=System.Configuration.ConfigurationManager.dll
                       NuGetPackageId=System.Configuration.ConfigurationManager
                       NuGetPackageVersion=8.0.0
                       PathInPackage=lib/net8.0/System.Configuration.ConfigurationManager.dll
               C:\Users\r.maalouf\.nuget\packages\system.diagnostics.diagnosticsource\6.0.1\lib\net6.0\System.Diagnostics.DiagnosticSource.dll
                       AssetType=runtime
                       CopyLocal=true
                       DestinationSubPath=System.Diagnostics.DiagnosticSource.dll
                       NuGetPackageId=System.Diagnostics.DiagnosticSource
                       NuGetPackageVersion=6.0.1
                       PathInPackage=lib/net6.0/System.Diagnostics.DiagnosticSource.dll
               C:\Users\r.maalouf\.nuget\packages\system.diagnostics.eventlog\8.0.0\lib\net8.0\System.Diagnostics.EventLog.dll
                       AssetType=runtime
                       CopyLocal=true
                       DestinationSubPath=System.Diagnostics.EventLog.dll
                       NuGetPackageId=System.Diagnostics.EventLog
                       NuGetPackageVersion=8.0.0
                       PathInPackage=lib/net8.0/System.Diagnostics.EventLog.dll
               C:\Users\r.maalouf\.nuget\packages\system.identitymodel.tokens.jwt\8.16.0\lib\net8.0\System.IdentityModel.Tokens.Jwt.dll
                       AssetType=runtime
                       CopyLocal=true
                       DestinationSubPath=System.IdentityModel.Tokens.Jwt.dll
                       NuGetPackageId=System.IdentityModel.Tokens.Jwt
                       NuGetPackageVersion=8.16.0
                       PathInPackage=lib/net8.0/System.IdentityModel.Tokens.Jwt.dll
               C:\Users\r.maalouf\.nuget\packages\system.memory.data\1.0.2\lib\netstandard2.0\System.Memory.Data.dll
                       AssetType=runtime
                       CopyLocal=true
                       DestinationSubPath=System.Memory.Data.dll
                       NuGetPackageId=System.Memory.Data
                       NuGetPackageVersion=1.0.2
                       PathInPackage=lib/netstandard2.0/System.Memory.Data.dll
               C:\Users\r.maalouf\.nuget\packages\system.runtime.caching\8.0.0\lib\net8.0\System.Runtime.Caching.dll
                       AssetType=runtime
                       CopyLocal=true
                       DestinationSubPath=System.Runtime.Caching.dll
                       NuGetPackageId=System.Runtime.Caching
                       NuGetPackageVersion=8.0.0
                       PathInPackage=lib/net8.0/System.Runtime.Caching.dll
               C:\Users\r.maalouf\.nuget\packages\system.runtime.compilerservices.unsafe\6.0.0\lib\net6.0\System.Runtime.CompilerServices.Unsafe.dll
                       AssetType=runtime
                       CopyLocal=true
                       DestinationSubPath=System.Runtime.CompilerServices.Unsafe.dll
                       NuGetPackageId=System.Runtime.CompilerServices.Unsafe
                       NuGetPackageVersion=6.0.0
                       PathInPackage=lib/net6.0/System.Runtime.CompilerServices.Unsafe.dll
               C:\Users\r.maalouf\.nuget\packages\system.security.cryptography.protecteddata\8.0.0\lib\net8.0\System.Security.Cryptography.ProtectedData.dll
                       AssetType=runtime
                       CopyLocal=true
                       DestinationSubPath=System.Security.Cryptography.ProtectedData.dll
                       NuGetPackageId=System.Security.Cryptography.ProtectedData
                       NuGetPackageVersion=8.0.0
                       PathInPackage=lib/net8.0/System.Security.Cryptography.ProtectedData.dll
               C:\Users\r.maalouf\.nuget\packages\system.text.encodings.web\4.7.2\lib\netstandard2.1\System.Text.Encodings.Web.dll
                       AssetType=runtime
                       CopyLocal=true
                       DestinationSubPath=System.Text.Encodings.Web.dll
                       NuGetPackageId=System.Text.Encodings.Web
                       NuGetPackageVersion=4.7.2
                       PathInPackage=lib/netstandard2.1/System.Text.Encodings.Web.dll
               C:\Users\r.maalouf\.nuget\packages\system.text.json\4.7.2\lib\netcoreapp3.0\System.Text.Json.dll
                       AssetType=runtime
                       CopyLocal=true
                       DestinationSubPath=System.Text.Json.dll
                       NuGetPackageId=System.Text.Json
                       NuGetPackageVersion=4.7.2
                       PathInPackage=lib/netcoreapp3.0/System.Text.Json.dll
       Added Item(s): 
           _ResolvedCopyLocalBuildAssets=
               C:\Users\r.maalouf\.nuget\packages\microsoft.data.sqlclient\5.2.2\lib\net8.0\de\Microsoft.Data.SqlClient.resources.dll
                       AssetType=resources
                       CopyLocal=true
                       Culture=de
                       DestinationSubDirectory=de\
                       DestinationSubPath=de\Microsoft.Data.SqlClient.resources.dll
                       NuGetPackageId=Microsoft.Data.SqlClient
                       NuGetPackageVersion=5.2.2
                       PathInPackage=lib/net8.0/de/Microsoft.Data.SqlClient.resources.dll
               C:\Users\r.maalouf\.nuget\packages\microsoft.data.sqlclient\5.2.2\lib\net8.0\es\Microsoft.Data.SqlClient.resources.dll
                       AssetType=resources
                       CopyLocal=true
                       Culture=es
                       DestinationSubDirectory=es\
                       DestinationSubPath=es\Microsoft.Data.SqlClient.resources.dll
                       NuGetPackageId=Microsoft.Data.SqlClient
                       NuGetPackageVersion=5.2.2
                       PathInPackage=lib/net8.0/es/Microsoft.Data.SqlClient.resources.dll
               C:\Users\r.maalouf\.nuget\packages\microsoft.data.sqlclient\5.2.2\lib\net8.0\fr\Microsoft.Data.SqlClient.resources.dll
                       AssetType=resources
                       CopyLocal=true
                       Culture=fr
                       DestinationSubDirectory=fr\
                       DestinationSubPath=fr\Microsoft.Data.SqlClient.resources.dll
                       NuGetPackageId=Microsoft.Data.SqlClient
                       NuGetPackageVersion=5.2.2
                       PathInPackage=lib/net8.0/fr/Microsoft.Data.SqlClient.resources.dll
               C:\Users\r.maalouf\.nuget\packages\microsoft.data.sqlclient\5.2.2\lib\net8.0\it\Microsoft.Data.SqlClient.resources.dll
                       AssetType=resources
                       CopyLocal=true
                       Culture=it
                       DestinationSubDirectory=it\
                       DestinationSubPath=it\Microsoft.Data.SqlClient.resources.dll
                       NuGetPackageId=Microsoft.Data.SqlClient
                       NuGetPackageVersion=5.2.2
                       PathInPackage=lib/net8.0/it/Microsoft.Data.SqlClient.resources.dll
               C:\Users\r.maalouf\.nuget\packages\microsoft.data.sqlclient\5.2.2\lib\net8.0\ja\Microsoft.Data.SqlClient.resources.dll
                       AssetType=resources
                       CopyLocal=true
                       Culture=ja
                       DestinationSubDirectory=ja\
                       DestinationSubPath=ja\Microsoft.Data.SqlClient.resources.dll
                       NuGetPackageId=Microsoft.Data.SqlClient
                       NuGetPackageVersion=5.2.2
                       PathInPackage=lib/net8.0/ja/Microsoft.Data.SqlClient.resources.dll
               C:\Users\r.maalouf\.nuget\packages\microsoft.data.sqlclient\5.2.2\lib\net8.0\ko\Microsoft.Data.SqlClient.resources.dll
                       AssetType=resources
                       CopyLocal=true
                       Culture=ko
                       DestinationSubDirectory=ko\
                       DestinationSubPath=ko\Microsoft.Data.SqlClient.resources.dll
                       NuGetPackageId=Microsoft.Data.SqlClient
                       NuGetPackageVersion=5.2.2
                       PathInPackage=lib/net8.0/ko/Microsoft.Data.SqlClient.resources.dll
               C:\Users\r.maalouf\.nuget\packages\microsoft.data.sqlclient\5.2.2\lib\net8.0\pt-BR\Microsoft.Data.SqlClient.resources.dll
                       AssetType=resources
                       CopyLocal=true
                       Culture=pt-BR
                       DestinationSubDirectory=pt-BR\
                       DestinationSubPath=pt-BR\Microsoft.Data.SqlClient.resources.dll
                       NuGetPackageId=Microsoft.Data.SqlClient
                       NuGetPackageVersion=5.2.2
                       PathInPackage=lib/net8.0/pt-BR/Microsoft.Data.SqlClient.resources.dll
               C:\Users\r.maalouf\.nuget\packages\microsoft.data.sqlclient\5.2.2\lib\net8.0\ru\Microsoft.Data.SqlClient.resources.dll
                       AssetType=resources
                       CopyLocal=true
                       Culture=ru
                       DestinationSubDirectory=ru\
                       DestinationSubPath=ru\Microsoft.Data.SqlClient.resources.dll
                       NuGetPackageId=Microsoft.Data.SqlClient
                       NuGetPackageVersion=5.2.2
                       PathInPackage=lib/net8.0/ru/Microsoft.Data.SqlClient.resources.dll
               C:\Users\r.maalouf\.nuget\packages\microsoft.data.sqlclient\5.2.2\lib\net8.0\zh-Hans\Microsoft.Data.SqlClient.resources.dll
                       AssetType=resources
                       CopyLocal=true
                       Culture=zh-Hans
                       DestinationSubDirectory=zh-Hans\
                       DestinationSubPath=zh-Hans\Microsoft.Data.SqlClient.resources.dll
                       NuGetPackageId=Microsoft.Data.SqlClient
                       NuGetPackageVersion=5.2.2
                       PathInPackage=lib/net8.0/zh-Hans/Microsoft.Data.SqlClient.resources.dll
               C:\Users\r.maalouf\.nuget\packages\microsoft.data.sqlclient\5.2.2\lib\net8.0\zh-Hant\Microsoft.Data.SqlClient.resources.dll
                       AssetType=resources
                       CopyLocal=true
                       Culture=zh-Hant
                       DestinationSubDirectory=zh-Hant\
                       DestinationSubPath=zh-Hant\Microsoft.Data.SqlClient.resources.dll
                       NuGetPackageId=Microsoft.Data.SqlClient
                       NuGetPackageVersion=5.2.2
                       PathInPackage=lib/net8.0/zh-Hant/Microsoft.Data.SqlClient.resources.dll
       Added Item(s): 
           _ResolvedCopyLocalBuildAssets=
               C:\Users\r.maalouf\.nuget\packages\microsoft.data.sqlclient\5.2.2\runtimes\unix\lib\net8.0\Microsoft.Data.SqlClient.dll
                       AssetType=runtime
                       CopyLocal=true
                       DestinationSubDirectory=runtimes\unix\lib\net8.0\
                       DestinationSubPath=runtimes\unix\lib\net8.0\Microsoft.Data.SqlClient.dll
                       NuGetPackageId=Microsoft.Data.SqlClient
                       NuGetPackageVersion=5.2.2
                       PathInPackage=runtimes/unix/lib/net8.0/Microsoft.Data.SqlClient.dll
                       RuntimeIdentifier=unix
               C:\Users\r.maalouf\.nuget\packages\microsoft.data.sqlclient\5.2.2\runtimes\win\lib\net8.0\Microsoft.Data.SqlClient.dll
                       AssetType=runtime
                       CopyLocal=true
                       DestinationSubDirectory=runtimes\win\lib\net8.0\
                       DestinationSubPath=runtimes\win\lib\net8.0\Microsoft.Data.SqlClient.dll
                       NuGetPackageId=Microsoft.Data.SqlClient
                       NuGetPackageVersion=5.2.2
                       PathInPackage=runtimes/win/lib/net8.0/Microsoft.Data.SqlClient.dll
                       RuntimeIdentifier=win
               C:\Users\r.maalouf\.nuget\packages\microsoft.data.sqlclient.sni.runtime\5.2.0\runtimes\win-arm\native\Microsoft.Data.SqlClient.SNI.dll
                       AssetType=native
                       CopyLocal=true
                       DestinationSubDirectory=runtimes\win-arm\native\
                       DestinationSubPath=runtimes\win-arm\native\Microsoft.Data.SqlClient.SNI.dll
                       NuGetPackageId=Microsoft.Data.SqlClient.SNI.runtime
                       NuGetPackageVersion=5.2.0
                       PathInPackage=runtimes/win-arm/native/Microsoft.Data.SqlClient.SNI.dll
                       RuntimeIdentifier=win-arm
               C:\Users\r.maalouf\.nuget\packages\microsoft.data.sqlclient.sni.runtime\5.2.0\runtimes\win-arm64\native\Microsoft.Data.SqlClient.SNI.dll
                       AssetType=native
                       CopyLocal=true
                       DestinationSubDirectory=runtimes\win-arm64\native\
                       DestinationSubPath=runtimes\win-arm64\native\Microsoft.Data.SqlClient.SNI.dll
                       NuGetPackageId=Microsoft.Data.SqlClient.SNI.runtime
                       NuGetPackageVersion=5.2.0
                       PathInPackage=runtimes/win-arm64/native/Microsoft.Data.SqlClient.SNI.dll
                       RuntimeIdentifier=win-arm64
               C:\Users\r.maalouf\.nuget\packages\microsoft.data.sqlclient.sni.runtime\5.2.0\runtimes\win-x64\native\Microsoft.Data.SqlClient.SNI.dll
                       AssetType=native
                       CopyLocal=true
                       DestinationSubDirectory=runtimes\win-x64\native\
                       DestinationSubPath=runtimes\win-x64\native\Microsoft.Data.SqlClient.SNI.dll
                       NuGetPackageId=Microsoft.Data.SqlClient.SNI.runtime
                       NuGetPackageVersion=5.2.0
                       PathInPackage=runtimes/win-x64/native/Microsoft.Data.SqlClient.SNI.dll
                       RuntimeIdentifier=win-x64
               C:\Users\r.maalouf\.nuget\packages\microsoft.data.sqlclient.sni.runtime\5.2.0\runtimes\win-x86\native\Microsoft.Data.SqlClient.SNI.dll
                       AssetType=native
                       CopyLocal=true
                       DestinationSubDirectory=runtimes\win-x86\native\
                       DestinationSubPath=runtimes\win-x86\native\Microsoft.Data.SqlClient.SNI.dll
                       NuGetPackageId=Microsoft.Data.SqlClient.SNI.runtime
                       NuGetPackageVersion=5.2.0
                       PathInPackage=runtimes/win-x86/native/Microsoft.Data.SqlClient.SNI.dll
                       RuntimeIdentifier=win-x86
               C:\Users\r.maalouf\.nuget\packages\system.diagnostics.eventlog\8.0.0\runtimes\win\lib\net8.0\System.Diagnostics.EventLog.Messages.dll
                       AssetType=runtime
                       CopyLocal=true
                       DestinationSubDirectory=runtimes\win\lib\net8.0\
                       DestinationSubPath=runtimes\win\lib\net8.0\System.Diagnostics.EventLog.Messages.dll
                       NuGetPackageId=System.Diagnostics.EventLog
                       NuGetPackageVersion=8.0.0
                       PathInPackage=runtimes/win/lib/net8.0/System.Diagnostics.EventLog.Messages.dll
                       RuntimeIdentifier=win
               C:\Users\r.maalouf\.nuget\packages\system.diagnostics.eventlog\8.0.0\runtimes\win\lib\net8.0\System.Diagnostics.EventLog.dll
                       AssetType=runtime
                       CopyLocal=true
                       DestinationSubDirectory=runtimes\win\lib\net8.0\
                       DestinationSubPath=runtimes\win\lib\net8.0\System.Diagnostics.EventLog.dll
                       NuGetPackageId=System.Diagnostics.EventLog
                       NuGetPackageVersion=8.0.0
                       PathInPackage=runtimes/win/lib/net8.0/System.Diagnostics.EventLog.dll
                       RuntimeIdentifier=win
               C:\Users\r.maalouf\.nuget\packages\system.runtime.caching\8.0.0\runtimes\win\lib\net8.0\System.Runtime.Caching.dll
                       AssetType=runtime
                       CopyLocal=true
                       DestinationSubDirectory=runtimes\win\lib\net8.0\
                       DestinationSubPath=runtimes\win\lib\net8.0\System.Runtime.Caching.dll
                       NuGetPackageId=System.Runtime.Caching
                       NuGetPackageVersion=8.0.0
                       PathInPackage=runtimes/win/lib/net8.0/System.Runtime.Caching.dll
                       RuntimeIdentifier=win
       Added Item(s): 
           ReferenceCopyLocalPaths=
               C:\Users\r.maalouf\.nuget\packages\azure.core\1.38.0\lib\net6.0\Azure.Core.dll
                       AssetType=runtime
                       CopyLocal=true
                       DestinationSubPath=Azure.Core.dll
                       NuGetPackageId=Azure.Core
                       NuGetPackageVersion=1.38.0
                       PathInPackage=lib/net6.0/Azure.Core.dll
               C:\Users\r.maalouf\.nuget\packages\azure.identity\1.11.4\lib\netstandard2.0\Azure.Identity.dll
                       AssetType=runtime
                       CopyLocal=true
                       DestinationSubPath=Azure.Identity.dll
                       NuGetPackageId=Azure.Identity
                       NuGetPackageVersion=1.11.4
                       PathInPackage=lib/netstandard2.0/Azure.Identity.dll
               C:\Users\r.maalouf\.nuget\packages\bcrypt.net-next\4.1.0\lib\netstandard2.1\BCrypt.Net-Next.dll
                       AssetType=runtime
                       CopyLocal=true
                       DestinationSubPath=BCrypt.Net-Next.dll
                       NuGetPackageId=BCrypt.Net-Next
                       NuGetPackageVersion=4.1.0
                       PathInPackage=lib/netstandard2.1/BCrypt.Net-Next.dll
               C:\Users\r.maalouf\.nuget\packages\dapper\2.1.35\lib\net7.0\Dapper.dll
                       AssetType=runtime
                       CopyLocal=true
                       DestinationSubPath=Dapper.dll
                       NuGetPackageId=Dapper
                       NuGetPackageVersion=2.1.35
                       PathInPackage=lib/net7.0/Dapper.dll
               C:\Users\r.maalouf\.nuget\packages\microsoft.aspnetcore.authentication.jwtbearer\8.0.25\lib\net8.0\Microsoft.AspNetCore.Authentication.JwtBearer.dll
                       AssetType=runtime
                       CopyLocal=true
                       DestinationSubPath=Microsoft.AspNetCore.Authentication.JwtBearer.dll
                       NuGetPackageId=Microsoft.AspNetCore.Authentication.JwtBearer
                       NuGetPackageVersion=8.0.25
                       PathInPackage=lib/net8.0/Microsoft.AspNetCore.Authentication.JwtBearer.dll
               C:\Users\r.maalouf\.nuget\packages\microsoft.bcl.asyncinterfaces\1.1.1\lib\netstandard2.1\Microsoft.Bcl.AsyncInterfaces.dll
                       AssetType=runtime
                       CopyLocal=true
                       DestinationSubPath=Microsoft.Bcl.AsyncInterfaces.dll
                       NuGetPackageId=Microsoft.Bcl.AsyncInterfaces
                       NuGetPackageVersion=1.1.1
                       PathInPackage=lib/netstandard2.1/Microsoft.Bcl.AsyncInterfaces.dll
               C:\Users\r.maalouf\.nuget\packages\microsoft.data.sqlclient\5.2.2\lib\net8.0\Microsoft.Data.SqlClient.dll
                       AssetType=runtime
                       CopyLocal=true
                       DestinationSubPath=Microsoft.Data.SqlClient.dll
                       NuGetPackageId=Microsoft.Data.SqlClient
                       NuGetPackageVersion=5.2.2
                       PathInPackage=lib/net8.0/Microsoft.Data.SqlClient.dll
               C:\Users\r.maalouf\.nuget\packages\microsoft.extensions.dependencyinjection.abstractions\8.0.0\lib\net8.0\Microsoft.Extensions.DependencyInjection.Abstractions.dll
                       AssetType=runtime
                       CopyLocal=true
                       DestinationSubPath=Microsoft.Extensions.DependencyInjection.Abstractions.dll
                       NuGetPackageId=Microsoft.Extensions.DependencyInjection.Abstractions
                       NuGetPackageVersion=8.0.0
                       PathInPackage=lib/net8.0/Microsoft.Extensions.DependencyInjection.Abstractions.dll
               C:\Users\r.maalouf\.nuget\packages\microsoft.extensions.logging.abstractions\8.0.0\lib\net8.0\Microsoft.Extensions.Logging.Abstractions.dll
                       AssetType=runtime
                       CopyLocal=true
                       DestinationSubPath=Microsoft.Extensions.Logging.Abstractions.dll
                       NuGetPackageId=Microsoft.Extensions.Logging.Abstractions
                       NuGetPackageVersion=8.0.0
                       PathInPackage=lib/net8.0/Microsoft.Extensions.Logging.Abstractions.dll
               C:\Users\r.maalouf\.nuget\packages\microsoft.identity.client\4.61.3\lib\net6.0\Microsoft.Identity.Client.dll
                       AssetType=runtime
                       CopyLocal=true
                       DestinationSubPath=Microsoft.Identity.Client.dll
                       NuGetPackageId=Microsoft.Identity.Client
                       NuGetPackageVersion=4.61.3
                       PathInPackage=lib/net6.0/Microsoft.Identity.Client.dll
               C:\Users\r.maalouf\.nuget\packages\microsoft.identity.client.extensions.msal\4.61.3\lib\net6.0\Microsoft.Identity.Client.Extensions.Msal.dll
                       AssetType=runtime
                       CopyLocal=true
                       DestinationSubPath=Microsoft.Identity.Client.Extensions.Msal.dll
                       NuGetPackageId=Microsoft.Identity.Client.Extensions.Msal
                       NuGetPackageVersion=4.61.3
                       PathInPackage=lib/net6.0/Microsoft.Identity.Client.Extensions.Msal.dll
               C:\Users\r.maalouf\.nuget\packages\microsoft.identitymodel.abstractions\8.16.0\lib\net8.0\Microsoft.IdentityModel.Abstractions.dll
                       AssetType=runtime
                       CopyLocal=true
                       DestinationSubPath=Microsoft.IdentityModel.Abstractions.dll
                       NuGetPackageId=Microsoft.IdentityModel.Abstractions
                       NuGetPackageVersion=8.16.0
                       PathInPackage=lib/net8.0/Microsoft.IdentityModel.Abstractions.dll
               C:\Users\r.maalouf\.nuget\packages\microsoft.identitymodel.jsonwebtokens\8.16.0\lib\net8.0\Microsoft.IdentityModel.JsonWebTokens.dll
                       AssetType=runtime
                       CopyLocal=true
                       DestinationSubPath=Microsoft.IdentityModel.JsonWebTokens.dll
                       NuGetPackageId=Microsoft.IdentityModel.JsonWebTokens
                       NuGetPackageVersion=8.16.0
                       PathInPackage=lib/net8.0/Microsoft.IdentityModel.JsonWebTokens.dll
               C:\Users\r.maalouf\.nuget\packages\microsoft.identitymodel.logging\8.16.0\lib\net8.0\Microsoft.IdentityModel.Logging.dll
                       AssetType=runtime
                       CopyLocal=true
                       DestinationSubPath=Microsoft.IdentityModel.Logging.dll
                       NuGetPackageId=Microsoft.IdentityModel.Logging
                       NuGetPackageVersion=8.16.0
                       PathInPackage=lib/net8.0/Microsoft.IdentityModel.Logging.dll
               C:\Users\r.maalouf\.nuget\packages\microsoft.identitymodel.protocols\7.1.2\lib\net8.0\Microsoft.IdentityModel.Protocols.dll
                       AssetType=runtime
                       CopyLocal=true
                       DestinationSubPath=Microsoft.IdentityModel.Protocols.dll
                       NuGetPackageId=Microsoft.IdentityModel.Protocols
                       NuGetPackageVersion=7.1.2
                       PathInPackage=lib/net8.0/Microsoft.IdentityModel.Protocols.dll
               C:\Users\r.maalouf\.nuget\packages\microsoft.identitymodel.protocols.openidconnect\7.1.2\lib\net8.0\Microsoft.IdentityModel.Protocols.OpenIdConnect.dll
                       AssetType=runtime
                       CopyLocal=true
                       DestinationSubPath=Microsoft.IdentityModel.Protocols.OpenIdConnect.dll
                       NuGetPackageId=Microsoft.IdentityModel.Protocols.OpenIdConnect
                       NuGetPackageVersion=7.1.2
                       PathInPackage=lib/net8.0/Microsoft.IdentityModel.Protocols.OpenIdConnect.dll
               C:\Users\r.maalouf\.nuget\packages\microsoft.identitymodel.tokens\8.16.0\lib\net8.0\Microsoft.IdentityModel.Tokens.dll
                       AssetType=runtime
                       CopyLocal=true
                       DestinationSubPath=Microsoft.IdentityModel.Tokens.dll
                       NuGetPackageId=Microsoft.IdentityModel.Tokens
                       NuGetPackageVersion=8.16.0
                       PathInPackage=lib/net8.0/Microsoft.IdentityModel.Tokens.dll
               C:\Users\r.maalouf\.nuget\packages\microsoft.sqlserver.server\1.0.0\lib\netstandard2.0\Microsoft.SqlServer.Server.dll
                       AssetType=runtime
                       CopyLocal=true
                       DestinationSubPath=Microsoft.SqlServer.Server.dll
                       NuGetPackageId=Microsoft.SqlServer.Server
                       NuGetPackageVersion=1.0.0
                       PathInPackage=lib/netstandard2.0/Microsoft.SqlServer.Server.dll
               C:\Users\r.maalouf\.nuget\packages\system.clientmodel\1.0.0\lib\net6.0\System.ClientModel.dll
                       AssetType=runtime
                       CopyLocal=true
                       DestinationSubPath=System.ClientModel.dll
                       NuGetPackageId=System.ClientModel
                       NuGetPackageVersion=1.0.0
                       PathInPackage=lib/net6.0/System.ClientModel.dll
               C:\Users\r.maalouf\.nuget\packages\system.configuration.configurationmanager\8.0.0\lib\net8.0\System.Configuration.ConfigurationManager.dll
                       AssetType=runtime
                       CopyLocal=true
                       DestinationSubPath=System.Configuration.ConfigurationManager.dll
                       NuGetPackageId=System.Configuration.ConfigurationManager
                       NuGetPackageVersion=8.0.0
                       PathInPackage=lib/net8.0/System.Configuration.ConfigurationManager.dll
               C:\Users\r.maalouf\.nuget\packages\system.diagnostics.diagnosticsource\6.0.1\lib\net6.0\System.Diagnostics.DiagnosticSource.dll
                       AssetType=runtime
                       CopyLocal=true
                       DestinationSubPath=System.Diagnostics.DiagnosticSource.dll
                       NuGetPackageId=System.Diagnostics.DiagnosticSource
                       NuGetPackageVersion=6.0.1
                       PathInPackage=lib/net6.0/System.Diagnostics.DiagnosticSource.dll
               C:\Users\r.maalouf\.nuget\packages\system.diagnostics.eventlog\8.0.0\lib\net8.0\System.Diagnostics.EventLog.dll
                       AssetType=runtime
                       CopyLocal=true
                       DestinationSubPath=System.Diagnostics.EventLog.dll
                       NuGetPackageId=System.Diagnostics.EventLog
                       NuGetPackageVersion=8.0.0
                       PathInPackage=lib/net8.0/System.Diagnostics.EventLog.dll
               C:\Users\r.maalouf\.nuget\packages\system.identitymodel.tokens.jwt\8.16.0\lib\net8.0\System.IdentityModel.Tokens.Jwt.dll
                       AssetType=runtime
                       CopyLocal=true
                       DestinationSubPath=System.IdentityModel.Tokens.Jwt.dll
                       NuGetPackageId=System.IdentityModel.Tokens.Jwt
                       NuGetPackageVersion=8.16.0
                       PathInPackage=lib/net8.0/System.IdentityModel.Tokens.Jwt.dll
               C:\Users\r.maalouf\.nuget\packages\system.memory.data\1.0.2\lib\netstandard2.0\System.Memory.Data.dll
                       AssetType=runtime
                       CopyLocal=true
                       DestinationSubPath=System.Memory.Data.dll
                       NuGetPackageId=System.Memory.Data
                       NuGetPackageVersion=1.0.2
                       PathInPackage=lib/netstandard2.0/System.Memory.Data.dll
               C:\Users\r.maalouf\.nuget\packages\system.runtime.caching\8.0.0\lib\net8.0\System.Runtime.Caching.dll
                       AssetType=runtime
                       CopyLocal=true
                       DestinationSubPath=System.Runtime.Caching.dll
                       NuGetPackageId=System.Runtime.Caching
                       NuGetPackageVersion=8.0.0
                       PathInPackage=lib/net8.0/System.Runtime.Caching.dll
               C:\Users\r.maalouf\.nuget\packages\system.runtime.compilerservices.unsafe\6.0.0\lib\net6.0\System.Runtime.CompilerServices.Unsafe.dll
                       AssetType=runtime
                       CopyLocal=true
                       DestinationSubPath=System.Runtime.CompilerServices.Unsafe.dll
                       NuGetPackageId=System.Runtime.CompilerServices.Unsafe
                       NuGetPackageVersion=6.0.0
                       PathInPackage=lib/net6.0/System.Runtime.CompilerServices.Unsafe.dll
               C:\Users\r.maalouf\.nuget\packages\system.security.cryptography.protecteddata\8.0.0\lib\net8.0\System.Security.Cryptography.ProtectedData.dll
                       AssetType=runtime
                       CopyLocal=true
                       DestinationSubPath=System.Security.Cryptography.ProtectedData.dll
                       NuGetPackageId=System.Security.Cryptography.ProtectedData
                       NuGetPackageVersion=8.0.0
                       PathInPackage=lib/net8.0/System.Security.Cryptography.ProtectedData.dll
               C:\Users\r.maalouf\.nuget\packages\system.text.encodings.web\4.7.2\lib\netstandard2.1\System.Text.Encodings.Web.dll
                       AssetType=runtime
                       CopyLocal=true
                       DestinationSubPath=System.Text.Encodings.Web.dll
                       NuGetPackageId=System.Text.Encodings.Web
                       NuGetPackageVersion=4.7.2
                       PathInPackage=lib/netstandard2.1/System.Text.Encodings.Web.dll
               C:\Users\r.maalouf\.nuget\packages\system.text.json\4.7.2\lib\netcoreapp3.0\System.Text.Json.dll
                       AssetType=runtime
                       CopyLocal=true
                       DestinationSubPath=System.Text.Json.dll
                       NuGetPackageId=System.Text.Json
                       NuGetPackageVersion=4.7.2
                       PathInPackage=lib/netcoreapp3.0/System.Text.Json.dll
               C:\Users\r.maalouf\.nuget\packages\microsoft.data.sqlclient\5.2.2\lib\net8.0\de\Microsoft.Data.SqlClient.resources.dll
                       AssetType=resources
                       CopyLocal=true
                       Culture=de
                       DestinationSubDirectory=de\
                       DestinationSubPath=de\Microsoft.Data.SqlClient.resources.dll
                       NuGetPackageId=Microsoft.Data.SqlClient
                       NuGetPackageVersion=5.2.2
                       PathInPackage=lib/net8.0/de/Microsoft.Data.SqlClient.resources.dll
               C:\Users\r.maalouf\.nuget\packages\microsoft.data.sqlclient\5.2.2\lib\net8.0\es\Microsoft.Data.SqlClient.resources.dll
                       AssetType=resources
                       CopyLocal=true
                       Culture=es
                       DestinationSubDirectory=es\
                       DestinationSubPath=es\Microsoft.Data.SqlClient.resources.dll
                       NuGetPackageId=Microsoft.Data.SqlClient
                       NuGetPackageVersion=5.2.2
                       PathInPackage=lib/net8.0/es/Microsoft.Data.SqlClient.resources.dll
               C:\Users\r.maalouf\.nuget\packages\microsoft.data.sqlclient\5.2.2\lib\net8.0\fr\Microsoft.Data.SqlClient.resources.dll
                       AssetType=resources
                       CopyLocal=true
                       Culture=fr
                       DestinationSubDirectory=fr\
                       DestinationSubPath=fr\Microsoft.Data.SqlClient.resources.dll
                       NuGetPackageId=Microsoft.Data.SqlClient
                       NuGetPackageVersion=5.2.2
                       PathInPackage=lib/net8.0/fr/Microsoft.Data.SqlClient.resources.dll
               C:\Users\r.maalouf\.nuget\packages\microsoft.data.sqlclient\5.2.2\lib\net8.0\it\Microsoft.Data.SqlClient.resources.dll
                       AssetType=resources
                       CopyLocal=true
                       Culture=it
                       DestinationSubDirectory=it\
                       DestinationSubPath=it\Microsoft.Data.SqlClient.resources.dll
                       NuGetPackageId=Microsoft.Data.SqlClient
                       NuGetPackageVersion=5.2.2
                       PathInPackage=lib/net8.0/it/Microsoft.Data.SqlClient.resources.dll
               C:\Users\r.maalouf\.nuget\packages\microsoft.data.sqlclient\5.2.2\lib\net8.0\ja\Microsoft.Data.SqlClient.resources.dll
                       AssetType=resources
                       CopyLocal=true
                       Culture=ja
                       DestinationSubDirectory=ja\
                       DestinationSubPath=ja\Microsoft.Data.SqlClient.resources.dll
                       NuGetPackageId=Microsoft.Data.SqlClient
                       NuGetPackageVersion=5.2.2
                       PathInPackage=lib/net8.0/ja/Microsoft.Data.SqlClient.resources.dll
               C:\Users\r.maalouf\.nuget\packages\microsoft.data.sqlclient\5.2.2\lib\net8.0\ko\Microsoft.Data.SqlClient.resources.dll
                       AssetType=resources
                       CopyLocal=true
                       Culture=ko
                       DestinationSubDirectory=ko\
                       DestinationSubPath=ko\Microsoft.Data.SqlClient.resources.dll
                       NuGetPackageId=Microsoft.Data.SqlClient
                       NuGetPackageVersion=5.2.2
                       PathInPackage=lib/net8.0/ko/Microsoft.Data.SqlClient.resources.dll
               C:\Users\r.maalouf\.nuget\packages\microsoft.data.sqlclient\5.2.2\lib\net8.0\pt-BR\Microsoft.Data.SqlClient.resources.dll
                       AssetType=resources
                       CopyLocal=true
                       Culture=pt-BR
                       DestinationSubDirectory=pt-BR\
                       DestinationSubPath=pt-BR\Microsoft.Data.SqlClient.resources.dll
                       NuGetPackageId=Microsoft.Data.SqlClient
                       NuGetPackageVersion=5.2.2
                       PathInPackage=lib/net8.0/pt-BR/Microsoft.Data.SqlClient.resources.dll
               C:\Users\r.maalouf\.nuget\packages\microsoft.data.sqlclient\5.2.2\lib\net8.0\ru\Microsoft.Data.SqlClient.resources.dll
                       AssetType=resources
                       CopyLocal=true
                       Culture=ru
                       DestinationSubDirectory=ru\
                       DestinationSubPath=ru\Microsoft.Data.SqlClient.resources.dll
                       NuGetPackageId=Microsoft.Data.SqlClient
                       NuGetPackageVersion=5.2.2
                       PathInPackage=lib/net8.0/ru/Microsoft.Data.SqlClient.resources.dll
               C:\Users\r.maalouf\.nuget\packages\microsoft.data.sqlclient\5.2.2\lib\net8.0\zh-Hans\Microsoft.Data.SqlClient.resources.dll
                       AssetType=resources
                       CopyLocal=true
                       Culture=zh-Hans
                       DestinationSubDirectory=zh-Hans\
                       DestinationSubPath=zh-Hans\Microsoft.Data.SqlClient.resources.dll
                       NuGetPackageId=Microsoft.Data.SqlClient
                       NuGetPackageVersion=5.2.2
                       PathInPackage=lib/net8.0/zh-Hans/Microsoft.Data.SqlClient.resources.dll
               C:\Users\r.maalouf\.nuget\packages\microsoft.data.sqlclient\5.2.2\lib\net8.0\zh-Hant\Microsoft.Data.SqlClient.resources.dll
                       AssetType=resources
                       CopyLocal=true
                       Culture=zh-Hant
                       DestinationSubDirectory=zh-Hant\
                       DestinationSubPath=zh-Hant\Microsoft.Data.SqlClient.resources.dll
                       NuGetPackageId=Microsoft.Data.SqlClient
                       NuGetPackageVersion=5.2.2
                       PathInPackage=lib/net8.0/zh-Hant/Microsoft.Data.SqlClient.resources.dll
               C:\Users\r.maalouf\.nuget\packages\microsoft.data.sqlclient\5.2.2\runtimes\unix\lib\net8.0\Microsoft.Data.SqlClient.dll
                       AssetType=runtime
                       CopyLocal=true
                       DestinationSubDirectory=runtimes\unix\lib\net8.0\
                       DestinationSubPath=runtimes\unix\lib\net8.0\Microsoft.Data.SqlClient.dll
                       NuGetPackageId=Microsoft.Data.SqlClient
                       NuGetPackageVersion=5.2.2
                       PathInPackage=runtimes/unix/lib/net8.0/Microsoft.Data.SqlClient.dll
                       RuntimeIdentifier=unix
               C:\Users\r.maalouf\.nuget\packages\microsoft.data.sqlclient\5.2.2\runtimes\win\lib\net8.0\Microsoft.Data.SqlClient.dll
                       AssetType=runtime
                       CopyLocal=true
                       DestinationSubDirectory=runtimes\win\lib\net8.0\
                       DestinationSubPath=runtimes\win\lib\net8.0\Microsoft.Data.SqlClient.dll
                       NuGetPackageId=Microsoft.Data.SqlClient
                       NuGetPackageVersion=5.2.2
                       PathInPackage=runtimes/win/lib/net8.0/Microsoft.Data.SqlClient.dll
                       RuntimeIdentifier=win
               C:\Users\r.maalouf\.nuget\packages\microsoft.data.sqlclient.sni.runtime\5.2.0\runtimes\win-arm\native\Microsoft.Data.SqlClient.SNI.dll
                       AssetType=native
                       CopyLocal=true
                       DestinationSubDirectory=runtimes\win-arm\native\
                       DestinationSubPath=runtimes\win-arm\native\Microsoft.Data.SqlClient.SNI.dll
                       NuGetPackageId=Microsoft.Data.SqlClient.SNI.runtime
                       NuGetPackageVersion=5.2.0
                       PathInPackage=runtimes/win-arm/native/Microsoft.Data.SqlClient.SNI.dll
                       RuntimeIdentifier=win-arm
               C:\Users\r.maalouf\.nuget\packages\microsoft.data.sqlclient.sni.runtime\5.2.0\runtimes\win-arm64\native\Microsoft.Data.SqlClient.SNI.dll
                       AssetType=native
                       CopyLocal=true
                       DestinationSubDirectory=runtimes\win-arm64\native\
                       DestinationSubPath=runtimes\win-arm64\native\Microsoft.Data.SqlClient.SNI.dll
                       NuGetPackageId=Microsoft.Data.SqlClient.SNI.runtime
                       NuGetPackageVersion=5.2.0
                       PathInPackage=runtimes/win-arm64/native/Microsoft.Data.SqlClient.SNI.dll
                       RuntimeIdentifier=win-arm64
               C:\Users\r.maalouf\.nuget\packages\microsoft.data.sqlclient.sni.runtime\5.2.0\runtimes\win-x64\native\Microsoft.Data.SqlClient.SNI.dll
                       AssetType=native
                       CopyLocal=true
                       DestinationSubDirectory=runtimes\win-x64\native\
                       DestinationSubPath=runtimes\win-x64\native\Microsoft.Data.SqlClient.SNI.dll
                       NuGetPackageId=Microsoft.Data.SqlClient.SNI.runtime
                       NuGetPackageVersion=5.2.0
                       PathInPackage=runtimes/win-x64/native/Microsoft.Data.SqlClient.SNI.dll
                       RuntimeIdentifier=win-x64
               C:\Users\r.maalouf\.nuget\packages\microsoft.data.sqlclient.sni.runtime\5.2.0\runtimes\win-x86\native\Microsoft.Data.SqlClient.SNI.dll
                       AssetType=native
                       CopyLocal=true
                       DestinationSubDirectory=runtimes\win-x86\native\
                       DestinationSubPath=runtimes\win-x86\native\Microsoft.Data.SqlClient.SNI.dll
                       NuGetPackageId=Microsoft.Data.SqlClient.SNI.runtime
                       NuGetPackageVersion=5.2.0
                       PathInPackage=runtimes/win-x86/native/Microsoft.Data.SqlClient.SNI.dll
                       RuntimeIdentifier=win-x86
               C:\Users\r.maalouf\.nuget\packages\system.diagnostics.eventlog\8.0.0\runtimes\win\lib\net8.0\System.Diagnostics.EventLog.Messages.dll
                       AssetType=runtime
                       CopyLocal=true
                       DestinationSubDirectory=runtimes\win\lib\net8.0\
                       DestinationSubPath=runtimes\win\lib\net8.0\System.Diagnostics.EventLog.Messages.dll
                       NuGetPackageId=System.Diagnostics.EventLog
                       NuGetPackageVersion=8.0.0
                       PathInPackage=runtimes/win/lib/net8.0/System.Diagnostics.EventLog.Messages.dll
                       RuntimeIdentifier=win
               C:\Users\r.maalouf\.nuget\packages\system.diagnostics.eventlog\8.0.0\runtimes\win\lib\net8.0\System.Diagnostics.EventLog.dll
                       AssetType=runtime
                       CopyLocal=true
                       DestinationSubDirectory=runtimes\win\lib\net8.0\
                       DestinationSubPath=runtimes\win\lib\net8.0\System.Diagnostics.EventLog.dll
                       NuGetPackageId=System.Diagnostics.EventLog
                       NuGetPackageVersion=8.0.0
                       PathInPackage=runtimes/win/lib/net8.0/System.Diagnostics.EventLog.dll
                       RuntimeIdentifier=win
               C:\Users\r.maalouf\.nuget\packages\system.runtime.caching\8.0.0\runtimes\win\lib\net8.0\System.Runtime.Caching.dll
                       AssetType=runtime
                       CopyLocal=true
                       DestinationSubDirectory=runtimes\win\lib\net8.0\
                       DestinationSubPath=runtimes\win\lib\net8.0\System.Runtime.Caching.dll
                       NuGetPackageId=System.Runtime.Caching
                       NuGetPackageVersion=8.0.0
                       PathInPackage=runtimes/win/lib/net8.0/System.Runtime.Caching.dll
                       RuntimeIdentifier=win
     1>Done building target "ResolveLockFileCopyLocalFiles" in project "SpareParts.Api.csproj".
       Target "ResolveRuntimePackAssets" skipped, due to false condition; ('@(RuntimePack)' != '') was evaluated as ('' != '').
       Target "RunProduceContentAssets" skipped, due to false condition; ('@(_ContentFilesToPreprocess)' != '' and '$(_CleaningWithoutRebuilding)' != 'true') was evaluated as ('' != '' and '' != 'true').
       Target "ResolvePackageAssets" skipped. Previously built successfully.
     1>Target "IncludeTransitiveProjectReferences" in file "C:\Program Files\dotnet\sdk\9.0.304\Sdks\Microsoft.NET.Sdk\targets\Microsoft.PackageDependencyResolution.targets" from project "D:\Ralph\SpareParts\src\SpareParts.Api\SpareParts.Api.csproj" (target "ResolvePackageDependenciesForBuild" depends on it):
     1>Done building target "IncludeTransitiveProjectReferences" in project "SpareParts.Api.csproj".
     1>Target "ResolvePackageDependenciesForBuild" in file "C:\Program Files\dotnet\sdk\9.0.304\Sdks\Microsoft.NET.Sdk\targets\Microsoft.PackageDependencyResolution.targets" from project "D:\Ralph\SpareParts\src\SpareParts.Api\SpareParts.Api.csproj" (target "AssignProjectConfiguration" depends on it):
     1>Done building target "ResolvePackageDependenciesForBuild" in project "SpareParts.Api.csproj".
       Target "_Microsoft_Extensions_Logging_AbstractionsAnalyzerMultiTargeting" skipped, due to false condition; ('$(SupportsRoslynComponentVersioning)' != 'true') was evaluated as ('true' != 'true').
       Target "_Microsoft_Extensions_Logging_AbstractionsRemoveAnalyzers" skipped, due to false condition; ('$(DisableMicrosoftExtensionsLoggingSourceGenerator)' == 'true') was evaluated as ('' == 'true').
     1>Target "AssignProjectConfiguration" in file "C:\Program Files\dotnet\sdk\9.0.304\Microsoft.Common.CurrentVersion.targets" from project "D:\Ralph\SpareParts\src\SpareParts.Api\SpareParts.Api.csproj" (target "ResolveReferences" depends on it):
       Set Property: OnlyReferenceAndBuildProjectsEnabledInSolutionConfiguration=true
       Set Property: ShouldUnsetParentConfigurationAndPlatform=false
       Set Property: AddSyntheticProjectReferencesForSolutionDependencies=true
       Using "AssignProjectConfiguration" task from assembly "Microsoft.Build.Tasks.Core, Version=15.1.0.0, Culture=neutral, PublicKeyToken=b03f5f7f11d50a3a".
       Task "AssignProjectConfiguration"
         Task Parameter:AddSyntheticProjectReferencesForSolutionDependencies=True
         Task Parameter:OnlyReferenceAndBuildProjectsEnabledInSolutionConfiguration=True
         Task Parameter:CurrentProjectPlatform=AnyCPU
         Task Parameter:
             ProjectReferences=
                 ..\SpareParts.Infrastructure.Interfaces\SpareParts.Infrastructure.Interfaces.csproj
                         GlobalPropertiesToRemove=;WebPublishProfileFile
                         OutputItemType=
                         ReferenceSourceTarget=ProjectReference
                         Targets=
                 ..\SpareParts.Domain\SpareParts.Domain.csproj
                         GlobalPropertiesToRemove=;WebPublishProfileFile
                         OutputItemType=
                         ReferenceSourceTarget=ProjectReference
                         Targets=
                 ..\SpareParts.Infrastructure\SpareParts.Infrastructure.csproj
                         GlobalPropertiesToRemove=;WebPublishProfileFile
                         OutputItemType=
                         ReferenceSourceTarget=ProjectReference
                         Targets=
         Task Parameter:CurrentProject=D:\Ralph\SpareParts\src\SpareParts.Api\SpareParts.Api.csproj
         Task Parameter:OutputType=Exe
         Task Parameter:ShouldUnsetParentConfigurationAndPlatform=False
         Task Parameter:CurrentProjectConfiguration=Debug
         Task Parameter:ResolveConfigurationPlatformUsingMappings=False
         Project reference "..\SpareParts.Infrastructure.Interfaces\SpareParts.Infrastructure.Interfaces.csproj" has not been resolved.
         Project reference "..\SpareParts.Domain\SpareParts.Domain.csproj" has not been resolved.
         Project reference "..\SpareParts.Infrastructure\SpareParts.Infrastructure.csproj" has not been resolved.
         Output Item(s): 
             _ProjectReferenceWithConfiguration=
                 ..\SpareParts.Infrastructure.Interfaces\SpareParts.Infrastructure.Interfaces.csproj
                         GlobalPropertiesToRemove=;WebPublishProfileFile
                         OutputItemType=
                         ReferenceSourceTarget=ProjectReference
                         Targets=
                 ..\SpareParts.Domain\SpareParts.Domain.csproj
                         GlobalPropertiesToRemove=;WebPublishProfileFile
                         OutputItemType=
                         ReferenceSourceTarget=ProjectReference
                         Targets=
                 ..\SpareParts.Infrastructure\SpareParts.Infrastructure.csproj
                         GlobalPropertiesToRemove=;WebPublishProfileFile
                         OutputItemType=
                         ReferenceSourceTarget=ProjectReference
                         Targets=
         Output Item(s): 
             ProjectReferenceWithConfiguration=
                 ..\SpareParts.Infrastructure.Interfaces\SpareParts.Infrastructure.Interfaces.csproj
                         GlobalPropertiesToRemove=;WebPublishProfileFile
                         OutputItemType=
                         ReferenceSourceTarget=ProjectReference
                         Targets=
                 ..\SpareParts.Domain\SpareParts.Domain.csproj
                         GlobalPropertiesToRemove=;WebPublishProfileFile
                         OutputItemType=
                         ReferenceSourceTarget=ProjectReference
                         Targets=
                 ..\SpareParts.Infrastructure\SpareParts.Infrastructure.csproj
                         GlobalPropertiesToRemove=;WebPublishProfileFile
                         OutputItemType=
                         ReferenceSourceTarget=ProjectReference
                         Targets=
       Done executing task "AssignProjectConfiguration".
     1>Done building target "AssignProjectConfiguration" in project "SpareParts.Api.csproj".
       Target "AssignProjectConfiguration" skipped. Previously built successfully.
     1>Target "_SplitProjectReferencesByFileExistence" in file "C:\Program Files\dotnet\sdk\9.0.304\Microsoft.Common.CurrentVersion.targets" from project "D:\Ralph\SpareParts\src\SpareParts.Api\SpareParts.Api.csproj" (target "PrepareProjectReferences" depends on it):
       Task "ResolveNonMSBuildProjectOutput" skipped, due to false condition; ('$(BuildingInsideVisualStudio)'=='true' and '@(ProjectReferenceWithConfiguration)'!='') was evaluated as (''=='true' and '..\SpareParts.Infrastructure.Interfaces\SpareParts.Infrastructure.Interfaces.csproj;..\SpareParts.Domain\SpareParts.Domain.csproj;..\SpareParts.Infrastructure\SpareParts.Infrastructure.csproj'!='').
       Added Item(s): 
           _MSBuildProjectReference=
               ..\SpareParts.Infrastructure.Interfaces\SpareParts.Infrastructure.Interfaces.csproj
                       BuildReference=true
                       GlobalPropertiesToRemove=;WebPublishProfileFile
                       OutputItemType=
                       ReferenceOutputAssembly=true
                       ReferenceSourceTarget=ProjectReference
                       Targets=
               ..\SpareParts.Domain\SpareParts.Domain.csproj
                       BuildReference=true
                       GlobalPropertiesToRemove=;WebPublishProfileFile
                       OutputItemType=
                       ReferenceOutputAssembly=true
                       ReferenceSourceTarget=ProjectReference
                       Targets=
               ..\SpareParts.Infrastructure\SpareParts.Infrastructure.csproj
                       BuildReference=true
                       GlobalPropertiesToRemove=;WebPublishProfileFile
                       OutputItemType=
                       ReferenceOutputAssembly=true
                       ReferenceSourceTarget=ProjectReference
                       Targets=
       Added Item(s): 
           _MSBuildProjectReferenceExistent=
               ..\SpareParts.Infrastructure.Interfaces\SpareParts.Infrastructure.Interfaces.csproj
                       BuildReference=true
                       GlobalPropertiesToRemove=;WebPublishProfileFile
                       OutputItemType=
                       ReferenceOutputAssembly=true
                       ReferenceSourceTarget=ProjectReference
                       Targets=
       Added Item(s): 
           _MSBuildProjectReferenceExistent=
               ..\SpareParts.Domain\SpareParts.Domain.csproj
                       BuildReference=true
                       GlobalPropertiesToRemove=;WebPublishProfileFile
                       OutputItemType=
                       ReferenceOutputAssembly=true
                       ReferenceSourceTarget=ProjectReference
                       Targets=
       Added Item(s): 
           _MSBuildProjectReferenceExistent=
               ..\SpareParts.Infrastructure\SpareParts.Infrastructure.csproj
                       BuildReference=true
                       GlobalPropertiesToRemove=;WebPublishProfileFile
                       OutputItemType=
                       ReferenceOutputAssembly=true
                       ReferenceSourceTarget=ProjectReference
                       Targets=
     1>Done building target "_SplitProjectReferencesByFileExistence" in project "SpareParts.Api.csproj".
     1>Target "_AddOutputPathToGlobalPropertiesToRemove" in file "C:\Program Files\dotnet\sdk\9.0.304\Microsoft.Common.CurrentVersion.targets" from project "D:\Ralph\SpareParts\src\SpareParts.Api\SpareParts.Api.csproj" (target "_GetProjectReferenceTargetFrameworkProperties" depends on it):
     1>Done building target "_AddOutputPathToGlobalPropertiesToRemove" in project "SpareParts.Api.csproj".
     1>Target "_GetProjectReferenceTargetFrameworkProperties" in file "C:\Program Files\dotnet\sdk\9.0.304\Microsoft.Common.CurrentVersion.targets" from project "D:\Ralph\SpareParts\src\SpareParts.Api\SpareParts.Api.csproj" (target "PrepareProjectReferences" depends on it):
       Set Property: ReferringTargetFrameworkForProjectReferences=.NETCoreApp,Version=v8.0
       Using "MSBuild" task from assembly "Microsoft.Build.Tasks.Core, Version=15.1.0.0, Culture=neutral, PublicKeyToken=b03f5f7f11d50a3a".
       Task "MSBuild"
         Task Parameter:SkipNonexistentTargets=True
         Task Parameter:RemoveProperties=;WebPublishProfileFile;TargetFramework;RuntimeIdentifier;SelfContained;
         Task Parameter:BuildInParallel=True
         Task Parameter:
             Projects=
                 ..\SpareParts.Infrastructure.Interfaces\SpareParts.Infrastructure.Interfaces.csproj
                         BuildReference=true
                         GlobalPropertiesToRemove=;WebPublishProfileFile
                         OutputItemType=
                         ReferenceOutputAssembly=true
                         ReferenceSourceTarget=ProjectReference
                         Targets=
                 ..\SpareParts.Domain\SpareParts.Domain.csproj
                         BuildReference=true
                         GlobalPropertiesToRemove=;WebPublishProfileFile
                         OutputItemType=
                         ReferenceOutputAssembly=true
                         ReferenceSourceTarget=ProjectReference
                         Targets=
                 ..\SpareParts.Infrastructure\SpareParts.Infrastructure.csproj
                         BuildReference=true
                         GlobalPropertiesToRemove=;WebPublishProfileFile
                         OutputItemType=
                         ReferenceOutputAssembly=true
                         ReferenceSourceTarget=ProjectReference
                         Targets=
         Task Parameter:Targets=GetTargetFrameworks
         Removing Properties:
           WebPublishProfileFile
           TargetFramework
           RuntimeIdentifier
           SelfContained
     0>C:\Program Files\dotnet\sdk\9.0.304\Sdks\Microsoft.NET.Sdk\Sdk\Sdk.props(49,11): message : Property 'MSBuildExtensionsPath' with value 'C:\Program Files\dotnet\sdk\9.0.304\' expanded from the environment.
       C:\Program Files\dotnet\sdk\9.0.304\Current\Microsoft.Common.props(60,5): message : Property reassignment: $(MSBuildProjectExtensionsPath)="D:\Ralph\SpareParts\src\SpareParts.Infrastructure.Interfaces\obj\" (previous value: "obj\") at C:\Program Files\dotnet\sdk\9.0.304\Current\Microsoft.Common.props (60,5)
       D:\Ralph\SpareParts\src\SpareParts.Infrastructure.Interfaces\obj\SpareParts.Infrastructure.Interfaces.csproj.nuget.g.props(7,5): message : Property 'USERPROFILE' with value 'C:\Users\r.maalouf' expanded from the environment.
       C:\Program Files\dotnet\sdk\9.0.304\Current\Microsoft.Common.props(84,119): message : Property 'MSBuildUserExtensionsPath' with value 'C:\Users\r.maalouf\AppData\Local\Microsoft\MSBuild' expanded from the environment.
       C:\Program Files\dotnet\sdk\9.0.304\Sdks\Microsoft.NET.Sdk\targets\Microsoft.NET.Sdk.props(90,5): message : Property reassignment: $(AssemblySearchPaths)="{CandidateAssemblyFiles};{HintPathFromItem}" (previous value: "{CandidateAssemblyFiles}") at C:\Program Files\dotnet\sdk\9.0.304\Sdks\Microsoft.NET.Sdk\targets\Microsoft.NET.Sdk.props (90,5)
       C:\Program Files\dotnet\sdk\9.0.304\Sdks\Microsoft.NET.Sdk\targets\Microsoft.NET.Sdk.props(91,5): message : Property reassignment: $(AssemblySearchPaths)="{CandidateAssemblyFiles};{HintPathFromItem};{TargetFrameworkDirectory}" (previous value: "{CandidateAssemblyFiles};{HintPathFromItem}") at C:\Program Files\dotnet\sdk\9.0.304\Sdks\Microsoft.NET.Sdk\targets\Microsoft.NET.Sdk.props (91,5)
       C:\Program Files\dotnet\sdk\9.0.304\Sdks\Microsoft.NET.Sdk\targets\Microsoft.NET.Sdk.props(92,5): message : Property reassignment: $(AssemblySearchPaths)="{CandidateAssemblyFiles};{HintPathFromItem};{TargetFrameworkDirectory};{RawFileName}" (previous value: "{CandidateAssemblyFiles};{HintPathFromItem};{TargetFrameworkDirectory}") at C:\Program Files\dotnet\sdk\9.0.304\Sdks\Microsoft.NET.Sdk\targets\Microsoft.NET.Sdk.props (92,5)
       C:\Program Files\dotnet\sdk\9.0.304\Sdks\Microsoft.NET.Sdk\targets\Microsoft.NET.PackProjectTool.props(15,5): message : Property reassignment: $(TargetsForTfmSpecificContentInPackage)=";PackTool;_PackProjectToolValidation" (previous value: ";PackTool") at C:\Program Files\dotnet\sdk\9.0.304\Sdks\Microsoft.NET.Sdk\targets\Microsoft.NET.PackProjectTool.props (15,5)
       C:\Program Files\dotnet\sdk\9.0.304\Sdks\Microsoft.NET.Sdk\targets\Microsoft.NET.Sdk.ImportPublishProfile.targets(28,5): message : Property reassignment: $(PublishProfileImported)="false" (previous value: "true") at C:\Program Files\dotnet\sdk\9.0.304\Sdks\Microsoft.NET.Sdk\targets\Microsoft.NET.Sdk.ImportPublishProfile.targets (28,5)
       C:\Program Files\dotnet\sdk\9.0.304\Sdks\Microsoft.NET.Sdk\targets\Microsoft.NET.TargetFrameworkInference.targets(69,5): message : Property reassignment: $(TargetPlatformVersion)="" (previous value: "0.0") at C:\Program Files\dotnet\sdk\9.0.304\Sdks\Microsoft.NET.Sdk\targets\Microsoft.NET.TargetFrameworkInference.targets (69,5)
       C:\Program Files\dotnet\sdk\9.0.304\Sdks\Microsoft.NET.Sdk\targets\Microsoft.NET.DefaultOutputPaths.targets(122,5): message : Property reassignment: $(DefaultItemExcludes)=";bin\Debug\/**;obj\Debug\/**" (previous value: ";bin\Debug\/**") at C:\Program Files\dotnet\sdk\9.0.304\Sdks\Microsoft.NET.Sdk\targets\Microsoft.NET.DefaultOutputPaths.targets (122,5)
       C:\Program Files\dotnet\sdk\9.0.304\Sdks\Microsoft.NET.Sdk\targets\Microsoft.NET.DefaultOutputPaths.targets(137,5): message : Property reassignment: $(OutputPath)="bin\Debug\net8.0\" (previous value: "bin\Debug\") at C:\Program Files\dotnet\sdk\9.0.304\Sdks\Microsoft.NET.Sdk\targets\Microsoft.NET.DefaultOutputPaths.targets (137,5)
       C:\Program Files\dotnet\sdk\9.0.304\Sdks\Microsoft.NET.Sdk\targets\Microsoft.NET.DefaultOutputPaths.targets(142,5): message : Property reassignment: $(IntermediateOutputPath)="obj\Debug\net8.0\" (previous value: "obj\Debug\") at C:\Program Files\dotnet\sdk\9.0.304\Sdks\Microsoft.NET.Sdk\targets\Microsoft.NET.DefaultOutputPaths.targets (142,5)
       C:\Program Files\dotnet\sdk\9.0.304\Sdks\Microsoft.NET.Sdk\targets\Microsoft.NET.Sdk.BeforeCommon.targets(187,5): message : Property reassignment: $(_FrameworkIdentifierForImplicitDefine)="NET" (previous value: "NETCOREAPP") at C:\Program Files\dotnet\sdk\9.0.304\Sdks\Microsoft.NET.Sdk\targets\Microsoft.NET.Sdk.BeforeCommon.targets (187,5)
       C:\Program Files\dotnet\sdk\9.0.304\Sdks\Microsoft.NET.Sdk\targets\Microsoft.NET.Sdk.BeforeCommon.targets(192,5): message : Property reassignment: $(_FrameworkVersionForImplicitDefine)="8_0" (previous value: "8.0") at C:\Program Files\dotnet\sdk\9.0.304\Sdks\Microsoft.NET.Sdk\targets\Microsoft.NET.Sdk.BeforeCommon.targets (192,5)
       C:\Program Files\dotnet\sdk\9.0.304\Roslyn\Microsoft.CSharp.Core.targets(200,5): message : Property reassignment: $(CommandLineArgsForDesignTimeEvaluation)="-langversion:12.0 -define:TRACE" (previous value: "-langversion:12.0") at C:\Program Files\dotnet\sdk\9.0.304\Roslyn\Microsoft.CSharp.Core.targets (200,5)
       C:\Program Files\dotnet\sdk\9.0.304\Microsoft.Common.CurrentVersion.targets(175,5): message : Property reassignment: $(_DebugSymbolsProduced)="true" (previous value: "false") at C:\Program Files\dotnet\sdk\9.0.304\Microsoft.Common.CurrentVersion.targets (175,5)
       C:\Program Files\dotnet\sdk\9.0.304\Microsoft.Common.CurrentVersion.targets(185,5): message : Property reassignment: $(_DocumentationFileProduced)="false" (previous value: "true") at C:\Program Files\dotnet\sdk\9.0.304\Microsoft.Common.CurrentVersion.targets (185,5)
       C:\Program Files\dotnet\sdk\9.0.304\Microsoft.Common.CurrentVersion.targets(392,5): message : Property reassignment: $(MSBuildCopyMarkerName)="SparePar.0DE991B9" (previous value: "SpareParts.Infrastructure.Interfaces.csproj") at C:\Program Files\dotnet\sdk\9.0.304\Microsoft.Common.CurrentVersion.targets (392,5)
       C:\Program Files\dotnet\sdk\9.0.304\Microsoft.Common.CurrentVersion.targets(393,5): message : Property reassignment: $(MSBuildCopyMarkerName)="SparePar.0DE991B9.Up2Date" (previous value: "SparePar.0DE991B9") at C:\Program Files\dotnet\sdk\9.0.304\Microsoft.Common.CurrentVersion.targets (393,5)
       C:\Program Files\dotnet\sdk\9.0.304\Microsoft.Common.CurrentVersion.targets(541,5): message : Property reassignment: $(ProcessorArchitecture)="msil" (previous value: "") at C:\Program Files\dotnet\sdk\9.0.304\Microsoft.Common.CurrentVersion.targets (541,5)
       C:\Program Files\dotnet\sdk\9.0.304\Microsoft.Common.CurrentVersion.targets(580,5): message : Property reassignment: $(DelaySign)="" (previous value: "false") at C:\Program Files\dotnet\sdk\9.0.304\Microsoft.Common.CurrentVersion.targets (580,5)
       C:\Program Files\dotnet\sdk\9.0.304\Microsoft.Common.CurrentVersion.targets(2619,5): message : Property 'LOCALAPPDATA' with value 'C:\Users\r.maalouf\AppData\Local' expanded from the environment.
       C:\Program Files\dotnet\sdk\9.0.304\Microsoft.Common.CurrentVersion.targets(3947,5): message : Property reassignment: $(_SGenGenerateSerializationAssembliesConfig)="Auto" (previous value: "") at C:\Program Files\dotnet\sdk\9.0.304\Microsoft.Common.CurrentVersion.targets (3947,5)
       C:\Program Files\dotnet\sdk\9.0.304\Microsoft.Common.CurrentVersion.targets(3948,5): message : Property reassignment: $(_SGenGenerateSerializationAssembliesConfig)="Off" (previous value: "Auto") at C:\Program Files\dotnet\sdk\9.0.304\Microsoft.Common.CurrentVersion.targets (3948,5)
       C:\Program Files\dotnet\sdk\9.0.304\Microsoft.Common.CurrentVersion.targets(5159,5): message : Property reassignment: $(_TargetsThatPrepareProjectReferences)="
       C:\Program Files\dotnet\sdk\9.0.304\Microsoft.Common.CurrentVersion.targets(5159,5): message :       AssignProjectConfiguration;
       C:\Program Files\dotnet\sdk\9.0.304\Microsoft.Common.CurrentVersion.targets(5159,5): message :       _SplitProjectReferencesByFileExistence
       C:\Program Files\dotnet\sdk\9.0.304\Microsoft.Common.CurrentVersion.targets(5159,5): message :     " (previous value: "_SplitProjectReferencesByFileExistence") at C:\Program Files\dotnet\sdk\9.0.304\Microsoft.Common.CurrentVersion.targets (5159,5)
       C:\Program Files\dotnet\sdk\9.0.304\Microsoft.Common.CurrentVersion.targets(6954,5): message : Property 'MSBuildExtensionsPath32' with value 'C:\Program Files\dotnet\sdk\9.0.304' expanded from the environment.
       C:\Program Files\dotnet\sdk\9.0.304\Sdks\Microsoft.NET.Sdk\targets\Microsoft.PackageDependencyResolution.targets(29,5): message : Property reassignment: $(ProjectAssetsCacheFile)="D:\Ralph\SpareParts\src\SpareParts.Infrastructure.Interfaces\obj\Debug\net8.0\SpareParts.Infrastructure.Interfaces.assets.cache" (previous value: "obj\Debug\net8.0\SpareParts.Infrastructure.Interfaces.assets.cache") at C:\Program Files\dotnet\sdk\9.0.304\Sdks\Microsoft.NET.Sdk\targets\Microsoft.PackageDependencyResolution.targets (29,5)
       C:\Program Files\dotnet\sdk\9.0.304\Sdks\Microsoft.NET.Sdk\targets\Microsoft.PackageDependencyResolution.targets(80,5): message : Property reassignment: $(ResolveAssemblyReferencesDependsOn)="
       C:\Program Files\dotnet\sdk\9.0.304\Sdks\Microsoft.NET.Sdk\targets\Microsoft.PackageDependencyResolution.targets(80,5): message :       
       C:\Program Files\dotnet\sdk\9.0.304\Sdks\Microsoft.NET.Sdk\targets\Microsoft.PackageDependencyResolution.targets(80,5): message :       ResolveProjectReferences;
       C:\Program Files\dotnet\sdk\9.0.304\Sdks\Microsoft.NET.Sdk\targets\Microsoft.PackageDependencyResolution.targets(80,5): message :       FindInvalidProjectReferences;
       C:\Program Files\dotnet\sdk\9.0.304\Sdks\Microsoft.NET.Sdk\targets\Microsoft.PackageDependencyResolution.targets(80,5): message :       GetFrameworkPaths;
       C:\Program Files\dotnet\sdk\9.0.304\Sdks\Microsoft.NET.Sdk\targets\Microsoft.PackageDependencyResolution.targets(80,5): message :       GetReferenceAssemblyPaths;
       C:\Program Files\dotnet\sdk\9.0.304\Sdks\Microsoft.NET.Sdk\targets\Microsoft.PackageDependencyResolution.targets(80,5): message :       PrepareForBuild;
       C:\Program Files\dotnet\sdk\9.0.304\Sdks\Microsoft.NET.Sdk\targets\Microsoft.PackageDependencyResolution.targets(80,5): message :       ResolveSDKReferences;
       C:\Program Files\dotnet\sdk\9.0.304\Sdks\Microsoft.NET.Sdk\targets\Microsoft.PackageDependencyResolution.targets(80,5): message :       ExpandSDKReferences;
       C:\Program Files\dotnet\sdk\9.0.304\Sdks\Microsoft.NET.Sdk\targets\Microsoft.PackageDependencyResolution.targets(80,5): message :     ;
       C:\Program Files\dotnet\sdk\9.0.304\Sdks\Microsoft.NET.Sdk\targets\Microsoft.PackageDependencyResolution.targets(80,5): message :       ResolvePackageDependenciesForBuild;
       C:\Program Files\dotnet\sdk\9.0.304\Sdks\Microsoft.NET.Sdk\targets\Microsoft.PackageDependencyResolution.targets(80,5): message :       _HandlePackageFileConflicts;
       C:\Program Files\dotnet\sdk\9.0.304\Sdks\Microsoft.NET.Sdk\targets\Microsoft.PackageDependencyResolution.targets(80,5): message :     " (previous value: "
       C:\Program Files\dotnet\sdk\9.0.304\Sdks\Microsoft.NET.Sdk\targets\Microsoft.PackageDependencyResolution.targets(80,5): message :       ResolveProjectReferences;
       C:\Program Files\dotnet\sdk\9.0.304\Sdks\Microsoft.NET.Sdk\targets\Microsoft.PackageDependencyResolution.targets(80,5): message :       FindInvalidProjectReferences;
       C:\Program Files\dotnet\sdk\9.0.304\Sdks\Microsoft.NET.Sdk\targets\Microsoft.PackageDependencyResolution.targets(80,5): message :       GetFrameworkPaths;
       C:\Program Files\dotnet\sdk\9.0.304\Sdks\Microsoft.NET.Sdk\targets\Microsoft.PackageDependencyResolution.targets(80,5): message :       GetReferenceAssemblyPaths;
       C:\Program Files\dotnet\sdk\9.0.304\Sdks\Microsoft.NET.Sdk\targets\Microsoft.PackageDependencyResolution.targets(80,5): message :       PrepareForBuild;
       C:\Program Files\dotnet\sdk\9.0.304\Sdks\Microsoft.NET.Sdk\targets\Microsoft.PackageDependencyResolution.targets(80,5): message :       ResolveSDKReferences;
       C:\Program Files\dotnet\sdk\9.0.304\Sdks\Microsoft.NET.Sdk\targets\Microsoft.PackageDependencyResolution.targets(80,5): message :       ExpandSDKReferences;
       C:\Program Files\dotnet\sdk\9.0.304\Sdks\Microsoft.NET.Sdk\targets\Microsoft.PackageDependencyResolution.targets(80,5): message :     ") at C:\Program Files\dotnet\sdk\9.0.304\Sdks\Microsoft.NET.Sdk\targets\Microsoft.PackageDependencyResolution.targets (80,5)
       C:\Program Files\dotnet\sdk\9.0.304\Sdks\Microsoft.NET.Sdk\targets\Microsoft.PackageDependencyResolution.targets(86,5): message : Property reassignment: $(PrepareResourcesDependsOn)="
       C:\Program Files\dotnet\sdk\9.0.304\Sdks\Microsoft.NET.Sdk\targets\Microsoft.PackageDependencyResolution.targets(86,5): message :       ResolvePackageDependenciesForBuild;
       C:\Program Files\dotnet\sdk\9.0.304\Sdks\Microsoft.NET.Sdk\targets\Microsoft.PackageDependencyResolution.targets(86,5): message :       _HandlePackageFileConflicts;
       C:\Program Files\dotnet\sdk\9.0.304\Sdks\Microsoft.NET.Sdk\targets\Microsoft.PackageDependencyResolution.targets(86,5): message :       
       C:\Program Files\dotnet\sdk\9.0.304\Sdks\Microsoft.NET.Sdk\targets\Microsoft.PackageDependencyResolution.targets(86,5): message :       ;
       C:\Program Files\dotnet\sdk\9.0.304\Sdks\Microsoft.NET.Sdk\targets\Microsoft.PackageDependencyResolution.targets(86,5): message :       PrepareResourceNames;
       C:\Program Files\dotnet\sdk\9.0.304\Sdks\Microsoft.NET.Sdk\targets\Microsoft.PackageDependencyResolution.targets(86,5): message :       ResGen;
       C:\Program Files\dotnet\sdk\9.0.304\Sdks\Microsoft.NET.Sdk\targets\Microsoft.PackageDependencyResolution.targets(86,5): message :       CompileLicxFiles
       C:\Program Files\dotnet\sdk\9.0.304\Sdks\Microsoft.NET.Sdk\targets\Microsoft.PackageDependencyResolution.targets(86,5): message :     
       C:\Program Files\dotnet\sdk\9.0.304\Sdks\Microsoft.NET.Sdk\targets\Microsoft.PackageDependencyResolution.targets(86,5): message :     " (previous value: "
       C:\Program Files\dotnet\sdk\9.0.304\Sdks\Microsoft.NET.Sdk\targets\Microsoft.PackageDependencyResolution.targets(86,5): message :       ;
       C:\Program Files\dotnet\sdk\9.0.304\Sdks\Microsoft.NET.Sdk\targets\Microsoft.PackageDependencyResolution.targets(86,5): message :       PrepareResourceNames;
       C:\Program Files\dotnet\sdk\9.0.304\Sdks\Microsoft.NET.Sdk\targets\Microsoft.PackageDependencyResolution.targets(86,5): message :       ResGen;
       C:\Program Files\dotnet\sdk\9.0.304\Sdks\Microsoft.NET.Sdk\targets\Microsoft.PackageDependencyResolution.targets(86,5): message :       CompileLicxFiles
       C:\Program Files\dotnet\sdk\9.0.304\Sdks\Microsoft.NET.Sdk\targets\Microsoft.PackageDependencyResolution.targets(86,5): message :     ") at C:\Program Files\dotnet\sdk\9.0.304\Sdks\Microsoft.NET.Sdk\targets\Microsoft.PackageDependencyResolution.targets (86,5)
       C:\Program Files\dotnet\sdk\9.0.304\Sdks\Microsoft.NET.Sdk\targets\Microsoft.NET.Sdk.DefaultItems.targets(27,5): message : Property reassignment: $(DefaultItemExcludes)=";bin\Debug\/**;obj\Debug\/**;bin\/**" (previous value: ";bin\Debug\/**;obj\Debug\/**") at C:\Program Files\dotnet\sdk\9.0.304\Sdks\Microsoft.NET.Sdk\targets\Microsoft.NET.Sdk.DefaultItems.targets (27,5)
       C:\Program Files\dotnet\sdk\9.0.304\Sdks\Microsoft.NET.Sdk\targets\Microsoft.NET.Sdk.DefaultItems.targets(29,5): message : Property reassignment: $(DefaultItemExcludes)=";bin\Debug\/**;obj\Debug\/**;bin\/**;obj\/**" (previous value: ";bin\Debug\/**;obj\Debug\/**;bin\/**") at C:\Program Files\dotnet\sdk\9.0.304\Sdks\Microsoft.NET.Sdk\targets\Microsoft.NET.Sdk.DefaultItems.targets (29,5)
       C:\Program Files\dotnet\sdk\9.0.304\Sdks\Microsoft.NET.Sdk\targets\Microsoft.NET.Sdk.DefaultItems.targets(32,5): message : Property reassignment: $(DefaultItemExcludes)=";bin\Debug\/**;obj\Debug\/**;bin\/**;obj\/**;**/*.user" (previous value: ";bin\Debug\/**;obj\Debug\/**;bin\/**;obj\/**") at C:\Program Files\dotnet\sdk\9.0.304\Sdks\Microsoft.NET.Sdk\targets\Microsoft.NET.Sdk.DefaultItems.targets (32,5)
       C:\Program Files\dotnet\sdk\9.0.304\Sdks\Microsoft.NET.Sdk\targets\Microsoft.NET.Sdk.DefaultItems.targets(33,5): message : Property reassignment: $(DefaultItemExcludes)=";bin\Debug\/**;obj\Debug\/**;bin\/**;obj\/**;**/*.user;**/*.*proj" (previous value: ";bin\Debug\/**;obj\Debug\/**;bin\/**;obj\/**;**/*.user") at C:\Program Files\dotnet\sdk\9.0.304\Sdks\Microsoft.NET.Sdk\targets\Microsoft.NET.Sdk.DefaultItems.targets (33,5)
       C:\Program Files\dotnet\sdk\9.0.304\Sdks\Microsoft.NET.Sdk\targets\Microsoft.NET.Sdk.DefaultItems.targets(34,5): message : Property reassignment: $(DefaultItemExcludes)=";bin\Debug\/**;obj\Debug\/**;bin\/**;obj\/**;**/*.user;**/*.*proj;**/*.sln" (previous value: ";bin\Debug\/**;obj\Debug\/**;bin\/**;obj\/**;**/*.user;**/*.*proj") at C:\Program Files\dotnet\sdk\9.0.304\Sdks\Microsoft.NET.Sdk\targets\Microsoft.NET.Sdk.DefaultItems.targets (34,5)
       C:\Program Files\dotnet\sdk\9.0.304\Sdks\Microsoft.NET.Sdk\targets\Microsoft.NET.Sdk.DefaultItems.targets(35,5): message : Property reassignment: $(DefaultItemExcludes)=";bin\Debug\/**;obj\Debug\/**;bin\/**;obj\/**;**/*.user;**/*.*proj;**/*.sln;**/*.slnx" (previous value: ";bin\Debug\/**;obj\Debug\/**;bin\/**;obj\/**;**/*.user;**/*.*proj;**/*.sln") at C:\Program Files\dotnet\sdk\9.0.304\Sdks\Microsoft.NET.Sdk\targets\Microsoft.NET.Sdk.DefaultItems.targets (35,5)
       C:\Program Files\dotnet\sdk\9.0.304\Sdks\Microsoft.NET.Sdk\targets\Microsoft.NET.Sdk.DefaultItems.targets(36,5): message : Property reassignment: $(DefaultItemExcludes)=";bin\Debug\/**;obj\Debug\/**;bin\/**;obj\/**;**/*.user;**/*.*proj;**/*.sln;**/*.slnx;**/*.vssscc" (previous value: ";bin\Debug\/**;obj\Debug\/**;bin\/**;obj\/**;**/*.user;**/*.*proj;**/*.sln;**/*.slnx") at C:\Program Files\dotnet\sdk\9.0.304\Sdks\Microsoft.NET.Sdk\targets\Microsoft.NET.Sdk.DefaultItems.targets (36,5)
       C:\Program Files\dotnet\sdk\9.0.304\Sdks\Microsoft.NET.Sdk\targets\Microsoft.NET.Sdk.DefaultItems.targets(37,5): message : Property reassignment: $(DefaultItemExcludes)=";bin\Debug\/**;obj\Debug\/**;bin\/**;obj\/**;**/*.user;**/*.*proj;**/*.sln;**/*.slnx;**/*.vssscc;**/.DS_Store" (previous value: ";bin\Debug\/**;obj\Debug\/**;bin\/**;obj\/**;**/*.user;**/*.*proj;**/*.sln;**/*.slnx;**/*.vssscc") at C:\Program Files\dotnet\sdk\9.0.304\Sdks\Microsoft.NET.Sdk\targets\Microsoft.NET.Sdk.DefaultItems.targets (37,5)
       C:\Program Files\dotnet\sdk\9.0.304\Sdks\Microsoft.NET.Sdk\targets\Microsoft.NET.Sdk.FrameworkReferenceResolution.targets(14,5): message : Property reassignment: $(ResolveAssemblyReferencesDependsOn)="
       C:\Program Files\dotnet\sdk\9.0.304\Sdks\Microsoft.NET.Sdk\targets\Microsoft.NET.Sdk.FrameworkReferenceResolution.targets(14,5): message :       
       C:\Program Files\dotnet\sdk\9.0.304\Sdks\Microsoft.NET.Sdk\targets\Microsoft.NET.Sdk.FrameworkReferenceResolution.targets(14,5): message :       
       C:\Program Files\dotnet\sdk\9.0.304\Sdks\Microsoft.NET.Sdk\targets\Microsoft.NET.Sdk.FrameworkReferenceResolution.targets(14,5): message :       ResolveProjectReferences;
       C:\Program Files\dotnet\sdk\9.0.304\Sdks\Microsoft.NET.Sdk\targets\Microsoft.NET.Sdk.FrameworkReferenceResolution.targets(14,5): message :       FindInvalidProjectReferences;
       C:\Program Files\dotnet\sdk\9.0.304\Sdks\Microsoft.NET.Sdk\targets\Microsoft.NET.Sdk.FrameworkReferenceResolution.targets(14,5): message :       GetFrameworkPaths;
       C:\Program Files\dotnet\sdk\9.0.304\Sdks\Microsoft.NET.Sdk\targets\Microsoft.NET.Sdk.FrameworkReferenceResolution.targets(14,5): message :       GetReferenceAssemblyPaths;
       C:\Program Files\dotnet\sdk\9.0.304\Sdks\Microsoft.NET.Sdk\targets\Microsoft.NET.Sdk.FrameworkReferenceResolution.targets(14,5): message :       PrepareForBuild;
       C:\Program Files\dotnet\sdk\9.0.304\Sdks\Microsoft.NET.Sdk\targets\Microsoft.NET.Sdk.FrameworkReferenceResolution.targets(14,5): message :       ResolveSDKReferences;
       C:\Program Files\dotnet\sdk\9.0.304\Sdks\Microsoft.NET.Sdk\targets\Microsoft.NET.Sdk.FrameworkReferenceResolution.targets(14,5): message :       ExpandSDKReferences;
       C:\Program Files\dotnet\sdk\9.0.304\Sdks\Microsoft.NET.Sdk\targets\Microsoft.NET.Sdk.FrameworkReferenceResolution.targets(14,5): message :     ;
       C:\Program Files\dotnet\sdk\9.0.304\Sdks\Microsoft.NET.Sdk\targets\Microsoft.NET.Sdk.FrameworkReferenceResolution.targets(14,5): message :       ResolvePackageDependenciesForBuild;
       C:\Program Files\dotnet\sdk\9.0.304\Sdks\Microsoft.NET.Sdk\targets\Microsoft.NET.Sdk.FrameworkReferenceResolution.targets(14,5): message :       _HandlePackageFileConflicts;
       C:\Program Files\dotnet\sdk\9.0.304\Sdks\Microsoft.NET.Sdk\targets\Microsoft.NET.Sdk.FrameworkReferenceResolution.targets(14,5): message :     ;
       C:\Program Files\dotnet\sdk\9.0.304\Sdks\Microsoft.NET.Sdk\targets\Microsoft.NET.Sdk.FrameworkReferenceResolution.targets(14,5): message :       ResolveTargetingPackAssets;
       C:\Program Files\dotnet\sdk\9.0.304\Sdks\Microsoft.NET.Sdk\targets\Microsoft.NET.Sdk.FrameworkReferenceResolution.targets(14,5): message :     " (previous value: "
       C:\Program Files\dotnet\sdk\9.0.304\Sdks\Microsoft.NET.Sdk\targets\Microsoft.NET.Sdk.FrameworkReferenceResolution.targets(14,5): message :       
       C:\Program Files\dotnet\sdk\9.0.304\Sdks\Microsoft.NET.Sdk\targets\Microsoft.NET.Sdk.FrameworkReferenceResolution.targets(14,5): message :       ResolveProjectReferences;
       C:\Program Files\dotnet\sdk\9.0.304\Sdks\Microsoft.NET.Sdk\targets\Microsoft.NET.Sdk.FrameworkReferenceResolution.targets(14,5): message :       FindInvalidProjectReferences;
       C:\Program Files\dotnet\sdk\9.0.304\Sdks\Microsoft.NET.Sdk\targets\Microsoft.NET.Sdk.FrameworkReferenceResolution.targets(14,5): message :       GetFrameworkPaths;
       C:\Program Files\dotnet\sdk\9.0.304\Sdks\Microsoft.NET.Sdk\targets\Microsoft.NET.Sdk.FrameworkReferenceResolution.targets(14,5): message :       GetReferenceAssemblyPaths;
       C:\Program Files\dotnet\sdk\9.0.304\Sdks\Microsoft.NET.Sdk\targets\Microsoft.NET.Sdk.FrameworkReferenceResolution.targets(14,5): message :       PrepareForBuild;
       C:\Program Files\dotnet\sdk\9.0.304\Sdks\Microsoft.NET.Sdk\targets\Microsoft.NET.Sdk.FrameworkReferenceResolution.targets(14,5): message :       ResolveSDKReferences;
       C:\Program Files\dotnet\sdk\9.0.304\Sdks\Microsoft.NET.Sdk\targets\Microsoft.NET.Sdk.FrameworkReferenceResolution.targets(14,5): message :       ExpandSDKReferences;
       C:\Program Files\dotnet\sdk\9.0.304\Sdks\Microsoft.NET.Sdk\targets\Microsoft.NET.Sdk.FrameworkReferenceResolution.targets(14,5): message :     ;
       C:\Program Files\dotnet\sdk\9.0.304\Sdks\Microsoft.NET.Sdk\targets\Microsoft.NET.Sdk.FrameworkReferenceResolution.targets(14,5): message :       ResolvePackageDependenciesForBuild;
       C:\Program Files\dotnet\sdk\9.0.304\Sdks\Microsoft.NET.Sdk\targets\Microsoft.NET.Sdk.FrameworkReferenceResolution.targets(14,5): message :       _HandlePackageFileConflicts;
       C:\Program Files\dotnet\sdk\9.0.304\Sdks\Microsoft.NET.Sdk\targets\Microsoft.NET.Sdk.FrameworkReferenceResolution.targets(14,5): message :     ") at C:\Program Files\dotnet\sdk\9.0.304\Sdks\Microsoft.NET.Sdk\targets\Microsoft.NET.Sdk.FrameworkReferenceResolution.targets (14,5)
       C:\Program Files\dotnet\sdk\9.0.304\Sdks\Microsoft.NET.Sdk\targets\Microsoft.NET.Sdk.targets(44,5): message : Property reassignment: $(_GenerateRuntimeConfigurationPropertyInputsCache)="D:\Ralph\SpareParts\src\SpareParts.Infrastructure.Interfaces\obj\Debug\net8.0\SpareParts.Infrastructure.Interfaces.genruntimeconfig.cache" (previous value: "obj\Debug\net8.0\SpareParts.Infrastructure.Interfaces.genruntimeconfig.cache") at C:\Program Files\dotnet\sdk\9.0.304\Sdks\Microsoft.NET.Sdk\targets\Microsoft.NET.Sdk.targets (44,5)
       C:\Program Files\dotnet\sdk\9.0.304\Sdks\Microsoft.NET.Sdk\targets\Microsoft.NET.Sdk.targets(46,5): message : Property reassignment: $(_GeneratePublishDependencyFilePropertyInputsCache)="D:\Ralph\SpareParts\src\SpareParts.Infrastructure.Interfaces\obj\Debug\net8.0\SpareParts.Infrastructure.Interfaces.genpublishdeps.cache" (previous value: "obj\Debug\net8.0\SpareParts.Infrastructure.Interfaces.genpublishdeps.cache") at C:\Program Files\dotnet\sdk\9.0.304\Sdks\Microsoft.NET.Sdk\targets\Microsoft.NET.Sdk.targets (46,5)
       C:\Program Files\dotnet\sdk\9.0.304\Sdks\Microsoft.NET.Sdk\targets\Microsoft.NET.Sdk.targets(48,5): message : Property reassignment: $(_GenerateSingleFileBundlePropertyInputsCache)="D:\Ralph\SpareParts\src\SpareParts.Infrastructure.Interfaces\obj\Debug\net8.0\SpareParts.Infrastructure.Interfaces.genbundle.cache" (previous value: "obj\Debug\net8.0\SpareParts.Infrastructure.Interfaces.genbundle.cache") at C:\Program Files\dotnet\sdk\9.0.304\Sdks\Microsoft.NET.Sdk\targets\Microsoft.NET.Sdk.targets (48,5)
       C:\Program Files\dotnet\sdk\9.0.304\Sdks\Microsoft.NET.Sdk\targets\Microsoft.NET.Sdk.targets(81,5): message : Property reassignment: $(GenerateRuntimeConfigDevFile)="false" (previous value: "true") at C:\Program Files\dotnet\sdk\9.0.304\Sdks\Microsoft.NET.Sdk\targets\Microsoft.NET.Sdk.targets (81,5)
       C:\Program Files\dotnet\sdk\9.0.304\Sdks\Microsoft.NET.Sdk\targets\Microsoft.NET.Sdk.targets(97,5): message : Property reassignment: $(_DefaultUserProfileRuntimeStorePath)="C:\Users\r.maalouf" (previous value: "") at C:\Program Files\dotnet\sdk\9.0.304\Sdks\Microsoft.NET.Sdk\targets\Microsoft.NET.Sdk.targets (97,5)
       C:\Program Files\dotnet\sdk\9.0.304\Sdks\Microsoft.NET.Sdk\targets\Microsoft.NET.Sdk.targets(98,5): message : Property reassignment: $(_DefaultUserProfileRuntimeStorePath)="C:\Users\r.maalouf\.dotnet\store" (previous value: "C:\Users\r.maalouf") at C:\Program Files\dotnet\sdk\9.0.304\Sdks\Microsoft.NET.Sdk\targets\Microsoft.NET.Sdk.targets (98,5)
       C:\Program Files\dotnet\sdk\9.0.304\Sdks\Microsoft.NET.Sdk\targets\Microsoft.NET.Sdk.targets(140,5): message : Property reassignment: $(AvailablePlatforms)="Any CPU,x86,x64,ARM32" (previous value: "Any CPU,x86,x64") at C:\Program Files\dotnet\sdk\9.0.304\Sdks\Microsoft.NET.Sdk\targets\Microsoft.NET.Sdk.targets (140,5)
       C:\Program Files\dotnet\sdk\9.0.304\Sdks\Microsoft.NET.Sdk\targets\Microsoft.NET.Sdk.targets(144,5): message : Property reassignment: $(AvailablePlatforms)="Any CPU,x86,x64,ARM32,ARM64" (previous value: "Any CPU,x86,x64,ARM32") at C:\Program Files\dotnet\sdk\9.0.304\Sdks\Microsoft.NET.Sdk\targets\Microsoft.NET.Sdk.targets (144,5)
       C:\Program Files\dotnet\sdk\9.0.304\Sdks\Microsoft.NET.Sdk\targets\Microsoft.NET.Sdk.targets(201,5): message : Property reassignment: $(CoreBuildDependsOn)="
       C:\Program Files\dotnet\sdk\9.0.304\Sdks\Microsoft.NET.Sdk\targets\Microsoft.NET.Sdk.targets(201,5): message :       _CheckForBuildWithNoBuild;
       C:\Program Files\dotnet\sdk\9.0.304\Sdks\Microsoft.NET.Sdk\targets\Microsoft.NET.Sdk.targets(201,5): message :       
       C:\Program Files\dotnet\sdk\9.0.304\Sdks\Microsoft.NET.Sdk\targets\Microsoft.NET.Sdk.targets(201,5): message :       BuildOnlySettings;
       C:\Program Files\dotnet\sdk\9.0.304\Sdks\Microsoft.NET.Sdk\targets\Microsoft.NET.Sdk.targets(201,5): message :       PrepareForBuild;
       C:\Program Files\dotnet\sdk\9.0.304\Sdks\Microsoft.NET.Sdk\targets\Microsoft.NET.Sdk.targets(201,5): message :       PreBuildEvent;
       C:\Program Files\dotnet\sdk\9.0.304\Sdks\Microsoft.NET.Sdk\targets\Microsoft.NET.Sdk.targets(201,5): message :       ResolveReferences;
       C:\Program Files\dotnet\sdk\9.0.304\Sdks\Microsoft.NET.Sdk\targets\Microsoft.NET.Sdk.targets(201,5): message :       PrepareResources;
       C:\Program Files\dotnet\sdk\9.0.304\Sdks\Microsoft.NET.Sdk\targets\Microsoft.NET.Sdk.targets(201,5): message :       ResolveKeySource;
       C:\Program Files\dotnet\sdk\9.0.304\Sdks\Microsoft.NET.Sdk\targets\Microsoft.NET.Sdk.targets(201,5): message :       Compile;
       C:\Program Files\dotnet\sdk\9.0.304\Sdks\Microsoft.NET.Sdk\targets\Microsoft.NET.Sdk.targets(201,5): message :       ExportWindowsMDFile;
       C:\Program Files\dotnet\sdk\9.0.304\Sdks\Microsoft.NET.Sdk\targets\Microsoft.NET.Sdk.targets(201,5): message :       UnmanagedUnregistration;
       C:\Program Files\dotnet\sdk\9.0.304\Sdks\Microsoft.NET.Sdk\targets\Microsoft.NET.Sdk.targets(201,5): message :       GenerateSerializationAssemblies;
       C:\Program Files\dotnet\sdk\9.0.304\Sdks\Microsoft.NET.Sdk\targets\Microsoft.NET.Sdk.targets(201,5): message :       CreateSatelliteAssemblies;
       C:\Program Files\dotnet\sdk\9.0.304\Sdks\Microsoft.NET.Sdk\targets\Microsoft.NET.Sdk.targets(201,5): message :       GenerateManifests;
       C:\Program Files\dotnet\sdk\9.0.304\Sdks\Microsoft.NET.Sdk\targets\Microsoft.NET.Sdk.targets(201,5): message :       GetTargetPath;
       C:\Program Files\dotnet\sdk\9.0.304\Sdks\Microsoft.NET.Sdk\targets\Microsoft.NET.Sdk.targets(201,5): message :       PrepareForRun;
       C:\Program Files\dotnet\sdk\9.0.304\Sdks\Microsoft.NET.Sdk\targets\Microsoft.NET.Sdk.targets(201,5): message :       UnmanagedRegistration;
       C:\Program Files\dotnet\sdk\9.0.304\Sdks\Microsoft.NET.Sdk\targets\Microsoft.NET.Sdk.targets(201,5): message :       IncrementalClean;
       C:\Program Files\dotnet\sdk\9.0.304\Sdks\Microsoft.NET.Sdk\targets\Microsoft.NET.Sdk.targets(201,5): message :       PostBuildEvent
       C:\Program Files\dotnet\sdk\9.0.304\Sdks\Microsoft.NET.Sdk\targets\Microsoft.NET.Sdk.targets(201,5): message :     ;
       C:\Program Files\dotnet\sdk\9.0.304\Sdks\Microsoft.NET.Sdk\targets\Microsoft.NET.Sdk.targets(201,5): message :       GenerateBuildDependencyFile;
       C:\Program Files\dotnet\sdk\9.0.304\Sdks\Microsoft.NET.Sdk\targets\Microsoft.NET.Sdk.targets(201,5): message :       GenerateBuildRuntimeConfigurationFiles
       C:\Program Files\dotnet\sdk\9.0.304\Sdks\Microsoft.NET.Sdk\targets\Microsoft.NET.Sdk.targets(201,5): message :     " (previous value: "
       C:\Program Files\dotnet\sdk\9.0.304\Sdks\Microsoft.NET.Sdk\targets\Microsoft.NET.Sdk.targets(201,5): message :       BuildOnlySettings;
       C:\Program Files\dotnet\sdk\9.0.304\Sdks\Microsoft.NET.Sdk\targets\Microsoft.NET.Sdk.targets(201,5): message :       PrepareForBuild;
       C:\Program Files\dotnet\sdk\9.0.304\Sdks\Microsoft.NET.Sdk\targets\Microsoft.NET.Sdk.targets(201,5): message :       PreBuildEvent;
       C:\Program Files\dotnet\sdk\9.0.304\Sdks\Microsoft.NET.Sdk\targets\Microsoft.NET.Sdk.targets(201,5): message :       ResolveReferences;
       C:\Program Files\dotnet\sdk\9.0.304\Sdks\Microsoft.NET.Sdk\targets\Microsoft.NET.Sdk.targets(201,5): message :       PrepareResources;
       C:\Program Files\dotnet\sdk\9.0.304\Sdks\Microsoft.NET.Sdk\targets\Microsoft.NET.Sdk.targets(201,5): message :       ResolveKeySource;
       C:\Program Files\dotnet\sdk\9.0.304\Sdks\Microsoft.NET.Sdk\targets\Microsoft.NET.Sdk.targets(201,5): message :       Compile;
       C:\Program Files\dotnet\sdk\9.0.304\Sdks\Microsoft.NET.Sdk\targets\Microsoft.NET.Sdk.targets(201,5): message :       ExportWindowsMDFile;
       C:\Program Files\dotnet\sdk\9.0.304\Sdks\Microsoft.NET.Sdk\targets\Microsoft.NET.Sdk.targets(201,5): message :       UnmanagedUnregistration;
       C:\Program Files\dotnet\sdk\9.0.304\Sdks\Microsoft.NET.Sdk\targets\Microsoft.NET.Sdk.targets(201,5): message :       GenerateSerializationAssemblies;
       C:\Program Files\dotnet\sdk\9.0.304\Sdks\Microsoft.NET.Sdk\targets\Microsoft.NET.Sdk.targets(201,5): message :       CreateSatelliteAssemblies;
       C:\Program Files\dotnet\sdk\9.0.304\Sdks\Microsoft.NET.Sdk\targets\Microsoft.NET.Sdk.targets(201,5): message :       GenerateManifests;
       C:\Program Files\dotnet\sdk\9.0.304\Sdks\Microsoft.NET.Sdk\targets\Microsoft.NET.Sdk.targets(201,5): message :       GetTargetPath;
       C:\Program Files\dotnet\sdk\9.0.304\Sdks\Microsoft.NET.Sdk\targets\Microsoft.NET.Sdk.targets(201,5): message :       PrepareForRun;
       C:\Program Files\dotnet\sdk\9.0.304\Sdks\Microsoft.NET.Sdk\targets\Microsoft.NET.Sdk.targets(201,5): message :       UnmanagedRegistration;
       C:\Program Files\dotnet\sdk\9.0.304\Sdks\Microsoft.NET.Sdk\targets\Microsoft.NET.Sdk.targets(201,5): message :       IncrementalClean;
       C:\Program Files\dotnet\sdk\9.0.304\Sdks\Microsoft.NET.Sdk\targets\Microsoft.NET.Sdk.targets(201,5): message :       PostBuildEvent
       C:\Program Files\dotnet\sdk\9.0.304\Sdks\Microsoft.NET.Sdk\targets\Microsoft.NET.Sdk.targets(201,5): message :     ") at C:\Program Files\dotnet\sdk\9.0.304\Sdks\Microsoft.NET.Sdk\targets\Microsoft.NET.Sdk.targets (201,5)
       C:\Program Files\dotnet\sdk\9.0.304\Sdks\Microsoft.NET.Sdk\targets\Microsoft.NET.Sdk.targets(210,5): message : Property reassignment: $(CoreCleanDependsOn)="
       C:\Program Files\dotnet\sdk\9.0.304\Sdks\Microsoft.NET.Sdk\targets\Microsoft.NET.Sdk.targets(210,5): message :       _SdkBeforeClean;
       C:\Program Files\dotnet\sdk\9.0.304\Sdks\Microsoft.NET.Sdk\targets\Microsoft.NET.Sdk.targets(210,5): message :       
       C:\Program Files\dotnet\sdk\9.0.304\Sdks\Microsoft.NET.Sdk\targets\Microsoft.NET.Sdk.targets(210,5): message :     " (previous value: "") at C:\Program Files\dotnet\sdk\9.0.304\Sdks\Microsoft.NET.Sdk\targets\Microsoft.NET.Sdk.targets (210,5)
       C:\Program Files\dotnet\sdk\9.0.304\Sdks\Microsoft.NET.Sdk\targets\Microsoft.NET.Sdk.targets(217,5): message : Property reassignment: $(RebuildDependsOn)="
       C:\Program Files\dotnet\sdk\9.0.304\Sdks\Microsoft.NET.Sdk\targets\Microsoft.NET.Sdk.targets(217,5): message :       _SdkBeforeRebuild;
       C:\Program Files\dotnet\sdk\9.0.304\Sdks\Microsoft.NET.Sdk\targets\Microsoft.NET.Sdk.targets(217,5): message :       
       C:\Program Files\dotnet\sdk\9.0.304\Sdks\Microsoft.NET.Sdk\targets\Microsoft.NET.Sdk.targets(217,5): message :       BeforeRebuild;
       C:\Program Files\dotnet\sdk\9.0.304\Sdks\Microsoft.NET.Sdk\targets\Microsoft.NET.Sdk.targets(217,5): message :       Clean;
       C:\Program Files\dotnet\sdk\9.0.304\Sdks\Microsoft.NET.Sdk\targets\Microsoft.NET.Sdk.targets(217,5): message :       Build;
       C:\Program Files\dotnet\sdk\9.0.304\Sdks\Microsoft.NET.Sdk\targets\Microsoft.NET.Sdk.targets(217,5): message :       AfterRebuild;
       C:\Program Files\dotnet\sdk\9.0.304\Sdks\Microsoft.NET.Sdk\targets\Microsoft.NET.Sdk.targets(217,5): message :     
       C:\Program Files\dotnet\sdk\9.0.304\Sdks\Microsoft.NET.Sdk\targets\Microsoft.NET.Sdk.targets(217,5): message :     " (previous value: "
       C:\Program Files\dotnet\sdk\9.0.304\Sdks\Microsoft.NET.Sdk\targets\Microsoft.NET.Sdk.targets(217,5): message :       BeforeRebuild;
       C:\Program Files\dotnet\sdk\9.0.304\Sdks\Microsoft.NET.Sdk\targets\Microsoft.NET.Sdk.targets(217,5): message :       Clean;
       C:\Program Files\dotnet\sdk\9.0.304\Sdks\Microsoft.NET.Sdk\targets\Microsoft.NET.Sdk.targets(217,5): message :       Build;
       C:\Program Files\dotnet\sdk\9.0.304\Sdks\Microsoft.NET.Sdk\targets\Microsoft.NET.Sdk.targets(217,5): message :       AfterRebuild;
       C:\Program Files\dotnet\sdk\9.0.304\Sdks\Microsoft.NET.Sdk\targets\Microsoft.NET.Sdk.targets(217,5): message :     ") at C:\Program Files\dotnet\sdk\9.0.304\Sdks\Microsoft.NET.Sdk\targets\Microsoft.NET.Sdk.targets (217,5)
       C:\Program Files\dotnet\sdk\9.0.304\Sdks\Microsoft.NET.Sdk\targets\Microsoft.NET.Sdk.targets(784,5): message : Property reassignment: $(CompileDependsOn)="
       C:\Program Files\dotnet\sdk\9.0.304\Sdks\Microsoft.NET.Sdk\targets\Microsoft.NET.Sdk.targets(784,5): message :       
       C:\Program Files\dotnet\sdk\9.0.304\Sdks\Microsoft.NET.Sdk\targets\Microsoft.NET.Sdk.targets(784,5): message :       ResolveReferences;
       C:\Program Files\dotnet\sdk\9.0.304\Sdks\Microsoft.NET.Sdk\targets\Microsoft.NET.Sdk.targets(784,5): message :       ResolveKeySource;
       C:\Program Files\dotnet\sdk\9.0.304\Sdks\Microsoft.NET.Sdk\targets\Microsoft.NET.Sdk.targets(784,5): message :       SetWin32ManifestProperties;
       C:\Program Files\dotnet\sdk\9.0.304\Sdks\Microsoft.NET.Sdk\targets\Microsoft.NET.Sdk.targets(784,5): message :       _SetPreferNativeArm64Win32ManifestProperties;
       C:\Program Files\dotnet\sdk\9.0.304\Sdks\Microsoft.NET.Sdk\targets\Microsoft.NET.Sdk.targets(784,5): message :       FindReferenceAssembliesForReferences;
       C:\Program Files\dotnet\sdk\9.0.304\Sdks\Microsoft.NET.Sdk\targets\Microsoft.NET.Sdk.targets(784,5): message :       _GenerateCompileInputs;
       C:\Program Files\dotnet\sdk\9.0.304\Sdks\Microsoft.NET.Sdk\targets\Microsoft.NET.Sdk.targets(784,5): message :       BeforeCompile;
       C:\Program Files\dotnet\sdk\9.0.304\Sdks\Microsoft.NET.Sdk\targets\Microsoft.NET.Sdk.targets(784,5): message :       _TimeStampBeforeCompile;
       C:\Program Files\dotnet\sdk\9.0.304\Sdks\Microsoft.NET.Sdk\targets\Microsoft.NET.Sdk.targets(784,5): message :       _GenerateCompileDependencyCache;
       C:\Program Files\dotnet\sdk\9.0.304\Sdks\Microsoft.NET.Sdk\targets\Microsoft.NET.Sdk.targets(784,5): message :       CoreCompile;
       C:\Program Files\dotnet\sdk\9.0.304\Sdks\Microsoft.NET.Sdk\targets\Microsoft.NET.Sdk.targets(784,5): message :       _TimeStampAfterCompile;
       C:\Program Files\dotnet\sdk\9.0.304\Sdks\Microsoft.NET.Sdk\targets\Microsoft.NET.Sdk.targets(784,5): message :       AfterCompile;
       C:\Program Files\dotnet\sdk\9.0.304\Sdks\Microsoft.NET.Sdk\targets\Microsoft.NET.Sdk.targets(784,5): message :     ;
       C:\Program Files\dotnet\sdk\9.0.304\Sdks\Microsoft.NET.Sdk\targets\Microsoft.NET.Sdk.targets(784,5): message :       _CreateAppHost;
       C:\Program Files\dotnet\sdk\9.0.304\Sdks\Microsoft.NET.Sdk\targets\Microsoft.NET.Sdk.targets(784,5): message :       _CreateComHost;
       C:\Program Files\dotnet\sdk\9.0.304\Sdks\Microsoft.NET.Sdk\targets\Microsoft.NET.Sdk.targets(784,5): message :       _GetIjwHostPaths;
       C:\Program Files\dotnet\sdk\9.0.304\Sdks\Microsoft.NET.Sdk\targets\Microsoft.NET.Sdk.targets(784,5): message :     " (previous value: "
       C:\Program Files\dotnet\sdk\9.0.304\Sdks\Microsoft.NET.Sdk\targets\Microsoft.NET.Sdk.targets(784,5): message :       ResolveReferences;
       C:\Program Files\dotnet\sdk\9.0.304\Sdks\Microsoft.NET.Sdk\targets\Microsoft.NET.Sdk.targets(784,5): message :       ResolveKeySource;
       C:\Program Files\dotnet\sdk\9.0.304\Sdks\Microsoft.NET.Sdk\targets\Microsoft.NET.Sdk.targets(784,5): message :       SetWin32ManifestProperties;
       C:\Program Files\dotnet\sdk\9.0.304\Sdks\Microsoft.NET.Sdk\targets\Microsoft.NET.Sdk.targets(784,5): message :       _SetPreferNativeArm64Win32ManifestProperties;
       C:\Program Files\dotnet\sdk\9.0.304\Sdks\Microsoft.NET.Sdk\targets\Microsoft.NET.Sdk.targets(784,5): message :       FindReferenceAssembliesForReferences;
       C:\Program Files\dotnet\sdk\9.0.304\Sdks\Microsoft.NET.Sdk\targets\Microsoft.NET.Sdk.targets(784,5): message :       _GenerateCompileInputs;
       C:\Program Files\dotnet\sdk\9.0.304\Sdks\Microsoft.NET.Sdk\targets\Microsoft.NET.Sdk.targets(784,5): message :       BeforeCompile;
       C:\Program Files\dotnet\sdk\9.0.304\Sdks\Microsoft.NET.Sdk\targets\Microsoft.NET.Sdk.targets(784,5): message :       _TimeStampBeforeCompile;
       C:\Program Files\dotnet\sdk\9.0.304\Sdks\Microsoft.NET.Sdk\targets\Microsoft.NET.Sdk.targets(784,5): message :       _GenerateCompileDependencyCache;
       C:\Program Files\dotnet\sdk\9.0.304\Sdks\Microsoft.NET.Sdk\targets\Microsoft.NET.Sdk.targets(784,5): message :       CoreCompile;
       C:\Program Files\dotnet\sdk\9.0.304\Sdks\Microsoft.NET.Sdk\targets\Microsoft.NET.Sdk.targets(784,5): message :       _TimeStampAfterCompile;
       C:\Program Files\dotnet\sdk\9.0.304\Sdks\Microsoft.NET.Sdk\targets\Microsoft.NET.Sdk.targets(784,5): message :       AfterCompile;
       C:\Program Files\dotnet\sdk\9.0.304\Sdks\Microsoft.NET.Sdk\targets\Microsoft.NET.Sdk.targets(784,5): message :     ") at C:\Program Files\dotnet\sdk\9.0.304\Sdks\Microsoft.NET.Sdk\targets\Microsoft.NET.Sdk.targets (784,5)
       C:\Program Files\dotnet\sdk\9.0.304\Sdks\Microsoft.NET.Sdk\targets\Microsoft.NET.Sdk.targets(1184,5): message : Property reassignment: $(CreateSatelliteAssembliesDependsOn)="
       C:\Program Files\dotnet\sdk\9.0.304\Sdks\Microsoft.NET.Sdk\targets\Microsoft.NET.Sdk.targets(1184,5): message :       
       C:\Program Files\dotnet\sdk\9.0.304\Sdks\Microsoft.NET.Sdk\targets\Microsoft.NET.Sdk.targets(1184,5): message :       ;
       C:\Program Files\dotnet\sdk\9.0.304\Sdks\Microsoft.NET.Sdk\targets\Microsoft.NET.Sdk.targets(1184,5): message :       _GenerateSatelliteAssemblyInputs;
       C:\Program Files\dotnet\sdk\9.0.304\Sdks\Microsoft.NET.Sdk\targets\Microsoft.NET.Sdk.targets(1184,5): message :       ComputeIntermediateSatelliteAssemblies;
       C:\Program Files\dotnet\sdk\9.0.304\Sdks\Microsoft.NET.Sdk\targets\Microsoft.NET.Sdk.targets(1184,5): message :       GenerateSatelliteAssemblies
       C:\Program Files\dotnet\sdk\9.0.304\Sdks\Microsoft.NET.Sdk\targets\Microsoft.NET.Sdk.targets(1184,5): message :     ;
       C:\Program Files\dotnet\sdk\9.0.304\Sdks\Microsoft.NET.Sdk\targets\Microsoft.NET.Sdk.targets(1184,5): message :       CoreGenerateSatelliteAssemblies
       C:\Program Files\dotnet\sdk\9.0.304\Sdks\Microsoft.NET.Sdk\targets\Microsoft.NET.Sdk.targets(1184,5): message :     " (previous value: "
       C:\Program Files\dotnet\sdk\9.0.304\Sdks\Microsoft.NET.Sdk\targets\Microsoft.NET.Sdk.targets(1184,5): message :       ;
       C:\Program Files\dotnet\sdk\9.0.304\Sdks\Microsoft.NET.Sdk\targets\Microsoft.NET.Sdk.targets(1184,5): message :       _GenerateSatelliteAssemblyInputs;
       C:\Program Files\dotnet\sdk\9.0.304\Sdks\Microsoft.NET.Sdk\targets\Microsoft.NET.Sdk.targets(1184,5): message :       ComputeIntermediateSatelliteAssemblies;
       C:\Program Files\dotnet\sdk\9.0.304\Sdks\Microsoft.NET.Sdk\targets\Microsoft.NET.Sdk.targets(1184,5): message :       GenerateSatelliteAssemblies
       C:\Program Files\dotnet\sdk\9.0.304\Sdks\Microsoft.NET.Sdk\targets\Microsoft.NET.Sdk.targets(1184,5): message :     ") at C:\Program Files\dotnet\sdk\9.0.304\Sdks\Microsoft.NET.Sdk\targets\Microsoft.NET.Sdk.targets (1184,5)
       C:\Program Files\dotnet\sdk\9.0.304\Sdks\Microsoft.SourceLink.GitLab\build\Microsoft.SourceLink.GitLab.targets(12,5): message : Property reassignment: $(SourceLinkUrlInitializerTargets)=";_InitializeGitHubSourceLinkUrl;_InitializeGitLabSourceLinkUrl" (previous value: ";_InitializeGitHubSourceLinkUrl") at C:\Program Files\dotnet\sdk\9.0.304\Sdks\Microsoft.SourceLink.GitLab\build\Microsoft.SourceLink.GitLab.targets (12,5)
       C:\Program Files\dotnet\sdk\9.0.304\Sdks\Microsoft.SourceLink.GitLab\build\Microsoft.SourceLink.GitLab.targets(13,5): message : Property reassignment: $(SourceControlManagerUrlTranslationTargets)=";TranslateGitHubUrlsInSourceControlInformation;TranslateGitLabUrlsInSourceControlInformation" (previous value: ";TranslateGitHubUrlsInSourceControlInformation") at C:\Program Files\dotnet\sdk\9.0.304\Sdks\Microsoft.SourceLink.GitLab\build\Microsoft.SourceLink.GitLab.targets (13,5)
       C:\Program Files\dotnet\sdk\9.0.304\Sdks\Microsoft.SourceLink.AzureRepos.Git\build\Microsoft.SourceLink.AzureRepos.Git.targets(12,5): message : Property reassignment: $(SourceLinkUrlInitializerTargets)=";_InitializeGitHubSourceLinkUrl;_InitializeGitLabSourceLinkUrl;_InitializeAzureReposGitSourceLinkUrl" (previous value: ";_InitializeGitHubSourceLinkUrl;_InitializeGitLabSourceLinkUrl") at C:\Program Files\dotnet\sdk\9.0.304\Sdks\Microsoft.SourceLink.AzureRepos.Git\build\Microsoft.SourceLink.AzureRepos.Git.targets (12,5)
       C:\Program Files\dotnet\sdk\9.0.304\Sdks\Microsoft.SourceLink.AzureRepos.Git\build\Microsoft.SourceLink.AzureRepos.Git.targets(13,5): message : Property reassignment: $(SourceControlManagerUrlTranslationTargets)=";TranslateGitHubUrlsInSourceControlInformation;TranslateGitLabUrlsInSourceControlInformation;TranslateAzureReposGitUrlsInSourceControlInformation" (previous value: ";TranslateGitHubUrlsInSourceControlInformation;TranslateGitLabUrlsInSourceControlInformation") at C:\Program Files\dotnet\sdk\9.0.304\Sdks\Microsoft.SourceLink.AzureRepos.Git\build\Microsoft.SourceLink.AzureRepos.Git.targets (13,5)
       C:\Program Files\dotnet\sdk\9.0.304\Sdks\Microsoft.SourceLink.Bitbucket.Git\build\Microsoft.SourceLink.Bitbucket.Git.targets(12,5): message : Property reassignment: $(SourceLinkUrlInitializerTargets)=";_InitializeGitHubSourceLinkUrl;_InitializeGitLabSourceLinkUrl;_InitializeAzureReposGitSourceLinkUrl;_InitializeBitbucketGitSourceLinkUrl" (previous value: ";_InitializeGitHubSourceLinkUrl;_InitializeGitLabSourceLinkUrl;_InitializeAzureReposGitSourceLinkUrl") at C:\Program Files\dotnet\sdk\9.0.304\Sdks\Microsoft.SourceLink.Bitbucket.Git\build\Microsoft.SourceLink.Bitbucket.Git.targets (12,5)
       C:\Program Files\dotnet\sdk\9.0.304\Sdks\Microsoft.SourceLink.Bitbucket.Git\build\Microsoft.SourceLink.Bitbucket.Git.targets(13,5): message : Property reassignment: $(SourceControlManagerUrlTranslationTargets)=";TranslateGitHubUrlsInSourceControlInformation;TranslateGitLabUrlsInSourceControlInformation;TranslateAzureReposGitUrlsInSourceControlInformation;TranslateBitbucketGitUrlsInSourceControlInformation" (previous value: ";TranslateGitHubUrlsInSourceControlInformation;TranslateGitLabUrlsInSourceControlInformation;TranslateAzureReposGitUrlsInSourceControlInformation") at C:\Program Files\dotnet\sdk\9.0.304\Sdks\Microsoft.SourceLink.Bitbucket.Git\build\Microsoft.SourceLink.Bitbucket.Git.targets (13,5)
       C:\Program Files\dotnet\sdk\9.0.304\Sdks\Microsoft.NET.Sdk\targets\Microsoft.NET.DesignerSupport.targets(21,5): message : Property reassignment: $(DesignerRuntimeImplementationProjectOutputGroupDependsOn)="
       C:\Program Files\dotnet\sdk\9.0.304\Sdks\Microsoft.NET.Sdk\targets\Microsoft.NET.DesignerSupport.targets(21,5): message :       
       C:\Program Files\dotnet\sdk\9.0.304\Sdks\Microsoft.NET.Sdk\targets\Microsoft.NET.DesignerSupport.targets(21,5): message :       ;
       C:\Program Files\dotnet\sdk\9.0.304\Sdks\Microsoft.NET.Sdk\targets\Microsoft.NET.DesignerSupport.targets(21,5): message :       
       C:\Program Files\dotnet\sdk\9.0.304\Sdks\Microsoft.NET.Sdk\targets\Microsoft.NET.DesignerSupport.targets(21,5): message :       ;
       C:\Program Files\dotnet\sdk\9.0.304\Sdks\Microsoft.NET.Sdk\targets\Microsoft.NET.DesignerSupport.targets(21,5): message :       BuildOnlySettings;
       C:\Program Files\dotnet\sdk\9.0.304\Sdks\Microsoft.NET.Sdk\targets\Microsoft.NET.DesignerSupport.targets(21,5): message :       PrepareForBuild;
       C:\Program Files\dotnet\sdk\9.0.304\Sdks\Microsoft.NET.Sdk\targets\Microsoft.NET.DesignerSupport.targets(21,5): message :       AssignTargetPaths;
       C:\Program Files\dotnet\sdk\9.0.304\Sdks\Microsoft.NET.Sdk\targets\Microsoft.NET.DesignerSupport.targets(21,5): message :       ResolveReferences
       C:\Program Files\dotnet\sdk\9.0.304\Sdks\Microsoft.NET.Sdk\targets\Microsoft.NET.DesignerSupport.targets(21,5): message :     
       C:\Program Files\dotnet\sdk\9.0.304\Sdks\Microsoft.NET.Sdk\targets\Microsoft.NET.DesignerSupport.targets(21,5): message :     ;
       C:\Program Files\dotnet\sdk\9.0.304\Sdks\Microsoft.NET.Sdk\targets\Microsoft.NET.DesignerSupport.targets(21,5): message :       _GenerateDesignerDepsFile;
       C:\Program Files\dotnet\sdk\9.0.304\Sdks\Microsoft.NET.Sdk\targets\Microsoft.NET.DesignerSupport.targets(21,5): message :       _GenerateDesignerRuntimeConfigFile;
       C:\Program Files\dotnet\sdk\9.0.304\Sdks\Microsoft.NET.Sdk\targets\Microsoft.NET.DesignerSupport.targets(21,5): message :       GetCopyToOutputDirectoryItems;
       C:\Program Files\dotnet\sdk\9.0.304\Sdks\Microsoft.NET.Sdk\targets\Microsoft.NET.DesignerSupport.targets(21,5): message :       _GatherDesignerShadowCopyFiles;
       C:\Program Files\dotnet\sdk\9.0.304\Sdks\Microsoft.NET.Sdk\targets\Microsoft.NET.DesignerSupport.targets(21,5): message :     " (previous value: "
       C:\Program Files\dotnet\sdk\9.0.304\Sdks\Microsoft.NET.Sdk\targets\Microsoft.NET.DesignerSupport.targets(21,5): message :       ;
       C:\Program Files\dotnet\sdk\9.0.304\Sdks\Microsoft.NET.Sdk\targets\Microsoft.NET.DesignerSupport.targets(21,5): message :       
       C:\Program Files\dotnet\sdk\9.0.304\Sdks\Microsoft.NET.Sdk\targets\Microsoft.NET.DesignerSupport.targets(21,5): message :       ;
       C:\Program Files\dotnet\sdk\9.0.304\Sdks\Microsoft.NET.Sdk\targets\Microsoft.NET.DesignerSupport.targets(21,5): message :       BuildOnlySettings;
       C:\Program Files\dotnet\sdk\9.0.304\Sdks\Microsoft.NET.Sdk\targets\Microsoft.NET.DesignerSupport.targets(21,5): message :       PrepareForBuild;
       C:\Program Files\dotnet\sdk\9.0.304\Sdks\Microsoft.NET.Sdk\targets\Microsoft.NET.DesignerSupport.targets(21,5): message :       AssignTargetPaths;
       C:\Program Files\dotnet\sdk\9.0.304\Sdks\Microsoft.NET.Sdk\targets\Microsoft.NET.DesignerSupport.targets(21,5): message :       ResolveReferences
       C:\Program Files\dotnet\sdk\9.0.304\Sdks\Microsoft.NET.Sdk\targets\Microsoft.NET.DesignerSupport.targets(21,5): message :     
       C:\Program Files\dotnet\sdk\9.0.304\Sdks\Microsoft.NET.Sdk\targets\Microsoft.NET.DesignerSupport.targets(21,5): message :     ") at C:\Program Files\dotnet\sdk\9.0.304\Sdks\Microsoft.NET.Sdk\targets\Microsoft.NET.DesignerSupport.targets (21,5)
       C:\Program Files\dotnet\sdk\9.0.304\Sdks\Microsoft.NET.Sdk\targets\Microsoft.NET.PackTool.targets(68,5): message : Property reassignment: $(_GenerateToolsSettingsFileCacheFile)="D:\Ralph\SpareParts\src\SpareParts.Infrastructure.Interfaces\obj\Debug\net8.0\SpareParts.Infrastructure.Interfaces.toolssettingsinput.cache" (previous value: "obj\Debug\net8.0\SpareParts.Infrastructure.Interfaces.toolssettingsinput.cache") at C:\Program Files\dotnet\sdk\9.0.304\Sdks\Microsoft.NET.Sdk\targets\Microsoft.NET.PackTool.targets (68,5)
       C:\Program Files\dotnet\sdk\9.0.304\Sdks\Microsoft.NET.Sdk\targets\Microsoft.NET.PackTool.targets(137,5): message : Property reassignment: $(_ShimInputCacheFile)="D:\Ralph\SpareParts\src\SpareParts.Infrastructure.Interfaces\obj\Debug\net8.0\SpareParts.Infrastructure.Interfaces.shiminput.cache" (previous value: "obj\Debug\net8.0\SpareParts.Infrastructure.Interfaces.shiminput.cache") at C:\Program Files\dotnet\sdk\9.0.304\Sdks\Microsoft.NET.Sdk\targets\Microsoft.NET.PackTool.targets (137,5)
       C:\Program Files\dotnet\sdk\9.0.304\Sdks\Microsoft.NET.Sdk\targets\Microsoft.NET.PackTool.targets(139,5): message : Property reassignment: $(_ShimCreatedSentinelFile)="D:\Ralph\SpareParts\src\SpareParts.Infrastructure.Interfaces\obj\Debug\net8.0\SpareParts.Infrastructure.Interfaces.shimcreated.sentinel" (previous value: "obj\Debug\net8.0\SpareParts.Infrastructure.Interfaces.shimcreated.sentinel") at C:\Program Files\dotnet\sdk\9.0.304\Sdks\Microsoft.NET.Sdk\targets\Microsoft.NET.PackTool.targets (139,5)
       C:\Program Files\dotnet\sdk\9.0.304\Sdks\Microsoft.NET.Sdk\targets\Microsoft.NET.Sdk.CSharp.targets(31,5): message : Property reassignment: $(DefineConstants)="TRACE;DEBUG" (previous value: "TRACE") at C:\Program Files\dotnet\sdk\9.0.304\Sdks\Microsoft.NET.Sdk\targets\Microsoft.NET.Sdk.CSharp.targets (31,5)
       C:\Program Files\dotnet\sdk\9.0.304\Sdks\Microsoft.NET.Sdk\targets\Microsoft.NET.Sdk.CSharp.targets(34,5): message : Property reassignment: $(DefineConstants)="TRACE;DEBUG;NET;NET8_0;NETCOREAPP" (previous value: "TRACE;DEBUG") at C:\Program Files\dotnet\sdk\9.0.304\Sdks\Microsoft.NET.Sdk\targets\Microsoft.NET.Sdk.CSharp.targets (34,5)
       C:\Program Files\dotnet\sdk\9.0.304\Sdks\Microsoft.NET.Sdk\targets\Microsoft.NET.Sdk.CSharp.targets(48,5): message : Property reassignment: $(WarningsAsErrors)=";NU1605;SYSLIB0011" (previous value: ";NU1605") at C:\Program Files\dotnet\sdk\9.0.304\Sdks\Microsoft.NET.Sdk\targets\Microsoft.NET.Sdk.CSharp.targets (48,5)
       C:\Program Files\dotnet\sdk\9.0.304\Sdks\NuGet.Build.Tasks.Pack\build\NuGet.Build.Tasks.Pack.targets(34,5): message : Property reassignment: $(PackageDescription)="Package Description" (previous value: "") at C:\Program Files\dotnet\sdk\9.0.304\Sdks\NuGet.Build.Tasks.Pack\build\NuGet.Build.Tasks.Pack.targets (34,5)
       C:\Program Files\dotnet\sdk\9.0.304\Sdks\NuGet.Build.Tasks.Pack\build\NuGet.Build.Tasks.Pack.targets(59,5): message : Property reassignment: $(GenerateNuspecDependsOn)="Build;_LoadPackInputItems; _GetTargetFrameworksOutput; _WalkEachTargetPerFramework; _GetPackageFiles; " (previous value: "_LoadPackInputItems; _GetTargetFrameworksOutput; _WalkEachTargetPerFramework; _GetPackageFiles; ") at C:\Program Files\dotnet\sdk\9.0.304\Sdks\NuGet.Build.Tasks.Pack\build\NuGet.Build.Tasks.Pack.targets (59,5)
       C:\Program Files\dotnet\sdk\9.0.304\Sdks\Microsoft.NET.Sdk\Sdk\Sdk.targets(60,5): message : Property reassignment: $(_IsNotSetContainersTargetsDir)="true" (previous value: "false") at C:\Program Files\dotnet\sdk\9.0.304\Sdks\Microsoft.NET.Sdk\Sdk\Sdk.targets (60,5)
       C:\Program Files\dotnet\sdk\9.0.304\Containers\build\Microsoft.NET.Build.Containers.targets(5,5): message : Property reassignment: $(_IsSDKContainerAllowedVersion)="true" (previous value: "false") at C:\Program Files\dotnet\sdk\9.0.304\Containers\build\Microsoft.NET.Build.Containers.targets (5,5)
       C:\Program Files\dotnet\sdk\9.0.304\Containers\build\Microsoft.NET.Build.Containers.targets(15,5): message : Property reassignment: $(_ContainerIsTargetingNet8TFM)="true" (previous value: "false") at C:\Program Files\dotnet\sdk\9.0.304\Containers\build\Microsoft.NET.Build.Containers.targets (15,5)
       Overriding target "ResolveFrameworkReferences" in project "C:\Program Files\dotnet\sdk\9.0.304\Microsoft.Common.CurrentVersion.targets" with target "ResolveFrameworkReferences" from project "C:\Program Files\dotnet\sdk\9.0.304\Sdks\Microsoft.NET.Sdk\targets\Microsoft.NET.Sdk.FrameworkReferenceResolution.targets".
       Overriding target "Run" in project "C:\Program Files\dotnet\sdk\9.0.304\Microsoft.Common.CurrentVersion.targets" with target "Run" from project "C:\Program Files\dotnet\sdk\9.0.304\Sdks\Microsoft.NET.Sdk\targets\Microsoft.NET.Sdk.targets".
       Overriding target "GenerateSupportedTargetFrameworkAlias" in project "C:\Program Files\dotnet\sdk\9.0.304\Microsoft.Common.CurrentVersion.targets" with target "GenerateSupportedTargetFrameworkAlias" from project "C:\Program Files\dotnet\sdk\9.0.304\Sdks\Microsoft.NET.Sdk\targets\Microsoft.NET.Sdk.targets".
       Overriding target "GetReferenceAssemblyPaths" in project "C:\Program Files\dotnet\sdk\9.0.304\Microsoft.Common.CurrentVersion.targets" with target "GetReferenceAssemblyPaths" from project "C:\Program Files\dotnet\sdk\9.0.304\Sdks\Microsoft.NET.Sdk\targets\Microsoft.NET.DisableStandardFrameworkResolution.targets".
       Overriding target "GetFrameworkPaths" in project "C:\Program Files\dotnet\sdk\9.0.304\Microsoft.Common.CurrentVersion.targets" with target "GetFrameworkPaths" from project "C:\Program Files\dotnet\sdk\9.0.304\Sdks\Microsoft.NET.Sdk\targets\Microsoft.NET.DisableStandardFrameworkResolution.targets".
       Overriding target "DesignerRuntimeImplementationProjectOutputGroup" in project "C:\Program Files\dotnet\sdk\9.0.304\Microsoft.Common.CurrentVersion.targets" with target "DesignerRuntimeImplementationProjectOutputGroup" from project "C:\Program Files\dotnet\sdk\9.0.304\Sdks\Microsoft.NET.Sdk\targets\Microsoft.NET.DesignerSupport.targets".
       Overriding target "Publish" in project "C:\Program Files\dotnet\sdk\9.0.304\Microsoft.Common.CurrentVersion.targets" with target "Publish" from project "C:\Program Files\dotnet\sdk\9.0.304\Sdks\Microsoft.NET.Sdk\targets\Microsoft.NET.Publish.targets".
       Overriding target "ResolveReadyToRunCompilers" in project "C:\Program Files\dotnet\sdk\9.0.304\Sdks\Microsoft.NET.Sdk\targets\Microsoft.NET.CrossGen.targets" with target "ResolveReadyToRunCompilers" from project "C:\Program Files\dotnet\sdk\9.0.304\Sdks\Microsoft.NET.Sdk\targets\Microsoft.NET.Publish.targets".
       Overriding target "GetCopyToPublishDirectoryItems" in project "C:\Program Files\dotnet\sdk\9.0.304\Microsoft.Common.CurrentVersion.targets" with target "GetCopyToPublishDirectoryItems" from project "C:\Program Files\dotnet\sdk\9.0.304\Sdks\Microsoft.NET.Sdk\targets\Microsoft.NET.Publish.targets".
     1>Project "D:\Ralph\SpareParts\src\SpareParts.Api\SpareParts.Api.csproj" (1) is building "D:\Ralph\SpareParts\src\SpareParts.Infrastructure.Interfaces\SpareParts.Infrastructure.Interfaces.csproj" (2) on node 1 (GetTargetFrameworks target(s)).
     2>Target "GetTargetFrameworksWithPlatformForSingleTargetFramework" in file "C:\Program Files\dotnet\sdk\9.0.304\Microsoft.Common.CurrentVersion.targets" from project "D:\Ralph\SpareParts\src\SpareParts.Infrastructure.Interfaces\SpareParts.Infrastructure.Interfaces.csproj" (target "GetTargetFrameworks" depends on it):
     2>Added Item(s): 
    _AdditionalTargetFrameworkInfoPropertyWithValue=
        SelfContained
                Value=
       Added Item(s): 
           _AdditionalTargetFrameworkInfoPropertyWithValue=
               _IsExecutable
                       Value=
       Added Item(s): 
           _AdditionalTargetFrameworkInfoPropertyWithValue=
               IsRidAgnostic
                       Value=true
       Added Item(s): 
           _AdditionalTargetFrameworkInfoPropertyWithValue=
               ShouldBeValidatedAsExecutableReference
                       Value=
       Added Item(s): 
           _AdditionalTargetFrameworkInfoPropertyWithValue=
               _SelfContainedWasSpecified
                       Value=
       Using "CombineTargetFrameworkInfoProperties" task from assembly "Microsoft.Build.Tasks.Core, Version=15.1.0.0, Culture=neutral, PublicKeyToken=b03f5f7f11d50a3a".
       Task "CombineTargetFrameworkInfoProperties"
         Task Parameter:
             PropertiesAndValues=
                 SelfContained
                         Value=
                 _IsExecutable
                         Value=
                 IsRidAgnostic
                         Value=true
                 ShouldBeValidatedAsExecutableReference
                         Value=
                 _SelfContainedWasSpecified
                         Value=
         Task Parameter:UseAttributeForTargetFrameworkInfoPropertyNames=True
         Task Parameter:RootElementName=net8.0
         Output Property: _AdditionalTargetFrameworkInfoProperties=<TargetFramework Name="net8.0">
           <SelfContained></SelfContained>
           <_IsExecutable></_IsExecutable>
           <IsRidAgnostic>true</IsRidAgnostic>
           <ShouldBeValidatedAsExecutableReference></ShouldBeValidatedAsExecutableReference>
           <_SelfContainedWasSpecified></_SelfContainedWasSpecified>
         </TargetFramework>
       Done executing task "CombineTargetFrameworkInfoProperties".
       Added Item(s): 
           _TargetFrameworkInfo=
               net8.0
                       AdditionalPropertiesFromProject=<TargetFramework Name="net8.0">
         <SelfContained></SelfContained>
         <_IsExecutable></_IsExecutable>
         <IsRidAgnostic>true</IsRidAgnostic>
         <ShouldBeValidatedAsExecutableReference></ShouldBeValidatedAsExecutableReference>
         <_SelfContainedWasSpecified></_SelfContainedWasSpecified>
       </TargetFramework>
                       IsRidAgnostic=true
                       TargetFrameworkMonikers=.NETCoreApp,Version=v8.0
                       TargetFrameworks=net8.0
                       TargetPlatformMonikers=None
     2>Done building target "GetTargetFrameworksWithPlatformForSingleTargetFramework" in project "SpareParts.Infrastructure.Interfaces.csproj".
     2>Target "GetTargetFrameworks" in file "C:\Program Files\dotnet\sdk\9.0.304\Microsoft.Common.CurrentVersion.targets" from project "D:\Ralph\SpareParts\src\SpareParts.Infrastructure.Interfaces\SpareParts.Infrastructure.Interfaces.csproj" (entry point):
       Task "MSBuildInternalMessage" skipped, due to false condition; ('$(IsCrossTargetingBuild)' == 'true') was evaluated as ('' == 'true').
       Using "CombineXmlElements" task from assembly "Microsoft.Build.Tasks.Core, Version=15.1.0.0, Culture=neutral, PublicKeyToken=b03f5f7f11d50a3a".
       Task "CombineXmlElements"
         Task Parameter:
             XmlElements=
                 <TargetFramework Name="net8.0">
           <SelfContained></SelfContained>
           <_IsExecutable></_IsExecutable>
           <IsRidAgnostic>true</IsRidAgnostic>
           <ShouldBeValidatedAsExecutableReference></ShouldBeValidatedAsExecutableReference>
           <_SelfContainedWasSpecified></_SelfContainedWasSpecified>
         </TargetFramework>
                         AdditionalPropertiesFromProject=<TargetFramework Name="net8.0">
           <SelfContained></SelfContained>
           <_IsExecutable></_IsExecutable>
           <IsRidAgnostic>true</IsRidAgnostic>
           <ShouldBeValidatedAsExecutableReference></ShouldBeValidatedAsExecutableReference>
           <_SelfContainedWasSpecified></_SelfContainedWasSpecified>
         </TargetFramework>
                         IsRidAgnostic=true
                         TargetFrameworkMonikers=.NETCoreApp,Version=v8.0
                         TargetFrameworks=net8.0
                         TargetPlatformMonikers=None
         Task Parameter:RootElementName=AdditionalProjectProperties
         Output Property: _AdditionalPropertiesFromProject=<AdditionalProjectProperties>
           <TargetFramework Name="net8.0">
             <SelfContained></SelfContained>
             <_IsExecutable></_IsExecutable>
             <IsRidAgnostic>true</IsRidAgnostic>
             <ShouldBeValidatedAsExecutableReference></ShouldBeValidatedAsExecutableReference>
             <_SelfContainedWasSpecified></_SelfContainedWasSpecified>
           </TargetFramework>
         </AdditionalProjectProperties>
       Done executing task "CombineXmlElements".
       Added Item(s): 
           _ThisProjectBuildMetadata=
               D:\Ralph\SpareParts\src\SpareParts.Infrastructure.Interfaces\SpareParts.Infrastructure.Interfaces.csproj
                       AdditionalPropertiesFromProject=<AdditionalProjectProperties>
         <TargetFramework Name="net8.0">
           <SelfContained></SelfContained>
           <_IsExecutable></_IsExecutable>
           <IsRidAgnostic>true</IsRidAgnostic>
           <ShouldBeValidatedAsExecutableReference></ShouldBeValidatedAsExecutableReference>
           <_SelfContainedWasSpecified></_SelfContainedWasSpecified>
         </TargetFramework>
       </AdditionalProjectProperties>
                       HasSingleTargetFramework=true
                       IsRidAgnostic=true
                       Platform=AnyCPU
                       Platforms=AnyCPU
                       TargetFrameworkMonikers=.NETCoreApp,Version=v8.0
                       TargetFrameworks=net8.0
                       TargetPlatformMonikers=None
     2>Done building target "GetTargetFrameworks" in project "SpareParts.Infrastructure.Interfaces.csproj".
     2>Done Building Project "D:\Ralph\SpareParts\src\SpareParts.Infrastructure.Interfaces\SpareParts.Infrastructure.Interfaces.csproj" (GetTargetFrameworks target(s)).
     0>The SDK "Microsoft.NET.Sdk" was successfully resolved by the "DefaultSdkResolver" resolver to location "C:\Program Files\dotnet\sdk\9.0.304\Sdks\Microsoft.NET.Sdk\Sdk" and version "".
       C:\Program Files\dotnet\sdk\9.0.304\Sdks\Microsoft.NET.Sdk\Sdk\Sdk.props(49,11): message : Property 'MSBuildExtensionsPath' with value 'C:\Program Files\dotnet\sdk\9.0.304\' expanded from the environment.
       C:\Program Files\dotnet\sdk\9.0.304\Current\Microsoft.Common.props(60,5): message : Property reassignment: $(MSBuildProjectExtensionsPath)="D:\Ralph\SpareParts\src\SpareParts.Domain\obj\" (previous value: "obj\") at C:\Program Files\dotnet\sdk\9.0.304\Current\Microsoft.Common.props (60,5)
       D:\Ralph\SpareParts\src\SpareParts.Domain\obj\SpareParts.Domain.csproj.nuget.g.props(7,5): message : Property 'USERPROFILE' with value 'C:\Users\r.maalouf' expanded from the environment.
       C:\Program Files\dotnet\sdk\9.0.304\Current\Microsoft.Common.props(84,119): message : Property 'MSBuildUserExtensionsPath' with value 'C:\Users\r.maalouf\AppData\Local\Microsoft\MSBuild' expanded from the environment.
       C:\Program Files\dotnet\sdk\9.0.304\Sdks\Microsoft.NET.Sdk\targets\Microsoft.NET.Sdk.props(90,5): message : Property reassignment: $(AssemblySearchPaths)="{CandidateAssemblyFiles};{HintPathFromItem}" (previous value: "{CandidateAssemblyFiles}") at C:\Program Files\dotnet\sdk\9.0.304\Sdks\Microsoft.NET.Sdk\targets\Microsoft.NET.Sdk.props (90,5)
       C:\Program Files\dotnet\sdk\9.0.304\Sdks\Microsoft.NET.Sdk\targets\Microsoft.NET.Sdk.props(91,5): message : Property reassignment: $(AssemblySearchPaths)="{CandidateAssemblyFiles};{HintPathFromItem};{TargetFrameworkDirectory}" (previous value: "{CandidateAssemblyFiles};{HintPathFromItem}") at C:\Program Files\dotnet\sdk\9.0.304\Sdks\Microsoft.NET.Sdk\targets\Microsoft.NET.Sdk.props (91,5)
       C:\Program Files\dotnet\sdk\9.0.304\Sdks\Microsoft.NET.Sdk\targets\Microsoft.NET.Sdk.props(92,5): message : Property reassignment: $(AssemblySearchPaths)="{CandidateAssemblyFiles};{HintPathFromItem};{TargetFrameworkDirectory};{RawFileName}" (previous value: "{CandidateAssemblyFiles};{HintPathFromItem};{TargetFrameworkDirectory}") at C:\Program Files\dotnet\sdk\9.0.304\Sdks\Microsoft.NET.Sdk\targets\Microsoft.NET.Sdk.props (92,5)
       The "DefaultSdkResolver" resolver attempted to resolve the SDK "Microsoft.NET.SDK.WorkloadAutoImportPropsLocator".
       Warnings: null
       Errors: MSB4276: The default SDK resolver failed to resolve SDK "Microsoft.NET.SDK.WorkloadAutoImportPropsLocator" because directory "C:\Program Files\dotnet\sdk\9.0.304\Sdks\Microsoft.NET.SDK.WorkloadAutoImportPropsLocator\Sdk" did not exist.
       The SDK "Microsoft.NET.SDK.WorkloadAutoImportPropsLocator" was successfully resolved by the "Microsoft.DotNet.MSBuildWorkloadSdkResolver" resolver to location "null" and version "null".
       C:\Program Files\dotnet\sdk\9.0.304\Sdks\Microsoft.NET.Sdk\targets\Microsoft.NET.PackProjectTool.props(15,5): message : Property reassignment: $(TargetsForTfmSpecificContentInPackage)=";PackTool;_PackProjectToolValidation" (previous value: ";PackTool") at C:\Program Files\dotnet\sdk\9.0.304\Sdks\Microsoft.NET.Sdk\targets\Microsoft.NET.PackProjectTool.props (15,5)
       C:\Program Files\dotnet\sdk\9.0.304\Sdks\Microsoft.NET.Sdk\targets\Microsoft.NET.Sdk.ImportPublishProfile.targets(28,5): message : Property reassignment: $(PublishProfileImported)="false" (previous value: "true") at C:\Program Files\dotnet\sdk\9.0.304\Sdks\Microsoft.NET.Sdk\targets\Microsoft.NET.Sdk.ImportPublishProfile.targets (28,5)
       C:\Program Files\dotnet\sdk\9.0.304\Sdks\Microsoft.NET.Sdk\targets\Microsoft.NET.TargetFrameworkInference.targets(69,5): message : Property reassignment: $(TargetPlatformVersion)="" (previous value: "0.0") at C:\Program Files\dotnet\sdk\9.0.304\Sdks\Microsoft.NET.Sdk\targets\Microsoft.NET.TargetFrameworkInference.targets (69,5)
       C:\Program Files\dotnet\sdk\9.0.304\Sdks\Microsoft.NET.Sdk\targets\Microsoft.NET.DefaultOutputPaths.targets(122,5): message : Property reassignment: $(DefaultItemExcludes)=";bin\Debug\/**;obj\Debug\/**" (previous value: ";bin\Debug\/**") at C:\Program Files\dotnet\sdk\9.0.304\Sdks\Microsoft.NET.Sdk\targets\Microsoft.NET.DefaultOutputPaths.targets (122,5)
       C:\Program Files\dotnet\sdk\9.0.304\Sdks\Microsoft.NET.Sdk\targets\Microsoft.NET.DefaultOutputPaths.targets(137,5): message : Property reassignment: $(OutputPath)="bin\Debug\net8.0\" (previous value: "bin\Debug\") at C:\Program Files\dotnet\sdk\9.0.304\Sdks\Microsoft.NET.Sdk\targets\Microsoft.NET.DefaultOutputPaths.targets (137,5)
       C:\Program Files\dotnet\sdk\9.0.304\Sdks\Microsoft.NET.Sdk\targets\Microsoft.NET.DefaultOutputPaths.targets(142,5): message : Property reassignment: $(IntermediateOutputPath)="obj\Debug\net8.0\" (previous value: "obj\Debug\") at C:\Program Files\dotnet\sdk\9.0.304\Sdks\Microsoft.NET.Sdk\targets\Microsoft.NET.DefaultOutputPaths.targets (142,5)
       The "DefaultSdkResolver" resolver attempted to resolve the SDK "Microsoft.NET.SDK.WorkloadManifestTargetsLocator".
       Warnings: null
       Errors: MSB4276: The default SDK resolver failed to resolve SDK "Microsoft.NET.SDK.WorkloadManifestTargetsLocator" because directory "C:\Program Files\dotnet\sdk\9.0.304\Sdks\Microsoft.NET.SDK.WorkloadManifestTargetsLocator\Sdk" did not exist.
       The SDK "Microsoft.NET.SDK.WorkloadManifestTargetsLocator" was successfully resolved by the "Microsoft.DotNet.MSBuildWorkloadSdkResolver" resolver to location "C:\Program Files\dotnet\sdk-manifests\9.0.100\microsoft.net.sdk.android\35.0.78" and version "null".
       C:\Program Files\dotnet\sdk\9.0.304\Sdks\Microsoft.NET.Sdk\targets\Microsoft.NET.Sdk.BeforeCommon.targets(187,5): message : Property reassignment: $(_FrameworkIdentifierForImplicitDefine)="NET" (previous value: "NETCOREAPP") at C:\Program Files\dotnet\sdk\9.0.304\Sdks\Microsoft.NET.Sdk\targets\Microsoft.NET.Sdk.BeforeCommon.targets (187,5)
       C:\Program Files\dotnet\sdk\9.0.304\Sdks\Microsoft.NET.Sdk\targets\Microsoft.NET.Sdk.BeforeCommon.targets(192,5): message : Property reassignment: $(_FrameworkVersionForImplicitDefine)="8_0" (previous value: "8.0") at C:\Program Files\dotnet\sdk\9.0.304\Sdks\Microsoft.NET.Sdk\targets\Microsoft.NET.Sdk.BeforeCommon.targets (192,5)
       C:\Program Files\dotnet\sdk\9.0.304\Roslyn\Microsoft.CSharp.Core.targets(200,5): message : Property reassignment: $(CommandLineArgsForDesignTimeEvaluation)="-langversion:12.0 -define:TRACE" (previous value: "-langversion:12.0") at C:\Program Files\dotnet\sdk\9.0.304\Roslyn\Microsoft.CSharp.Core.targets (200,5)
       C:\Program Files\dotnet\sdk\9.0.304\Microsoft.Common.CurrentVersion.targets(175,5): message : Property reassignment: $(_DebugSymbolsProduced)="true" (previous value: "false") at C:\Program Files\dotnet\sdk\9.0.304\Microsoft.Common.CurrentVersion.targets (175,5)
       C:\Program Files\dotnet\sdk\9.0.304\Microsoft.Common.CurrentVersion.targets(185,5): message : Property reassignment: $(_DocumentationFileProduced)="false" (previous value: "true") at C:\Program Files\dotnet\sdk\9.0.304\Microsoft.Common.CurrentVersion.targets (185,5)
       C:\Program Files\dotnet\sdk\9.0.304\Microsoft.Common.CurrentVersion.targets(392,5): message : Property reassignment: $(MSBuildCopyMarkerName)="SparePar.0AFA9602" (previous value: "SpareParts.Domain.csproj") at C:\Program Files\dotnet\sdk\9.0.304\Microsoft.Common.CurrentVersion.targets (392,5)
       C:\Program Files\dotnet\sdk\9.0.304\Microsoft.Common.CurrentVersion.targets(393,5): message : Property reassignment: $(MSBuildCopyMarkerName)="SparePar.0AFA9602.Up2Date" (previous value: "SparePar.0AFA9602") at C:\Program Files\dotnet\sdk\9.0.304\Microsoft.Common.CurrentVersion.targets (393,5)
       C:\Program Files\dotnet\sdk\9.0.304\Microsoft.Common.CurrentVersion.targets(541,5): message : Property reassignment: $(ProcessorArchitecture)="msil" (previous value: "") at C:\Program Files\dotnet\sdk\9.0.304\Microsoft.Common.CurrentVersion.targets (541,5)
       C:\Program Files\dotnet\sdk\9.0.304\Microsoft.Common.CurrentVersion.targets(580,5): message : Property reassignment: $(DelaySign)="" (previous value: "false") at C:\Program Files\dotnet\sdk\9.0.304\Microsoft.Common.CurrentVersion.targets (580,5)
       C:\Program Files\dotnet\sdk\9.0.304\Microsoft.Common.CurrentVersion.targets(2619,5): message : Property 'LOCALAPPDATA' with value 'C:\Users\r.maalouf\AppData\Local' expanded from the environment.
       C:\Program Files\dotnet\sdk\9.0.304\Microsoft.Common.CurrentVersion.targets(3947,5): message : Property reassignment: $(_SGenGenerateSerializationAssembliesConfig)="Auto" (previous value: "") at C:\Program Files\dotnet\sdk\9.0.304\Microsoft.Common.CurrentVersion.targets (3947,5)
       C:\Program Files\dotnet\sdk\9.0.304\Microsoft.Common.CurrentVersion.targets(3948,5): message : Property reassignment: $(_SGenGenerateSerializationAssembliesConfig)="Off" (previous value: "Auto") at C:\Program Files\dotnet\sdk\9.0.304\Microsoft.Common.CurrentVersion.targets (3948,5)
       C:\Program Files\dotnet\sdk\9.0.304\Microsoft.Common.CurrentVersion.targets(5159,5): message : Property reassignment: $(_TargetsThatPrepareProjectReferences)="
       C:\Program Files\dotnet\sdk\9.0.304\Microsoft.Common.CurrentVersion.targets(5159,5): message :       AssignProjectConfiguration;
       C:\Program Files\dotnet\sdk\9.0.304\Microsoft.Common.CurrentVersion.targets(5159,5): message :       _SplitProjectReferencesByFileExistence
       C:\Program Files\dotnet\sdk\9.0.304\Microsoft.Common.CurrentVersion.targets(5159,5): message :     " (previous value: "_SplitProjectReferencesByFileExistence") at C:\Program Files\dotnet\sdk\9.0.304\Microsoft.Common.CurrentVersion.targets (5159,5)
       C:\Program Files\dotnet\sdk\9.0.304\Microsoft.Common.CurrentVersion.targets(6954,5): message : Property 'MSBuildExtensionsPath32' with value 'C:\Program Files\dotnet\sdk\9.0.304' expanded from the environment.
       C:\Program Files\dotnet\sdk\9.0.304\Sdks\Microsoft.NET.Sdk\targets\Microsoft.PackageDependencyResolution.targets(29,5): message : Property reassignment: $(ProjectAssetsCacheFile)="D:\Ralph\SpareParts\src\SpareParts.Domain\obj\Debug\net8.0\SpareParts.Domain.assets.cache" (previous value: "obj\Debug\net8.0\SpareParts.Domain.assets.cache") at C:\Program Files\dotnet\sdk\9.0.304\Sdks\Microsoft.NET.Sdk\targets\Microsoft.PackageDependencyResolution.targets (29,5)
       C:\Program Files\dotnet\sdk\9.0.304\Sdks\Microsoft.NET.Sdk\targets\Microsoft.PackageDependencyResolution.targets(80,5): message : Property reassignment: $(ResolveAssemblyReferencesDependsOn)="
       C:\Program Files\dotnet\sdk\9.0.304\Sdks\Microsoft.NET.Sdk\targets\Microsoft.PackageDependencyResolution.targets(80,5): message :       
       C:\Program Files\dotnet\sdk\9.0.304\Sdks\Microsoft.NET.Sdk\targets\Microsoft.PackageDependencyResolution.targets(80,5): message :       ResolveProjectReferences;
       C:\Program Files\dotnet\sdk\9.0.304\Sdks\Microsoft.NET.Sdk\targets\Microsoft.PackageDependencyResolution.targets(80,5): message :       FindInvalidProjectReferences;
       C:\Program Files\dotnet\sdk\9.0.304\Sdks\Microsoft.NET.Sdk\targets\Microsoft.PackageDependencyResolution.targets(80,5): message :       GetFrameworkPaths;
       C:\Program Files\dotnet\sdk\9.0.304\Sdks\Microsoft.NET.Sdk\targets\Microsoft.PackageDependencyResolution.targets(80,5): message :       GetReferenceAssemblyPaths;
       C:\Program Files\dotnet\sdk\9.0.304\Sdks\Microsoft.NET.Sdk\targets\Microsoft.PackageDependencyResolution.targets(80,5): message :       PrepareForBuild;
       C:\Program Files\dotnet\sdk\9.0.304\Sdks\Microsoft.NET.Sdk\targets\Microsoft.PackageDependencyResolution.targets(80,5): message :       ResolveSDKReferences;
       C:\Program Files\dotnet\sdk\9.0.304\Sdks\Microsoft.NET.Sdk\targets\Microsoft.PackageDependencyResolution.targets(80,5): message :       ExpandSDKReferences;
       C:\Program Files\dotnet\sdk\9.0.304\Sdks\Microsoft.NET.Sdk\targets\Microsoft.PackageDependencyResolution.targets(80,5): message :     ;
       C:\Program Files\dotnet\sdk\9.0.304\Sdks\Microsoft.NET.Sdk\targets\Microsoft.PackageDependencyResolution.targets(80,5): message :       ResolvePackageDependenciesForBuild;
       C:\Program Files\dotnet\sdk\9.0.304\Sdks\Microsoft.NET.Sdk\targets\Microsoft.PackageDependencyResolution.targets(80,5): message :       _HandlePackageFileConflicts;
       C:\Program Files\dotnet\sdk\9.0.304\Sdks\Microsoft.NET.Sdk\targets\Microsoft.PackageDependencyResolution.targets(80,5): message :     " (previous value: "
       C:\Program Files\dotnet\sdk\9.0.304\Sdks\Microsoft.NET.Sdk\targets\Microsoft.PackageDependencyResolution.targets(80,5): message :       ResolveProjectReferences;
       C:\Program Files\dotnet\sdk\9.0.304\Sdks\Microsoft.NET.Sdk\targets\Microsoft.PackageDependencyResolution.targets(80,5): message :       FindInvalidProjectReferences;
       C:\Program Files\dotnet\sdk\9.0.304\Sdks\Microsoft.NET.Sdk\targets\Microsoft.PackageDependencyResolution.targets(80,5): message :       GetFrameworkPaths;
       C:\Program Files\dotnet\sdk\9.0.304\Sdks\Microsoft.NET.Sdk\targets\Microsoft.PackageDependencyResolution.targets(80,5): message :       GetReferenceAssemblyPaths;
       C:\Program Files\dotnet\sdk\9.0.304\Sdks\Microsoft.NET.Sdk\targets\Microsoft.PackageDependencyResolution.targets(80,5): message :       PrepareForBuild;
       C:\Program Files\dotnet\sdk\9.0.304\Sdks\Microsoft.NET.Sdk\targets\Microsoft.PackageDependencyResolution.targets(80,5): message :       ResolveSDKReferences;
       C:\Program Files\dotnet\sdk\9.0.304\Sdks\Microsoft.NET.Sdk\targets\Microsoft.PackageDependencyResolution.targets(80,5): message :       ExpandSDKReferences;
       C:\Program Files\dotnet\sdk\9.0.304\Sdks\Microsoft.NET.Sdk\targets\Microsoft.PackageDependencyResolution.targets(80,5): message :     ") at C:\Program Files\dotnet\sdk\9.0.304\Sdks\Microsoft.NET.Sdk\targets\Microsoft.PackageDependencyResolution.targets (80,5)
       C:\Program Files\dotnet\sdk\9.0.304\Sdks\Microsoft.NET.Sdk\targets\Microsoft.PackageDependencyResolution.targets(86,5): message : Property reassignment: $(PrepareResourcesDependsOn)="
       C:\Program Files\dotnet\sdk\9.0.304\Sdks\Microsoft.NET.Sdk\targets\Microsoft.PackageDependencyResolution.targets(86,5): message :       ResolvePackageDependenciesForBuild;
       C:\Program Files\dotnet\sdk\9.0.304\Sdks\Microsoft.NET.Sdk\targets\Microsoft.PackageDependencyResolution.targets(86,5): message :       _HandlePackageFileConflicts;
       C:\Program Files\dotnet\sdk\9.0.304\Sdks\Microsoft.NET.Sdk\targets\Microsoft.PackageDependencyResolution.targets(86,5): message :       
       C:\Program Files\dotnet\sdk\9.0.304\Sdks\Microsoft.NET.Sdk\targets\Microsoft.PackageDependencyResolution.targets(86,5): message :       ;
       C:\Program Files\dotnet\sdk\9.0.304\Sdks\Microsoft.NET.Sdk\targets\Microsoft.PackageDependencyResolution.targets(86,5): message :       PrepareResourceNames;
       C:\Program Files\dotnet\sdk\9.0.304\Sdks\Microsoft.NET.Sdk\targets\Microsoft.PackageDependencyResolution.targets(86,5): message :       ResGen;
       C:\Program Files\dotnet\sdk\9.0.304\Sdks\Microsoft.NET.Sdk\targets\Microsoft.PackageDependencyResolution.targets(86,5): message :       CompileLicxFiles
       C:\Program Files\dotnet\sdk\9.0.304\Sdks\Microsoft.NET.Sdk\targets\Microsoft.PackageDependencyResolution.targets(86,5): message :     
       C:\Program Files\dotnet\sdk\9.0.304\Sdks\Microsoft.NET.Sdk\targets\Microsoft.PackageDependencyResolution.targets(86,5): message :     " (previous value: "
       C:\Program Files\dotnet\sdk\9.0.304\Sdks\Microsoft.NET.Sdk\targets\Microsoft.PackageDependencyResolution.targets(86,5): message :       ;
       C:\Program Files\dotnet\sdk\9.0.304\Sdks\Microsoft.NET.Sdk\targets\Microsoft.PackageDependencyResolution.targets(86,5): message :       PrepareResourceNames;
       C:\Program Files\dotnet\sdk\9.0.304\Sdks\Microsoft.NET.Sdk\targets\Microsoft.PackageDependencyResolution.targets(86,5): message :       ResGen;
       C:\Program Files\dotnet\sdk\9.0.304\Sdks\Microsoft.NET.Sdk\targets\Microsoft.PackageDependencyResolution.targets(86,5): message :       CompileLicxFiles
       C:\Program Files\dotnet\sdk\9.0.304\Sdks\Microsoft.NET.Sdk\targets\Microsoft.PackageDependencyResolution.targets(86,5): message :     ") at C:\Program Files\dotnet\sdk\9.0.304\Sdks\Microsoft.NET.Sdk\targets\Microsoft.PackageDependencyResolution.targets (86,5)
       C:\Program Files\dotnet\sdk\9.0.304\Sdks\Microsoft.NET.Sdk\targets\Microsoft.NET.Sdk.DefaultItems.targets(27,5): message : Property reassignment: $(DefaultItemExcludes)=";bin\Debug\/**;obj\Debug\/**;bin\/**" (previous value: ";bin\Debug\/**;obj\Debug\/**") at C:\Program Files\dotnet\sdk\9.0.304\Sdks\Microsoft.NET.Sdk\targets\Microsoft.NET.Sdk.DefaultItems.targets (27,5)
       C:\Program Files\dotnet\sdk\9.0.304\Sdks\Microsoft.NET.Sdk\targets\Microsoft.NET.Sdk.DefaultItems.targets(29,5): message : Property reassignment: $(DefaultItemExcludes)=";bin\Debug\/**;obj\Debug\/**;bin\/**;obj\/**" (previous value: ";bin\Debug\/**;obj\Debug\/**;bin\/**") at C:\Program Files\dotnet\sdk\9.0.304\Sdks\Microsoft.NET.Sdk\targets\Microsoft.NET.Sdk.DefaultItems.targets (29,5)
       C:\Program Files\dotnet\sdk\9.0.304\Sdks\Microsoft.NET.Sdk\targets\Microsoft.NET.Sdk.DefaultItems.targets(32,5): message : Property reassignment: $(DefaultItemExcludes)=";bin\Debug\/**;obj\Debug\/**;bin\/**;obj\/**;**/*.user" (previous value: ";bin\Debug\/**;obj\Debug\/**;bin\/**;obj\/**") at C:\Program Files\dotnet\sdk\9.0.304\Sdks\Microsoft.NET.Sdk\targets\Microsoft.NET.Sdk.DefaultItems.targets (32,5)
       C:\Program Files\dotnet\sdk\9.0.304\Sdks\Microsoft.NET.Sdk\targets\Microsoft.NET.Sdk.DefaultItems.targets(33,5): message : Property reassignment: $(DefaultItemExcludes)=";bin\Debug\/**;obj\Debug\/**;bin\/**;obj\/**;**/*.user;**/*.*proj" (previous value: ";bin\Debug\/**;obj\Debug\/**;bin\/**;obj\/**;**/*.user") at C:\Program Files\dotnet\sdk\9.0.304\Sdks\Microsoft.NET.Sdk\targets\Microsoft.NET.Sdk.DefaultItems.targets (33,5)
       C:\Program Files\dotnet\sdk\9.0.304\Sdks\Microsoft.NET.Sdk\targets\Microsoft.NET.Sdk.DefaultItems.targets(34,5): message : Property reassignment: $(DefaultItemExcludes)=";bin\Debug\/**;obj\Debug\/**;bin\/**;obj\/**;**/*.user;**/*.*proj;**/*.sln" (previous value: ";bin\Debug\/**;obj\Debug\/**;bin\/**;obj\/**;**/*.user;**/*.*proj") at C:\Program Files\dotnet\sdk\9.0.304\Sdks\Microsoft.NET.Sdk\targets\Microsoft.NET.Sdk.DefaultItems.targets (34,5)
       C:\Program Files\dotnet\sdk\9.0.304\Sdks\Microsoft.NET.Sdk\targets\Microsoft.NET.Sdk.DefaultItems.targets(35,5): message : Property reassignment: $(DefaultItemExcludes)=";bin\Debug\/**;obj\Debug\/**;bin\/**;obj\/**;**/*.user;**/*.*proj;**/*.sln;**/*.slnx" (previous value: ";bin\Debug\/**;obj\Debug\/**;bin\/**;obj\/**;**/*.user;**/*.*proj;**/*.sln") at C:\Program Files\dotnet\sdk\9.0.304\Sdks\Microsoft.NET.Sdk\targets\Microsoft.NET.Sdk.DefaultItems.targets (35,5)
       C:\Program Files\dotnet\sdk\9.0.304\Sdks\Microsoft.NET.Sdk\targets\Microsoft.NET.Sdk.DefaultItems.targets(36,5): message : Property reassignment: $(DefaultItemExcludes)=";bin\Debug\/**;obj\Debug\/**;bin\/**;obj\/**;**/*.user;**/*.*proj;**/*.sln;**/*.slnx;**/*.vssscc" (previous value: ";bin\Debug\/**;obj\Debug\/**;bin\/**;obj\/**;**/*.user;**/*.*proj;**/*.sln;**/*.slnx") at C:\Program Files\dotnet\sdk\9.0.304\Sdks\Microsoft.NET.Sdk\targets\Microsoft.NET.Sdk.DefaultItems.targets (36,5)
       C:\Program Files\dotnet\sdk\9.0.304\Sdks\Microsoft.NET.Sdk\targets\Microsoft.NET.Sdk.DefaultItems.targets(37,5): message : Property reassignment: $(DefaultItemExcludes)=";bin\Debug\/**;obj\Debug\/**;bin\/**;obj\/**;**/*.user;**/*.*proj;**/*.sln;**/*.slnx;**/*.vssscc;**/.DS_Store" (previous value: ";bin\Debug\/**;obj\Debug\/**;bin\/**;obj\/**;**/*.user;**/*.*proj;**/*.sln;**/*.slnx;**/*.vssscc") at C:\Program Files\dotnet\sdk\9.0.304\Sdks\Microsoft.NET.Sdk\targets\Microsoft.NET.Sdk.DefaultItems.targets (37,5)
       C:\Program Files\dotnet\sdk\9.0.304\Sdks\Microsoft.NET.Sdk\targets\Microsoft.NET.Sdk.FrameworkReferenceResolution.targets(14,5): message : Property reassignment: $(ResolveAssemblyReferencesDependsOn)="
       C:\Program Files\dotnet\sdk\9.0.304\Sdks\Microsoft.NET.Sdk\targets\Microsoft.NET.Sdk.FrameworkReferenceResolution.targets(14,5): message :       
       C:\Program Files\dotnet\sdk\9.0.304\Sdks\Microsoft.NET.Sdk\targets\Microsoft.NET.Sdk.FrameworkReferenceResolution.targets(14,5): message :       
       C:\Program Files\dotnet\sdk\9.0.304\Sdks\Microsoft.NET.Sdk\targets\Microsoft.NET.Sdk.FrameworkReferenceResolution.targets(14,5): message :       ResolveProjectReferences;
       C:\Program Files\dotnet\sdk\9.0.304\Sdks\Microsoft.NET.Sdk\targets\Microsoft.NET.Sdk.FrameworkReferenceResolution.targets(14,5): message :       FindInvalidProjectReferences;
       C:\Program Files\dotnet\sdk\9.0.304\Sdks\Microsoft.NET.Sdk\targets\Microsoft.NET.Sdk.FrameworkReferenceResolution.targets(14,5): message :       GetFrameworkPaths;
       C:\Program Files\dotnet\sdk\9.0.304\Sdks\Microsoft.NET.Sdk\targets\Microsoft.NET.Sdk.FrameworkReferenceResolution.targets(14,5): message :       GetReferenceAssemblyPaths;
       C:\Program Files\dotnet\sdk\9.0.304\Sdks\Microsoft.NET.Sdk\targets\Microsoft.NET.Sdk.FrameworkReferenceResolution.targets(14,5): message :       PrepareForBuild;
       C:\Program Files\dotnet\sdk\9.0.304\Sdks\Microsoft.NET.Sdk\targets\Microsoft.NET.Sdk.FrameworkReferenceResolution.targets(14,5): message :       ResolveSDKReferences;
       C:\Program Files\dotnet\sdk\9.0.304\Sdks\Microsoft.NET.Sdk\targets\Microsoft.NET.Sdk.FrameworkReferenceResolution.targets(14,5): message :       ExpandSDKReferences;
       C:\Program Files\dotnet\sdk\9.0.304\Sdks\Microsoft.NET.Sdk\targets\Microsoft.NET.Sdk.FrameworkReferenceResolution.targets(14,5): message :     ;
       C:\Program Files\dotnet\sdk\9.0.304\Sdks\Microsoft.NET.Sdk\targets\Microsoft.NET.Sdk.FrameworkReferenceResolution.targets(14,5): message :       ResolvePackageDependenciesForBuild;
       C:\Program Files\dotnet\sdk\9.0.304\Sdks\Microsoft.NET.Sdk\targets\Microsoft.NET.Sdk.FrameworkReferenceResolution.targets(14,5): message :       _HandlePackageFileConflicts;
       C:\Program Files\dotnet\sdk\9.0.304\Sdks\Microsoft.NET.Sdk\targets\Microsoft.NET.Sdk.FrameworkReferenceResolution.targets(14,5): message :     ;
       C:\Program Files\dotnet\sdk\9.0.304\Sdks\Microsoft.NET.Sdk\targets\Microsoft.NET.Sdk.FrameworkReferenceResolution.targets(14,5): message :       ResolveTargetingPackAssets;
       C:\Program Files\dotnet\sdk\9.0.304\Sdks\Microsoft.NET.Sdk\targets\Microsoft.NET.Sdk.FrameworkReferenceResolution.targets(14,5): message :     " (previous value: "
       C:\Program Files\dotnet\sdk\9.0.304\Sdks\Microsoft.NET.Sdk\targets\Microsoft.NET.Sdk.FrameworkReferenceResolution.targets(14,5): message :       
       C:\Program Files\dotnet\sdk\9.0.304\Sdks\Microsoft.NET.Sdk\targets\Microsoft.NET.Sdk.FrameworkReferenceResolution.targets(14,5): message :       ResolveProjectReferences;
       C:\Program Files\dotnet\sdk\9.0.304\Sdks\Microsoft.NET.Sdk\targets\Microsoft.NET.Sdk.FrameworkReferenceResolution.targets(14,5): message :       FindInvalidProjectReferences;
       C:\Program Files\dotnet\sdk\9.0.304\Sdks\Microsoft.NET.Sdk\targets\Microsoft.NET.Sdk.FrameworkReferenceResolution.targets(14,5): message :       GetFrameworkPaths;
       C:\Program Files\dotnet\sdk\9.0.304\Sdks\Microsoft.NET.Sdk\targets\Microsoft.NET.Sdk.FrameworkReferenceResolution.targets(14,5): message :       GetReferenceAssemblyPaths;
       C:\Program Files\dotnet\sdk\9.0.304\Sdks\Microsoft.NET.Sdk\targets\Microsoft.NET.Sdk.FrameworkReferenceResolution.targets(14,5): message :       PrepareForBuild;
       C:\Program Files\dotnet\sdk\9.0.304\Sdks\Microsoft.NET.Sdk\targets\Microsoft.NET.Sdk.FrameworkReferenceResolution.targets(14,5): message :       ResolveSDKReferences;
       C:\Program Files\dotnet\sdk\9.0.304\Sdks\Microsoft.NET.Sdk\targets\Microsoft.NET.Sdk.FrameworkReferenceResolution.targets(14,5): message :       ExpandSDKReferences;
       C:\Program Files\dotnet\sdk\9.0.304\Sdks\Microsoft.NET.Sdk\targets\Microsoft.NET.Sdk.FrameworkReferenceResolution.targets(14,5): message :     ;
       C:\Program Files\dotnet\sdk\9.0.304\Sdks\Microsoft.NET.Sdk\targets\Microsoft.NET.Sdk.FrameworkReferenceResolution.targets(14,5): message :       ResolvePackageDependenciesForBuild;
       C:\Program Files\dotnet\sdk\9.0.304\Sdks\Microsoft.NET.Sdk\targets\Microsoft.NET.Sdk.FrameworkReferenceResolution.targets(14,5): message :       _HandlePackageFileConflicts;
       C:\Program Files\dotnet\sdk\9.0.304\Sdks\Microsoft.NET.Sdk\targets\Microsoft.NET.Sdk.FrameworkReferenceResolution.targets(14,5): message :     ") at C:\Program Files\dotnet\sdk\9.0.304\Sdks\Microsoft.NET.Sdk\targets\Microsoft.NET.Sdk.FrameworkReferenceResolution.targets (14,5)
       C:\Program Files\dotnet\sdk\9.0.304\Sdks\Microsoft.NET.Sdk\targets\Microsoft.NET.Sdk.targets(44,5): message : Property reassignment: $(_GenerateRuntimeConfigurationPropertyInputsCache)="D:\Ralph\SpareParts\src\SpareParts.Domain\obj\Debug\net8.0\SpareParts.Domain.genruntimeconfig.cache" (previous value: "obj\Debug\net8.0\SpareParts.Domain.genruntimeconfig.cache") at C:\Program Files\dotnet\sdk\9.0.304\Sdks\Microsoft.NET.Sdk\targets\Microsoft.NET.Sdk.targets (44,5)
       C:\Program Files\dotnet\sdk\9.0.304\Sdks\Microsoft.NET.Sdk\targets\Microsoft.NET.Sdk.targets(46,5): message : Property reassignment: $(_GeneratePublishDependencyFilePropertyInputsCache)="D:\Ralph\SpareParts\src\SpareParts.Domain\obj\Debug\net8.0\SpareParts.Domain.genpublishdeps.cache" (previous value: "obj\Debug\net8.0\SpareParts.Domain.genpublishdeps.cache") at C:\Program Files\dotnet\sdk\9.0.304\Sdks\Microsoft.NET.Sdk\targets\Microsoft.NET.Sdk.targets (46,5)
       C:\Program Files\dotnet\sdk\9.0.304\Sdks\Microsoft.NET.Sdk\targets\Microsoft.NET.Sdk.targets(48,5): message : Property reassignment: $(_GenerateSingleFileBundlePropertyInputsCache)="D:\Ralph\SpareParts\src\SpareParts.Domain\obj\Debug\net8.0\SpareParts.Domain.genbundle.cache" (previous value: "obj\Debug\net8.0\SpareParts.Domain.genbundle.cache") at C:\Program Files\dotnet\sdk\9.0.304\Sdks\Microsoft.NET.Sdk\targets\Microsoft.NET.Sdk.targets (48,5)
       C:\Program Files\dotnet\sdk\9.0.304\Sdks\Microsoft.NET.Sdk\targets\Microsoft.NET.Sdk.targets(81,5): message : Property reassignment: $(GenerateRuntimeConfigDevFile)="false" (previous value: "true") at C:\Program Files\dotnet\sdk\9.0.304\Sdks\Microsoft.NET.Sdk\targets\Microsoft.NET.Sdk.targets (81,5)
       C:\Program Files\dotnet\sdk\9.0.304\Sdks\Microsoft.NET.Sdk\targets\Microsoft.NET.Sdk.targets(97,5): message : Property reassignment: $(_DefaultUserProfileRuntimeStorePath)="C:\Users\r.maalouf" (previous value: "") at C:\Program Files\dotnet\sdk\9.0.304\Sdks\Microsoft.NET.Sdk\targets\Microsoft.NET.Sdk.targets (97,5)
       C:\Program Files\dotnet\sdk\9.0.304\Sdks\Microsoft.NET.Sdk\targets\Microsoft.NET.Sdk.targets(98,5): message : Property reassignment: $(_DefaultUserProfileRuntimeStorePath)="C:\Users\r.maalouf\.dotnet\store" (previous value: "C:\Users\r.maalouf") at C:\Program Files\dotnet\sdk\9.0.304\Sdks\Microsoft.NET.Sdk\targets\Microsoft.NET.Sdk.targets (98,5)
       C:\Program Files\dotnet\sdk\9.0.304\Sdks\Microsoft.NET.Sdk\targets\Microsoft.NET.Sdk.targets(140,5): message : Property reassignment: $(AvailablePlatforms)="Any CPU,x86,x64,ARM32" (previous value: "Any CPU,x86,x64") at C:\Program Files\dotnet\sdk\9.0.304\Sdks\Microsoft.NET.Sdk\targets\Microsoft.NET.Sdk.targets (140,5)
       C:\Program Files\dotnet\sdk\9.0.304\Sdks\Microsoft.NET.Sdk\targets\Microsoft.NET.Sdk.targets(144,5): message : Property reassignment: $(AvailablePlatforms)="Any CPU,x86,x64,ARM32,ARM64" (previous value: "Any CPU,x86,x64,ARM32") at C:\Program Files\dotnet\sdk\9.0.304\Sdks\Microsoft.NET.Sdk\targets\Microsoft.NET.Sdk.targets (144,5)
       C:\Program Files\dotnet\sdk\9.0.304\Sdks\Microsoft.NET.Sdk\targets\Microsoft.NET.Sdk.targets(201,5): message : Property reassignment: $(CoreBuildDependsOn)="
       C:\Program Files\dotnet\sdk\9.0.304\Sdks\Microsoft.NET.Sdk\targets\Microsoft.NET.Sdk.targets(201,5): message :       _CheckForBuildWithNoBuild;
       C:\Program Files\dotnet\sdk\9.0.304\Sdks\Microsoft.NET.Sdk\targets\Microsoft.NET.Sdk.targets(201,5): message :       
       C:\Program Files\dotnet\sdk\9.0.304\Sdks\Microsoft.NET.Sdk\targets\Microsoft.NET.Sdk.targets(201,5): message :       BuildOnlySettings;
       C:\Program Files\dotnet\sdk\9.0.304\Sdks\Microsoft.NET.Sdk\targets\Microsoft.NET.Sdk.targets(201,5): message :       PrepareForBuild;
       C:\Program Files\dotnet\sdk\9.0.304\Sdks\Microsoft.NET.Sdk\targets\Microsoft.NET.Sdk.targets(201,5): message :       PreBuildEvent;
       C:\Program Files\dotnet\sdk\9.0.304\Sdks\Microsoft.NET.Sdk\targets\Microsoft.NET.Sdk.targets(201,5): message :       ResolveReferences;
       C:\Program Files\dotnet\sdk\9.0.304\Sdks\Microsoft.NET.Sdk\targets\Microsoft.NET.Sdk.targets(201,5): message :       PrepareResources;
       C:\Program Files\dotnet\sdk\9.0.304\Sdks\Microsoft.NET.Sdk\targets\Microsoft.NET.Sdk.targets(201,5): message :       ResolveKeySource;
       C:\Program Files\dotnet\sdk\9.0.304\Sdks\Microsoft.NET.Sdk\targets\Microsoft.NET.Sdk.targets(201,5): message :       Compile;
       C:\Program Files\dotnet\sdk\9.0.304\Sdks\Microsoft.NET.Sdk\targets\Microsoft.NET.Sdk.targets(201,5): message :       ExportWindowsMDFile;
       C:\Program Files\dotnet\sdk\9.0.304\Sdks\Microsoft.NET.Sdk\targets\Microsoft.NET.Sdk.targets(201,5): message :       UnmanagedUnregistration;
       C:\Program Files\dotnet\sdk\9.0.304\Sdks\Microsoft.NET.Sdk\targets\Microsoft.NET.Sdk.targets(201,5): message :       GenerateSerializationAssemblies;
       C:\Program Files\dotnet\sdk\9.0.304\Sdks\Microsoft.NET.Sdk\targets\Microsoft.NET.Sdk.targets(201,5): message :       CreateSatelliteAssemblies;
       C:\Program Files\dotnet\sdk\9.0.304\Sdks\Microsoft.NET.Sdk\targets\Microsoft.NET.Sdk.targets(201,5): message :       GenerateManifests;
       C:\Program Files\dotnet\sdk\9.0.304\Sdks\Microsoft.NET.Sdk\targets\Microsoft.NET.Sdk.targets(201,5): message :       GetTargetPath;
       C:\Program Files\dotnet\sdk\9.0.304\Sdks\Microsoft.NET.Sdk\targets\Microsoft.NET.Sdk.targets(201,5): message :       PrepareForRun;
       C:\Program Files\dotnet\sdk\9.0.304\Sdks\Microsoft.NET.Sdk\targets\Microsoft.NET.Sdk.targets(201,5): message :       UnmanagedRegistration;
       C:\Program Files\dotnet\sdk\9.0.304\Sdks\Microsoft.NET.Sdk\targets\Microsoft.NET.Sdk.targets(201,5): message :       IncrementalClean;
       C:\Program Files\dotnet\sdk\9.0.304\Sdks\Microsoft.NET.Sdk\targets\Microsoft.NET.Sdk.targets(201,5): message :       PostBuildEvent
       C:\Program Files\dotnet\sdk\9.0.304\Sdks\Microsoft.NET.Sdk\targets\Microsoft.NET.Sdk.targets(201,5): message :     ;
       C:\Program Files\dotnet\sdk\9.0.304\Sdks\Microsoft.NET.Sdk\targets\Microsoft.NET.Sdk.targets(201,5): message :       GenerateBuildDependencyFile;
       C:\Program Files\dotnet\sdk\9.0.304\Sdks\Microsoft.NET.Sdk\targets\Microsoft.NET.Sdk.targets(201,5): message :       GenerateBuildRuntimeConfigurationFiles
       C:\Program Files\dotnet\sdk\9.0.304\Sdks\Microsoft.NET.Sdk\targets\Microsoft.NET.Sdk.targets(201,5): message :     " (previous value: "
       C:\Program Files\dotnet\sdk\9.0.304\Sdks\Microsoft.NET.Sdk\targets\Microsoft.NET.Sdk.targets(201,5): message :       BuildOnlySettings;
       C:\Program Files\dotnet\sdk\9.0.304\Sdks\Microsoft.NET.Sdk\targets\Microsoft.NET.Sdk.targets(201,5): message :       PrepareForBuild;
       C:\Program Files\dotnet\sdk\9.0.304\Sdks\Microsoft.NET.Sdk\targets\Microsoft.NET.Sdk.targets(201,5): message :       PreBuildEvent;
       C:\Program Files\dotnet\sdk\9.0.304\Sdks\Microsoft.NET.Sdk\targets\Microsoft.NET.Sdk.targets(201,5): message :       ResolveReferences;
       C:\Program Files\dotnet\sdk\9.0.304\Sdks\Microsoft.NET.Sdk\targets\Microsoft.NET.Sdk.targets(201,5): message :       PrepareResources;
       C:\Program Files\dotnet\sdk\9.0.304\Sdks\Microsoft.NET.Sdk\targets\Microsoft.NET.Sdk.targets(201,5): message :       ResolveKeySource;
       C:\Program Files\dotnet\sdk\9.0.304\Sdks\Microsoft.NET.Sdk\targets\Microsoft.NET.Sdk.targets(201,5): message :       Compile;
       C:\Program Files\dotnet\sdk\9.0.304\Sdks\Microsoft.NET.Sdk\targets\Microsoft.NET.Sdk.targets(201,5): message :       ExportWindowsMDFile;
       C:\Program Files\dotnet\sdk\9.0.304\Sdks\Microsoft.NET.Sdk\targets\Microsoft.NET.Sdk.targets(201,5): message :       UnmanagedUnregistration;
       C:\Program Files\dotnet\sdk\9.0.304\Sdks\Microsoft.NET.Sdk\targets\Microsoft.NET.Sdk.targets(201,5): message :       GenerateSerializationAssemblies;
       C:\Program Files\dotnet\sdk\9.0.304\Sdks\Microsoft.NET.Sdk\targets\Microsoft.NET.Sdk.targets(201,5): message :       CreateSatelliteAssemblies;
       C:\Program Files\dotnet\sdk\9.0.304\Sdks\Microsoft.NET.Sdk\targets\Microsoft.NET.Sdk.targets(201,5): message :       GenerateManifests;
       C:\Program Files\dotnet\sdk\9.0.304\Sdks\Microsoft.NET.Sdk\targets\Microsoft.NET.Sdk.targets(201,5): message :       GetTargetPath;
       C:\Program Files\dotnet\sdk\9.0.304\Sdks\Microsoft.NET.Sdk\targets\Microsoft.NET.Sdk.targets(201,5): message :       PrepareForRun;
       C:\Program Files\dotnet\sdk\9.0.304\Sdks\Microsoft.NET.Sdk\targets\Microsoft.NET.Sdk.targets(201,5): message :       UnmanagedRegistration;
       C:\Program Files\dotnet\sdk\9.0.304\Sdks\Microsoft.NET.Sdk\targets\Microsoft.NET.Sdk.targets(201,5): message :       IncrementalClean;
       C:\Program Files\dotnet\sdk\9.0.304\Sdks\Microsoft.NET.Sdk\targets\Microsoft.NET.Sdk.targets(201,5): message :       PostBuildEvent
       C:\Program Files\dotnet\sdk\9.0.304\Sdks\Microsoft.NET.Sdk\targets\Microsoft.NET.Sdk.targets(201,5): message :     ") at C:\Program Files\dotnet\sdk\9.0.304\Sdks\Microsoft.NET.Sdk\targets\Microsoft.NET.Sdk.targets (201,5)
       C:\Program Files\dotnet\sdk\9.0.304\Sdks\Microsoft.NET.Sdk\targets\Microsoft.NET.Sdk.targets(210,5): message : Property reassignment: $(CoreCleanDependsOn)="
       C:\Program Files\dotnet\sdk\9.0.304\Sdks\Microsoft.NET.Sdk\targets\Microsoft.NET.Sdk.targets(210,5): message :       _SdkBeforeClean;
       C:\Program Files\dotnet\sdk\9.0.304\Sdks\Microsoft.NET.Sdk\targets\Microsoft.NET.Sdk.targets(210,5): message :       
       C:\Program Files\dotnet\sdk\9.0.304\Sdks\Microsoft.NET.Sdk\targets\Microsoft.NET.Sdk.targets(210,5): message :     " (previous value: "") at C:\Program Files\dotnet\sdk\9.0.304\Sdks\Microsoft.NET.Sdk\targets\Microsoft.NET.Sdk.targets (210,5)
       C:\Program Files\dotnet\sdk\9.0.304\Sdks\Microsoft.NET.Sdk\targets\Microsoft.NET.Sdk.targets(217,5): message : Property reassignment: $(RebuildDependsOn)="
       C:\Program Files\dotnet\sdk\9.0.304\Sdks\Microsoft.NET.Sdk\targets\Microsoft.NET.Sdk.targets(217,5): message :       _SdkBeforeRebuild;
       C:\Program Files\dotnet\sdk\9.0.304\Sdks\Microsoft.NET.Sdk\targets\Microsoft.NET.Sdk.targets(217,5): message :       
       C:\Program Files\dotnet\sdk\9.0.304\Sdks\Microsoft.NET.Sdk\targets\Microsoft.NET.Sdk.targets(217,5): message :       BeforeRebuild;
       C:\Program Files\dotnet\sdk\9.0.304\Sdks\Microsoft.NET.Sdk\targets\Microsoft.NET.Sdk.targets(217,5): message :       Clean;
       C:\Program Files\dotnet\sdk\9.0.304\Sdks\Microsoft.NET.Sdk\targets\Microsoft.NET.Sdk.targets(217,5): message :       Build;
       C:\Program Files\dotnet\sdk\9.0.304\Sdks\Microsoft.NET.Sdk\targets\Microsoft.NET.Sdk.targets(217,5): message :       AfterRebuild;
       C:\Program Files\dotnet\sdk\9.0.304\Sdks\Microsoft.NET.Sdk\targets\Microsoft.NET.Sdk.targets(217,5): message :     
       C:\Program Files\dotnet\sdk\9.0.304\Sdks\Microsoft.NET.Sdk\targets\Microsoft.NET.Sdk.targets(217,5): message :     " (previous value: "
       C:\Program Files\dotnet\sdk\9.0.304\Sdks\Microsoft.NET.Sdk\targets\Microsoft.NET.Sdk.targets(217,5): message :       BeforeRebuild;
       C:\Program Files\dotnet\sdk\9.0.304\Sdks\Microsoft.NET.Sdk\targets\Microsoft.NET.Sdk.targets(217,5): message :       Clean;
       C:\Program Files\dotnet\sdk\9.0.304\Sdks\Microsoft.NET.Sdk\targets\Microsoft.NET.Sdk.targets(217,5): message :       Build;
       C:\Program Files\dotnet\sdk\9.0.304\Sdks\Microsoft.NET.Sdk\targets\Microsoft.NET.Sdk.targets(217,5): message :       AfterRebuild;
       C:\Program Files\dotnet\sdk\9.0.304\Sdks\Microsoft.NET.Sdk\targets\Microsoft.NET.Sdk.targets(217,5): message :     ") at C:\Program Files\dotnet\sdk\9.0.304\Sdks\Microsoft.NET.Sdk\targets\Microsoft.NET.Sdk.targets (217,5)
       C:\Program Files\dotnet\sdk\9.0.304\Sdks\Microsoft.NET.Sdk\targets\Microsoft.NET.Sdk.targets(784,5): message : Property reassignment: $(CompileDependsOn)="
       C:\Program Files\dotnet\sdk\9.0.304\Sdks\Microsoft.NET.Sdk\targets\Microsoft.NET.Sdk.targets(784,5): message :       
       C:\Program Files\dotnet\sdk\9.0.304\Sdks\Microsoft.NET.Sdk\targets\Microsoft.NET.Sdk.targets(784,5): message :       ResolveReferences;
       C:\Program Files\dotnet\sdk\9.0.304\Sdks\Microsoft.NET.Sdk\targets\Microsoft.NET.Sdk.targets(784,5): message :       ResolveKeySource;
       C:\Program Files\dotnet\sdk\9.0.304\Sdks\Microsoft.NET.Sdk\targets\Microsoft.NET.Sdk.targets(784,5): message :       SetWin32ManifestProperties;
       C:\Program Files\dotnet\sdk\9.0.304\Sdks\Microsoft.NET.Sdk\targets\Microsoft.NET.Sdk.targets(784,5): message :       _SetPreferNativeArm64Win32ManifestProperties;
       C:\Program Files\dotnet\sdk\9.0.304\Sdks\Microsoft.NET.Sdk\targets\Microsoft.NET.Sdk.targets(784,5): message :       FindReferenceAssembliesForReferences;
       C:\Program Files\dotnet\sdk\9.0.304\Sdks\Microsoft.NET.Sdk\targets\Microsoft.NET.Sdk.targets(784,5): message :       _GenerateCompileInputs;
       C:\Program Files\dotnet\sdk\9.0.304\Sdks\Microsoft.NET.Sdk\targets\Microsoft.NET.Sdk.targets(784,5): message :       BeforeCompile;
       C:\Program Files\dotnet\sdk\9.0.304\Sdks\Microsoft.NET.Sdk\targets\Microsoft.NET.Sdk.targets(784,5): message :       _TimeStampBeforeCompile;
       C:\Program Files\dotnet\sdk\9.0.304\Sdks\Microsoft.NET.Sdk\targets\Microsoft.NET.Sdk.targets(784,5): message :       _GenerateCompileDependencyCache;
       C:\Program Files\dotnet\sdk\9.0.304\Sdks\Microsoft.NET.Sdk\targets\Microsoft.NET.Sdk.targets(784,5): message :       CoreCompile;
       C:\Program Files\dotnet\sdk\9.0.304\Sdks\Microsoft.NET.Sdk\targets\Microsoft.NET.Sdk.targets(784,5): message :       _TimeStampAfterCompile;
       C:\Program Files\dotnet\sdk\9.0.304\Sdks\Microsoft.NET.Sdk\targets\Microsoft.NET.Sdk.targets(784,5): message :       AfterCompile;
       C:\Program Files\dotnet\sdk\9.0.304\Sdks\Microsoft.NET.Sdk\targets\Microsoft.NET.Sdk.targets(784,5): message :     ;
       C:\Program Files\dotnet\sdk\9.0.304\Sdks\Microsoft.NET.Sdk\targets\Microsoft.NET.Sdk.targets(784,5): message :       _CreateAppHost;
       C:\Program Files\dotnet\sdk\9.0.304\Sdks\Microsoft.NET.Sdk\targets\Microsoft.NET.Sdk.targets(784,5): message :       _CreateComHost;
       C:\Program Files\dotnet\sdk\9.0.304\Sdks\Microsoft.NET.Sdk\targets\Microsoft.NET.Sdk.targets(784,5): message :       _GetIjwHostPaths;
       C:\Program Files\dotnet\sdk\9.0.304\Sdks\Microsoft.NET.Sdk\targets\Microsoft.NET.Sdk.targets(784,5): message :     " (previous value: "
       C:\Program Files\dotnet\sdk\9.0.304\Sdks\Microsoft.NET.Sdk\targets\Microsoft.NET.Sdk.targets(784,5): message :       ResolveReferences;
       C:\Program Files\dotnet\sdk\9.0.304\Sdks\Microsoft.NET.Sdk\targets\Microsoft.NET.Sdk.targets(784,5): message :       ResolveKeySource;
       C:\Program Files\dotnet\sdk\9.0.304\Sdks\Microsoft.NET.Sdk\targets\Microsoft.NET.Sdk.targets(784,5): message :       SetWin32ManifestProperties;
       C:\Program Files\dotnet\sdk\9.0.304\Sdks\Microsoft.NET.Sdk\targets\Microsoft.NET.Sdk.targets(784,5): message :       _SetPreferNativeArm64Win32ManifestProperties;
       C:\Program Files\dotnet\sdk\9.0.304\Sdks\Microsoft.NET.Sdk\targets\Microsoft.NET.Sdk.targets(784,5): message :       FindReferenceAssembliesForReferences;
       C:\Program Files\dotnet\sdk\9.0.304\Sdks\Microsoft.NET.Sdk\targets\Microsoft.NET.Sdk.targets(784,5): message :       _GenerateCompileInputs;
       C:\Program Files\dotnet\sdk\9.0.304\Sdks\Microsoft.NET.Sdk\targets\Microsoft.NET.Sdk.targets(784,5): message :       BeforeCompile;
       C:\Program Files\dotnet\sdk\9.0.304\Sdks\Microsoft.NET.Sdk\targets\Microsoft.NET.Sdk.targets(784,5): message :       _TimeStampBeforeCompile;
       C:\Program Files\dotnet\sdk\9.0.304\Sdks\Microsoft.NET.Sdk\targets\Microsoft.NET.Sdk.targets(784,5): message :       _GenerateCompileDependencyCache;
       C:\Program Files\dotnet\sdk\9.0.304\Sdks\Microsoft.NET.Sdk\targets\Microsoft.NET.Sdk.targets(784,5): message :       CoreCompile;
       C:\Program Files\dotnet\sdk\9.0.304\Sdks\Microsoft.NET.Sdk\targets\Microsoft.NET.Sdk.targets(784,5): message :       _TimeStampAfterCompile;
       C:\Program Files\dotnet\sdk\9.0.304\Sdks\Microsoft.NET.Sdk\targets\Microsoft.NET.Sdk.targets(784,5): message :       AfterCompile;
       C:\Program Files\dotnet\sdk\9.0.304\Sdks\Microsoft.NET.Sdk\targets\Microsoft.NET.Sdk.targets(784,5): message :     ") at C:\Program Files\dotnet\sdk\9.0.304\Sdks\Microsoft.NET.Sdk\targets\Microsoft.NET.Sdk.targets (784,5)
       C:\Program Files\dotnet\sdk\9.0.304\Sdks\Microsoft.NET.Sdk\targets\Microsoft.NET.Sdk.targets(1184,5): message : Property reassignment: $(CreateSatelliteAssembliesDependsOn)="
       C:\Program Files\dotnet\sdk\9.0.304\Sdks\Microsoft.NET.Sdk\targets\Microsoft.NET.Sdk.targets(1184,5): message :       
       C:\Program Files\dotnet\sdk\9.0.304\Sdks\Microsoft.NET.Sdk\targets\Microsoft.NET.Sdk.targets(1184,5): message :       ;
       C:\Program Files\dotnet\sdk\9.0.304\Sdks\Microsoft.NET.Sdk\targets\Microsoft.NET.Sdk.targets(1184,5): message :       _GenerateSatelliteAssemblyInputs;
       C:\Program Files\dotnet\sdk\9.0.304\Sdks\Microsoft.NET.Sdk\targets\Microsoft.NET.Sdk.targets(1184,5): message :       ComputeIntermediateSatelliteAssemblies;
       C:\Program Files\dotnet\sdk\9.0.304\Sdks\Microsoft.NET.Sdk\targets\Microsoft.NET.Sdk.targets(1184,5): message :       GenerateSatelliteAssemblies
       C:\Program Files\dotnet\sdk\9.0.304\Sdks\Microsoft.NET.Sdk\targets\Microsoft.NET.Sdk.targets(1184,5): message :     ;
       C:\Program Files\dotnet\sdk\9.0.304\Sdks\Microsoft.NET.Sdk\targets\Microsoft.NET.Sdk.targets(1184,5): message :       CoreGenerateSatelliteAssemblies
       C:\Program Files\dotnet\sdk\9.0.304\Sdks\Microsoft.NET.Sdk\targets\Microsoft.NET.Sdk.targets(1184,5): message :     " (previous value: "
       C:\Program Files\dotnet\sdk\9.0.304\Sdks\Microsoft.NET.Sdk\targets\Microsoft.NET.Sdk.targets(1184,5): message :       ;
       C:\Program Files\dotnet\sdk\9.0.304\Sdks\Microsoft.NET.Sdk\targets\Microsoft.NET.Sdk.targets(1184,5): message :       _GenerateSatelliteAssemblyInputs;
       C:\Program Files\dotnet\sdk\9.0.304\Sdks\Microsoft.NET.Sdk\targets\Microsoft.NET.Sdk.targets(1184,5): message :       ComputeIntermediateSatelliteAssemblies;
       C:\Program Files\dotnet\sdk\9.0.304\Sdks\Microsoft.NET.Sdk\targets\Microsoft.NET.Sdk.targets(1184,5): message :       GenerateSatelliteAssemblies
       C:\Program Files\dotnet\sdk\9.0.304\Sdks\Microsoft.NET.Sdk\targets\Microsoft.NET.Sdk.targets(1184,5): message :     ") at C:\Program Files\dotnet\sdk\9.0.304\Sdks\Microsoft.NET.Sdk\targets\Microsoft.NET.Sdk.targets (1184,5)
       C:\Program Files\dotnet\sdk\9.0.304\Sdks\Microsoft.SourceLink.GitLab\build\Microsoft.SourceLink.GitLab.targets(12,5): message : Property reassignment: $(SourceLinkUrlInitializerTargets)=";_InitializeGitHubSourceLinkUrl;_InitializeGitLabSourceLinkUrl" (previous value: ";_InitializeGitHubSourceLinkUrl") at C:\Program Files\dotnet\sdk\9.0.304\Sdks\Microsoft.SourceLink.GitLab\build\Microsoft.SourceLink.GitLab.targets (12,5)
       C:\Program Files\dotnet\sdk\9.0.304\Sdks\Microsoft.SourceLink.GitLab\build\Microsoft.SourceLink.GitLab.targets(13,5): message : Property reassignment: $(SourceControlManagerUrlTranslationTargets)=";TranslateGitHubUrlsInSourceControlInformation;TranslateGitLabUrlsInSourceControlInformation" (previous value: ";TranslateGitHubUrlsInSourceControlInformation") at C:\Program Files\dotnet\sdk\9.0.304\Sdks\Microsoft.SourceLink.GitLab\build\Microsoft.SourceLink.GitLab.targets (13,5)
       C:\Program Files\dotnet\sdk\9.0.304\Sdks\Microsoft.SourceLink.AzureRepos.Git\build\Microsoft.SourceLink.AzureRepos.Git.targets(12,5): message : Property reassignment: $(SourceLinkUrlInitializerTargets)=";_InitializeGitHubSourceLinkUrl;_InitializeGitLabSourceLinkUrl;_InitializeAzureReposGitSourceLinkUrl" (previous value: ";_InitializeGitHubSourceLinkUrl;_InitializeGitLabSourceLinkUrl") at C:\Program Files\dotnet\sdk\9.0.304\Sdks\Microsoft.SourceLink.AzureRepos.Git\build\Microsoft.SourceLink.AzureRepos.Git.targets (12,5)
       C:\Program Files\dotnet\sdk\9.0.304\Sdks\Microsoft.SourceLink.AzureRepos.Git\build\Microsoft.SourceLink.AzureRepos.Git.targets(13,5): message : Property reassignment: $(SourceControlManagerUrlTranslationTargets)=";TranslateGitHubUrlsInSourceControlInformation;TranslateGitLabUrlsInSourceControlInformation;TranslateAzureReposGitUrlsInSourceControlInformation" (previous value: ";TranslateGitHubUrlsInSourceControlInformation;TranslateGitLabUrlsInSourceControlInformation") at C:\Program Files\dotnet\sdk\9.0.304\Sdks\Microsoft.SourceLink.AzureRepos.Git\build\Microsoft.SourceLink.AzureRepos.Git.targets (13,5)
       C:\Program Files\dotnet\sdk\9.0.304\Sdks\Microsoft.SourceLink.Bitbucket.Git\build\Microsoft.SourceLink.Bitbucket.Git.targets(12,5): message : Property reassignment: $(SourceLinkUrlInitializerTargets)=";_InitializeGitHubSourceLinkUrl;_InitializeGitLabSourceLinkUrl;_InitializeAzureReposGitSourceLinkUrl;_InitializeBitbucketGitSourceLinkUrl" (previous value: ";_InitializeGitHubSourceLinkUrl;_InitializeGitLabSourceLinkUrl;_InitializeAzureReposGitSourceLinkUrl") at C:\Program Files\dotnet\sdk\9.0.304\Sdks\Microsoft.SourceLink.Bitbucket.Git\build\Microsoft.SourceLink.Bitbucket.Git.targets (12,5)
       C:\Program Files\dotnet\sdk\9.0.304\Sdks\Microsoft.SourceLink.Bitbucket.Git\build\Microsoft.SourceLink.Bitbucket.Git.targets(13,5): message : Property reassignment: $(SourceControlManagerUrlTranslationTargets)=";TranslateGitHubUrlsInSourceControlInformation;TranslateGitLabUrlsInSourceControlInformation;TranslateAzureReposGitUrlsInSourceControlInformation;TranslateBitbucketGitUrlsInSourceControlInformation" (previous value: ";TranslateGitHubUrlsInSourceControlInformation;TranslateGitLabUrlsInSourceControlInformation;TranslateAzureReposGitUrlsInSourceControlInformation") at C:\Program Files\dotnet\sdk\9.0.304\Sdks\Microsoft.SourceLink.Bitbucket.Git\build\Microsoft.SourceLink.Bitbucket.Git.targets (13,5)
       C:\Program Files\dotnet\sdk\9.0.304\Sdks\Microsoft.NET.Sdk\targets\Microsoft.NET.DesignerSupport.targets(21,5): message : Property reassignment: $(DesignerRuntimeImplementationProjectOutputGroupDependsOn)="
       C:\Program Files\dotnet\sdk\9.0.304\Sdks\Microsoft.NET.Sdk\targets\Microsoft.NET.DesignerSupport.targets(21,5): message :       
       C:\Program Files\dotnet\sdk\9.0.304\Sdks\Microsoft.NET.Sdk\targets\Microsoft.NET.DesignerSupport.targets(21,5): message :       ;
       C:\Program Files\dotnet\sdk\9.0.304\Sdks\Microsoft.NET.Sdk\targets\Microsoft.NET.DesignerSupport.targets(21,5): message :       
       C:\Program Files\dotnet\sdk\9.0.304\Sdks\Microsoft.NET.Sdk\targets\Microsoft.NET.DesignerSupport.targets(21,5): message :       ;
       C:\Program Files\dotnet\sdk\9.0.304\Sdks\Microsoft.NET.Sdk\targets\Microsoft.NET.DesignerSupport.targets(21,5): message :       BuildOnlySettings;
       C:\Program Files\dotnet\sdk\9.0.304\Sdks\Microsoft.NET.Sdk\targets\Microsoft.NET.DesignerSupport.targets(21,5): message :       PrepareForBuild;
       C:\Program Files\dotnet\sdk\9.0.304\Sdks\Microsoft.NET.Sdk\targets\Microsoft.NET.DesignerSupport.targets(21,5): message :       AssignTargetPaths;
       C:\Program Files\dotnet\sdk\9.0.304\Sdks\Microsoft.NET.Sdk\targets\Microsoft.NET.DesignerSupport.targets(21,5): message :       ResolveReferences
       C:\Program Files\dotnet\sdk\9.0.304\Sdks\Microsoft.NET.Sdk\targets\Microsoft.NET.DesignerSupport.targets(21,5): message :     
       C:\Program Files\dotnet\sdk\9.0.304\Sdks\Microsoft.NET.Sdk\targets\Microsoft.NET.DesignerSupport.targets(21,5): message :     ;
       C:\Program Files\dotnet\sdk\9.0.304\Sdks\Microsoft.NET.Sdk\targets\Microsoft.NET.DesignerSupport.targets(21,5): message :       _GenerateDesignerDepsFile;
       C:\Program Files\dotnet\sdk\9.0.304\Sdks\Microsoft.NET.Sdk\targets\Microsoft.NET.DesignerSupport.targets(21,5): message :       _GenerateDesignerRuntimeConfigFile;
       C:\Program Files\dotnet\sdk\9.0.304\Sdks\Microsoft.NET.Sdk\targets\Microsoft.NET.DesignerSupport.targets(21,5): message :       GetCopyToOutputDirectoryItems;
       C:\Program Files\dotnet\sdk\9.0.304\Sdks\Microsoft.NET.Sdk\targets\Microsoft.NET.DesignerSupport.targets(21,5): message :       _GatherDesignerShadowCopyFiles;
       C:\Program Files\dotnet\sdk\9.0.304\Sdks\Microsoft.NET.Sdk\targets\Microsoft.NET.DesignerSupport.targets(21,5): message :     " (previous value: "
       C:\Program Files\dotnet\sdk\9.0.304\Sdks\Microsoft.NET.Sdk\targets\Microsoft.NET.DesignerSupport.targets(21,5): message :       ;
       C:\Program Files\dotnet\sdk\9.0.304\Sdks\Microsoft.NET.Sdk\targets\Microsoft.NET.DesignerSupport.targets(21,5): message :       
       C:\Program Files\dotnet\sdk\9.0.304\Sdks\Microsoft.NET.Sdk\targets\Microsoft.NET.DesignerSupport.targets(21,5): message :       ;
       C:\Program Files\dotnet\sdk\9.0.304\Sdks\Microsoft.NET.Sdk\targets\Microsoft.NET.DesignerSupport.targets(21,5): message :       BuildOnlySettings;
       C:\Program Files\dotnet\sdk\9.0.304\Sdks\Microsoft.NET.Sdk\targets\Microsoft.NET.DesignerSupport.targets(21,5): message :       PrepareForBuild;
       C:\Program Files\dotnet\sdk\9.0.304\Sdks\Microsoft.NET.Sdk\targets\Microsoft.NET.DesignerSupport.targets(21,5): message :       AssignTargetPaths;
       C:\Program Files\dotnet\sdk\9.0.304\Sdks\Microsoft.NET.Sdk\targets\Microsoft.NET.DesignerSupport.targets(21,5): message :       ResolveReferences
       C:\Program Files\dotnet\sdk\9.0.304\Sdks\Microsoft.NET.Sdk\targets\Microsoft.NET.DesignerSupport.targets(21,5): message :     
       C:\Program Files\dotnet\sdk\9.0.304\Sdks\Microsoft.NET.Sdk\targets\Microsoft.NET.DesignerSupport.targets(21,5): message :     ") at C:\Program Files\dotnet\sdk\9.0.304\Sdks\Microsoft.NET.Sdk\targets\Microsoft.NET.DesignerSupport.targets (21,5)
       C:\Program Files\dotnet\sdk\9.0.304\Sdks\Microsoft.NET.Sdk\targets\Microsoft.NET.PackTool.targets(68,5): message : Property reassignment: $(_GenerateToolsSettingsFileCacheFile)="D:\Ralph\SpareParts\src\SpareParts.Domain\obj\Debug\net8.0\SpareParts.Domain.toolssettingsinput.cache" (previous value: "obj\Debug\net8.0\SpareParts.Domain.toolssettingsinput.cache") at C:\Program Files\dotnet\sdk\9.0.304\Sdks\Microsoft.NET.Sdk\targets\Microsoft.NET.PackTool.targets (68,5)
       C:\Program Files\dotnet\sdk\9.0.304\Sdks\Microsoft.NET.Sdk\targets\Microsoft.NET.PackTool.targets(137,5): message : Property reassignment: $(_ShimInputCacheFile)="D:\Ralph\SpareParts\src\SpareParts.Domain\obj\Debug\net8.0\SpareParts.Domain.shiminput.cache" (previous value: "obj\Debug\net8.0\SpareParts.Domain.shiminput.cache") at C:\Program Files\dotnet\sdk\9.0.304\Sdks\Microsoft.NET.Sdk\targets\Microsoft.NET.PackTool.targets (137,5)
       C:\Program Files\dotnet\sdk\9.0.304\Sdks\Microsoft.NET.Sdk\targets\Microsoft.NET.PackTool.targets(139,5): message : Property reassignment: $(_ShimCreatedSentinelFile)="D:\Ralph\SpareParts\src\SpareParts.Domain\obj\Debug\net8.0\SpareParts.Domain.shimcreated.sentinel" (previous value: "obj\Debug\net8.0\SpareParts.Domain.shimcreated.sentinel") at C:\Program Files\dotnet\sdk\9.0.304\Sdks\Microsoft.NET.Sdk\targets\Microsoft.NET.PackTool.targets (139,5)
       C:\Program Files\dotnet\sdk\9.0.304\Sdks\Microsoft.NET.Sdk\targets\Microsoft.NET.Sdk.CSharp.targets(31,5): message : Property reassignment: $(DefineConstants)="TRACE;DEBUG" (previous value: "TRACE") at C:\Program Files\dotnet\sdk\9.0.304\Sdks\Microsoft.NET.Sdk\targets\Microsoft.NET.Sdk.CSharp.targets (31,5)
       C:\Program Files\dotnet\sdk\9.0.304\Sdks\Microsoft.NET.Sdk\targets\Microsoft.NET.Sdk.CSharp.targets(34,5): message : Property reassignment: $(DefineConstants)="TRACE;DEBUG;NET;NET8_0;NETCOREAPP" (previous value: "TRACE;DEBUG") at C:\Program Files\dotnet\sdk\9.0.304\Sdks\Microsoft.NET.Sdk\targets\Microsoft.NET.Sdk.CSharp.targets (34,5)
       C:\Program Files\dotnet\sdk\9.0.304\Sdks\Microsoft.NET.Sdk\targets\Microsoft.NET.Sdk.CSharp.targets(48,5): message : Property reassignment: $(WarningsAsErrors)=";NU1605;SYSLIB0011" (previous value: ";NU1605") at C:\Program Files\dotnet\sdk\9.0.304\Sdks\Microsoft.NET.Sdk\targets\Microsoft.NET.Sdk.CSharp.targets (48,5)
       C:\Program Files\dotnet\sdk\9.0.304\Sdks\NuGet.Build.Tasks.Pack\build\NuGet.Build.Tasks.Pack.targets(34,5): message : Property reassignment: $(PackageDescription)="Package Description" (previous value: "") at C:\Program Files\dotnet\sdk\9.0.304\Sdks\NuGet.Build.Tasks.Pack\build\NuGet.Build.Tasks.Pack.targets (34,5)
       C:\Program Files\dotnet\sdk\9.0.304\Sdks\NuGet.Build.Tasks.Pack\build\NuGet.Build.Tasks.Pack.targets(59,5): message : Property reassignment: $(GenerateNuspecDependsOn)="Build;_LoadPackInputItems; _GetTargetFrameworksOutput; _WalkEachTargetPerFramework; _GetPackageFiles; " (previous value: "_LoadPackInputItems; _GetTargetFrameworksOutput; _WalkEachTargetPerFramework; _GetPackageFiles; ") at C:\Program Files\dotnet\sdk\9.0.304\Sdks\NuGet.Build.Tasks.Pack\build\NuGet.Build.Tasks.Pack.targets (59,5)
       C:\Program Files\dotnet\sdk\9.0.304\Sdks\Microsoft.NET.Sdk\Sdk\Sdk.targets(60,5): message : Property reassignment: $(_IsNotSetContainersTargetsDir)="true" (previous value: "false") at C:\Program Files\dotnet\sdk\9.0.304\Sdks\Microsoft.NET.Sdk\Sdk\Sdk.targets (60,5)
       C:\Program Files\dotnet\sdk\9.0.304\Containers\build\Microsoft.NET.Build.Containers.targets(5,5): message : Property reassignment: $(_IsSDKContainerAllowedVersion)="true" (previous value: "false") at C:\Program Files\dotnet\sdk\9.0.304\Containers\build\Microsoft.NET.Build.Containers.targets (5,5)
       C:\Program Files\dotnet\sdk\9.0.304\Containers\build\Microsoft.NET.Build.Containers.targets(15,5): message : Property reassignment: $(_ContainerIsTargetingNet8TFM)="true" (previous value: "false") at C:\Program Files\dotnet\sdk\9.0.304\Containers\build\Microsoft.NET.Build.Containers.targets (15,5)
       Overriding target "ResolveFrameworkReferences" in project "C:\Program Files\dotnet\sdk\9.0.304\Microsoft.Common.CurrentVersion.targets" with target "ResolveFrameworkReferences" from project "C:\Program Files\dotnet\sdk\9.0.304\Sdks\Microsoft.NET.Sdk\targets\Microsoft.NET.Sdk.FrameworkReferenceResolution.targets".
       Overriding target "Run" in project "C:\Program Files\dotnet\sdk\9.0.304\Microsoft.Common.CurrentVersion.targets" with target "Run" from project "C:\Program Files\dotnet\sdk\9.0.304\Sdks\Microsoft.NET.Sdk\targets\Microsoft.NET.Sdk.targets".
       Overriding target "GenerateSupportedTargetFrameworkAlias" in project "C:\Program Files\dotnet\sdk\9.0.304\Microsoft.Common.CurrentVersion.targets" with target "GenerateSupportedTargetFrameworkAlias" from project "C:\Program Files\dotnet\sdk\9.0.304\Sdks\Microsoft.NET.Sdk\targets\Microsoft.NET.Sdk.targets".
       Overriding target "GetReferenceAssemblyPaths" in project "C:\Program Files\dotnet\sdk\9.0.304\Microsoft.Common.CurrentVersion.targets" with target "GetReferenceAssemblyPaths" from project "C:\Program Files\dotnet\sdk\9.0.304\Sdks\Microsoft.NET.Sdk\targets\Microsoft.NET.DisableStandardFrameworkResolution.targets".
       Overriding target "GetFrameworkPaths" in project "C:\Program Files\dotnet\sdk\9.0.304\Microsoft.Common.CurrentVersion.targets" with target "GetFrameworkPaths" from project "C:\Program Files\dotnet\sdk\9.0.304\Sdks\Microsoft.NET.Sdk\targets\Microsoft.NET.DisableStandardFrameworkResolution.targets".
       Overriding target "DesignerRuntimeImplementationProjectOutputGroup" in project "C:\Program Files\dotnet\sdk\9.0.304\Microsoft.Common.CurrentVersion.targets" with target "DesignerRuntimeImplementationProjectOutputGroup" from project "C:\Program Files\dotnet\sdk\9.0.304\Sdks\Microsoft.NET.Sdk\targets\Microsoft.NET.DesignerSupport.targets".
       Overriding target "Publish" in project "C:\Program Files\dotnet\sdk\9.0.304\Microsoft.Common.CurrentVersion.targets" with target "Publish" from project "C:\Program Files\dotnet\sdk\9.0.304\Sdks\Microsoft.NET.Sdk\targets\Microsoft.NET.Publish.targets".
       Overriding target "ResolveReadyToRunCompilers" in project "C:\Program Files\dotnet\sdk\9.0.304\Sdks\Microsoft.NET.Sdk\targets\Microsoft.NET.CrossGen.targets" with target "ResolveReadyToRunCompilers" from project "C:\Program Files\dotnet\sdk\9.0.304\Sdks\Microsoft.NET.Sdk\targets\Microsoft.NET.Publish.targets".
       Overriding target "GetCopyToPublishDirectoryItems" in project "C:\Program Files\dotnet\sdk\9.0.304\Microsoft.Common.CurrentVersion.targets" with target "GetCopyToPublishDirectoryItems" from project "C:\Program Files\dotnet\sdk\9.0.304\Sdks\Microsoft.NET.Sdk\targets\Microsoft.NET.Publish.targets".
     1>Project "D:\Ralph\SpareParts\src\SpareParts.Api\SpareParts.Api.csproj" (1) is building "D:\Ralph\SpareParts\src\SpareParts.Domain\SpareParts.Domain.csproj" (3) on node 1 (GetTargetFrameworks target(s)).
     3>Target "GetTargetFrameworksWithPlatformForSingleTargetFramework" in file "C:\Program Files\dotnet\sdk\9.0.304\Microsoft.Common.CurrentVersion.targets" from project "D:\Ralph\SpareParts\src\SpareParts.Domain\SpareParts.Domain.csproj" (target "GetTargetFrameworks" depends on it):
     3>Added Item(s): 
    _AdditionalTargetFrameworkInfoPropertyWithValue=
        SelfContained
                Value=
       Added Item(s): 
           _AdditionalTargetFrameworkInfoPropertyWithValue=
               _IsExecutable
                       Value=
       Added Item(s): 
           _AdditionalTargetFrameworkInfoPropertyWithValue=
               IsRidAgnostic
                       Value=true
       Added Item(s): 
           _AdditionalTargetFrameworkInfoPropertyWithValue=
               ShouldBeValidatedAsExecutableReference
                       Value=
       Added Item(s): 
           _AdditionalTargetFrameworkInfoPropertyWithValue=
               _SelfContainedWasSpecified
                       Value=
       Task "CombineTargetFrameworkInfoProperties"
         Task Parameter:
             PropertiesAndValues=
                 SelfContained
                         Value=
                 _IsExecutable
                         Value=
                 IsRidAgnostic
                         Value=true
                 ShouldBeValidatedAsExecutableReference
                         Value=
                 _SelfContainedWasSpecified
                         Value=
         Task Parameter:UseAttributeForTargetFrameworkInfoPropertyNames=True
         Task Parameter:RootElementName=net8.0
         Output Property: _AdditionalTargetFrameworkInfoProperties=<TargetFramework Name="net8.0">
           <SelfContained></SelfContained>
           <_IsExecutable></_IsExecutable>
           <IsRidAgnostic>true</IsRidAgnostic>
           <ShouldBeValidatedAsExecutableReference></ShouldBeValidatedAsExecutableReference>
           <_SelfContainedWasSpecified></_SelfContainedWasSpecified>
         </TargetFramework>
       Done executing task "CombineTargetFrameworkInfoProperties".
       Added Item(s): 
           _TargetFrameworkInfo=
               net8.0
                       AdditionalPropertiesFromProject=<TargetFramework Name="net8.0">
         <SelfContained></SelfContained>
         <_IsExecutable></_IsExecutable>
         <IsRidAgnostic>true</IsRidAgnostic>
         <ShouldBeValidatedAsExecutableReference></ShouldBeValidatedAsExecutableReference>
         <_SelfContainedWasSpecified></_SelfContainedWasSpecified>
       </TargetFramework>
                       IsRidAgnostic=true
                       TargetFrameworkMonikers=.NETCoreApp,Version=v8.0
                       TargetFrameworks=net8.0
                       TargetPlatformMonikers=None
     3>Done building target "GetTargetFrameworksWithPlatformForSingleTargetFramework" in project "SpareParts.Domain.csproj".
     3>Target "GetTargetFrameworks" in file "C:\Program Files\dotnet\sdk\9.0.304\Microsoft.Common.CurrentVersion.targets" from project "D:\Ralph\SpareParts\src\SpareParts.Domain\SpareParts.Domain.csproj" (entry point):
       Task "MSBuildInternalMessage" skipped, due to false condition; ('$(IsCrossTargetingBuild)' == 'true') was evaluated as ('' == 'true').
       Task "CombineXmlElements"
         Task Parameter:
             XmlElements=
                 <TargetFramework Name="net8.0">
           <SelfContained></SelfContained>
           <_IsExecutable></_IsExecutable>
           <IsRidAgnostic>true</IsRidAgnostic>
           <ShouldBeValidatedAsExecutableReference></ShouldBeValidatedAsExecutableReference>
           <_SelfContainedWasSpecified></_SelfContainedWasSpecified>
         </TargetFramework>
                         AdditionalPropertiesFromProject=<TargetFramework Name="net8.0">
           <SelfContained></SelfContained>
           <_IsExecutable></_IsExecutable>
           <IsRidAgnostic>true</IsRidAgnostic>
           <ShouldBeValidatedAsExecutableReference></ShouldBeValidatedAsExecutableReference>
           <_SelfContainedWasSpecified></_SelfContainedWasSpecified>
         </TargetFramework>
                         IsRidAgnostic=true
                         TargetFrameworkMonikers=.NETCoreApp,Version=v8.0
                         TargetFrameworks=net8.0
                         TargetPlatformMonikers=None
         Task Parameter:RootElementName=AdditionalProjectProperties
         Output Property: _AdditionalPropertiesFromProject=<AdditionalProjectProperties>
           <TargetFramework Name="net8.0">
             <SelfContained></SelfContained>
             <_IsExecutable></_IsExecutable>
             <IsRidAgnostic>true</IsRidAgnostic>
             <ShouldBeValidatedAsExecutableReference></ShouldBeValidatedAsExecutableReference>
             <_SelfContainedWasSpecified></_SelfContainedWasSpecified>
           </TargetFramework>
         </AdditionalProjectProperties>
       Done executing task "CombineXmlElements".
       Added Item(s): 
           _ThisProjectBuildMetadata=
               D:\Ralph\SpareParts\src\SpareParts.Domain\SpareParts.Domain.csproj
                       AdditionalPropertiesFromProject=<AdditionalProjectProperties>
         <TargetFramework Name="net8.0">
           <SelfContained></SelfContained>
           <_IsExecutable></_IsExecutable>
           <IsRidAgnostic>true</IsRidAgnostic>
           <ShouldBeValidatedAsExecutableReference></ShouldBeValidatedAsExecutableReference>
           <_SelfContainedWasSpecified></_SelfContainedWasSpecified>
         </TargetFramework>
       </AdditionalProjectProperties>
                       HasSingleTargetFramework=true
                       IsRidAgnostic=true
                       Platform=AnyCPU
                       Platforms=AnyCPU
                       TargetFrameworkMonikers=.NETCoreApp,Version=v8.0
                       TargetFrameworks=net8.0
                       TargetPlatformMonikers=None
     3>Done building target "GetTargetFrameworks" in project "SpareParts.Domain.csproj".
     3>Done Building Project "D:\Ralph\SpareParts\src\SpareParts.Domain\SpareParts.Domain.csproj" (GetTargetFrameworks target(s)).
     1>Done executing task "MSBuild" -- FAILED.
     1>Done building target "_GetProjectReferenceTargetFrameworkProperties" in project "SpareParts.Api.csproj" -- FAILED.
     1>Done Building Project "D:\Ralph\SpareParts\src\SpareParts.Api\SpareParts.Api.csproj" (default targets) -- FAILED.

Build FAILED.
    0 Warning(s)
    0 Error(s)

Time Elapsed 00:00:03.52
